variant_protein	variant_info	DomainProteinID	DomainFeature	DomainNote	biological_process/disease	chain	pmid	clinvar_match	#AlleleID	Type	Name	RS# (dbSNP)	disease_1	significance_1	star_1	disease_2	significance_2	star_2	disease_3	significance_3	star_3	disease_4	significance_4	star_4	disease_5	significance_5	star_5	disease_6	significance_6	star_6	disease_7	significance_7	star_7	disease_8	significance_8	star_8	disease_9	significance_9	star_9	disease_10	significance_10	star_10
ALKBH5	M6A	ALKB5_HUMAN	CHAIN;REGION	RNA demethylase ALKBH5;Disordered	DNA Damage	ALKBH5 -[Dephosphorylation]-> CHEK1 -[Inhibition]-> Radiation, Ionizing -[Activation]-> DNA Damage	33375621	0																																		
ALKBH5	M6A	ALKB5_HUMAN	CHAIN;REGION	RNA demethylase ALKBH5;Disordered	DNA damage checkpoint	ALKBH5 -[Activation]-> DNA damage checkpoint	33375621	0																																		
ALKBH5	M6A	ALKB5_HUMAN	CHAIN;REGION	RNA demethylase ALKBH5;Disordered	DNA repair	ALKBH5 -[Dephosphorylation]-> CHEK1 -[Activation]-> DNA repair	33375621	0																																		
ALKBH5	M6A	ALKB5_HUMAN	CHAIN;REGION	RNA demethylase ALKBH5;Disordered	Neoplasm Invasiveness	ALKBH5 -[Activation]-> Neoplasm Invasiveness	33375621	0																																		
ALKBH5	M6A	ALKB5_HUMAN	CHAIN;REGION	RNA demethylase ALKBH5;Disordered	Neoplasm Metastasis	ALKBH5 -[Inhibition]-> Neoplasm Metastasis	33375621	0																																		
ALKBH5	M6A	ALKB5_HUMAN	CHAIN;REGION	RNA demethylase ALKBH5;Disordered	Radiation, Ionizing	ALKBH5 -[Dephosphorylation]-> CHEK1 -[Inhibition]-> Radiation, Ionizing	33375621	0																																		
ALKBH5	M6A	ALKB5_HUMAN	CHAIN;REGION	RNA demethylase ALKBH5;Disordered	cell population proliferation	ALKBH5 -[Activation]-> cell population proliferation	33375621	0																																		
