variant_protein	variant_info	DomainProteinID	DomainFeature	DomainNote	biological_process/disease	chain	pmid	clinvar_match	#AlleleID	Type	Name	RS# (dbSNP)	disease_1	significance_1	star_1	disease_2	significance_2	star_2	disease_3	significance_3	star_3	disease_4	significance_4	star_4	disease_5	significance_5	star_5	disease_6	significance_6	star_6	disease_7	significance_7	star_7	disease_8	significance_8	star_8	disease_9	significance_9	star_9	disease_10	significance_10	star_10
APLN	F13A				Heart Failure	APLN -[Activation]-> Heart Failure	22646153	0																																		
APLN	F13A				Insulin Resistance	APLN -[Complex]-> Insulin Resistance	22646153	0																																		
APLN	F13A				Renin-Angiotensin System	APLN -[Complex]-> Renin-Angiotensin System	22646153	0																																		
APLN	F13A				cell population proliferation	APLN -[Activation]-> cell population proliferation	23557907	0																																		
APLN	F13A				inflammatory response	APLN -[Activation]-> inflammatory response	22646153	0																																		
APLN	K17F				homeostatic process	APLN -[Activation]-> homeostatic process	28620355	0																																		
