variant_protein	variant_info	DomainProteinID	DomainFeature	DomainNote	biological_process/disease	chain	pmid	clinvar_match	#AlleleID	Type	Name	RS# (dbSNP)	disease_1	significance_1	star_1	disease_2	significance_2	star_2	disease_3	significance_3	star_3	disease_4	significance_4	star_4	disease_5	significance_5	star_5	disease_6	significance_6	star_6	disease_7	significance_7	star_7	disease_8	significance_8	star_8	disease_9	significance_9	star_9	disease_10	significance_10	star_10
APP	A673T	A4_HUMAN	CHAIN;CHAIN;CHAIN;CHAIN;CHAIN	Amyloid-beta precursor protein;Soluble APP-alpha;C99;Amyloid-beta protein 42;Amyloid-beta protein 40	Alzheimer Disease	APP -[Activation]-> Alzheimer Disease	25621019	1	45806	single nucleotide variant	NM_000484.4(APP):c.2017G>A (p.Ala673Thr)	63750847	Alzheimer disease, protection against	Benign	1.0	Alzheimer disease			not provided																							
APP	A673T	A4_HUMAN	CHAIN;CHAIN;CHAIN;CHAIN;CHAIN	Amyloid-beta precursor protein;Soluble APP-alpha;C99;Amyloid-beta protein 42;Amyloid-beta protein 40	Alzheimer Disease	APP -[Activation]-> Alzheimer Disease	29027981	1	45806	single nucleotide variant	NM_000484.4(APP):c.2017G>A (p.Ala673Thr)	63750847	Alzheimer disease, protection against	Benign	1.0	Alzheimer disease			not provided																							
APP	A673T	A4_HUMAN	CHAIN;CHAIN;CHAIN;CHAIN;CHAIN	Amyloid-beta precursor protein;Soluble APP-alpha;C99;Amyloid-beta protein 42;Amyloid-beta protein 40	Alzheimer Disease	APP -[Inhibition]-> Alzheimer Disease	28768718	1	45806	single nucleotide variant	NM_000484.4(APP):c.2017G>A (p.Ala673Thr)	63750847	Alzheimer disease, protection against	Benign	1.0	Alzheimer disease			not provided																							
APP	A673T	A4_HUMAN	CHAIN;CHAIN;CHAIN;CHAIN;CHAIN	Amyloid-beta precursor protein;Soluble APP-alpha;C99;Amyloid-beta protein 42;Amyloid-beta protein 40	CAPN	APP -[Activation]-> CAPN	28768718	1	45806	single nucleotide variant	NM_000484.4(APP):c.2017G>A (p.Ala673Thr)	63750847	Alzheimer disease, protection against	Benign	1.0	Alzheimer disease			not provided																							
APP	A673T	A4_HUMAN	CHAIN;CHAIN;CHAIN;CHAIN;CHAIN	Amyloid-beta precursor protein;Soluble APP-alpha;C99;Amyloid-beta protein 42;Amyloid-beta protein 40	axonal transport	APP -[Inhibition]-> axonal transport	34663629	1	45806	single nucleotide variant	NM_000484.4(APP):c.2017G>A (p.Ala673Thr)	63750847	Alzheimer disease, protection against	Benign	1.0	Alzheimer disease			not provided																							
APP	A673V	A4_HUMAN	CHAIN;CHAIN;CHAIN;CHAIN;CHAIN	Amyloid-beta precursor protein;Soluble APP-alpha;C99;Amyloid-beta protein 42;Amyloid-beta protein 40	Alzheimer Disease	APP -[Activation]-> Alzheimer Disease	24991952	1	33145	single nucleotide variant	NM_000484.4(APP):c.2018C>T (p.Ala673Val)	193922916	Alzheimer disease	Pathogenic	0.0																											
APP	D694N	A4_HUMAN	CHAIN;CHAIN;CHAIN;CHAIN;CHAIN;CHAIN	Amyloid-beta precursor protein;C99;Amyloid-beta protein 42;Amyloid-beta protein 40;C83;C80	Alzheimer Disease	APP -[Activation]-> Alzheimer Disease	23375565	1	33140	single nucleotide variant	NM_000484.4(APP):c.2080G>A (p.Asp694Asn)	63749810	ABeta amyloidosis, Iowa type	Pathogenic	2.0	not provided			Alzheimer disease																							
APP	E682K	A4_HUMAN	CHAIN;CHAIN;CHAIN;CHAIN;CHAIN	Amyloid-beta precursor protein;Soluble APP-alpha;C99;Amyloid-beta protein 42;Amyloid-beta protein 40	proteolysis	APP -[Inhibition]-> proteolysis	31351091	0																																		
APP	I716F	A4_HUMAN	CHAIN;CHAIN;CHAIN;CHAIN;CHAIN;CHAIN;REGION	Amyloid-beta precursor protein;C99;C83;C80;Gamma-secretase C-terminal fragment 59;Gamma-secretase C-terminal fragment 57;Interaction with PSEN1	Alzheimer Disease	APP -[Activation]-> Alzheimer Disease	19281847	1	2476871	single nucleotide variant	NM_000484.4(APP):c.2146A>T (p.Ile716Phe)	-1	not provided	Pathogenic	2.0	Alzheimer disease																										
APP	I716F	A4_HUMAN	CHAIN;CHAIN;CHAIN;CHAIN;CHAIN;CHAIN;REGION	Amyloid-beta precursor protein;C99;C83;C80;Gamma-secretase C-terminal fragment 59;Gamma-secretase C-terminal fragment 57;Interaction with PSEN1	Autosomal dominant inheritance	APP -[Complex]-> Autosomal dominant inheritance	24117942	1	2476871	single nucleotide variant	NM_000484.4(APP):c.2146A>T (p.Ile716Phe)	-1	not provided	Pathogenic	2.0	Alzheimer disease																										
APP	K595N	A4_HUMAN	CHAIN;CHAIN;CHAIN	Amyloid-beta precursor protein;Soluble APP-alpha;Soluble APP-beta	Neurotoxicity Syndromes	APP -[Activation]-> Neurotoxicity Syndromes	23516100	0																																		
APP	K595N	A4_HUMAN	CHAIN;CHAIN;CHAIN	Amyloid-beta precursor protein;Soluble APP-alpha;Soluble APP-beta	Plaque, Amyloid	APP -[Activation]-> Plaque, Amyloid	23516100	0																																		
APP	K670N	A4_HUMAN	CHAIN;CHAIN;CHAIN	Amyloid-beta precursor protein;Soluble APP-alpha;Soluble APP-beta	Alzheimer Disease	APP -[Inhibition]-> Alzheimer Disease	28768718	0																																		
APP	K670N	A4_HUMAN	CHAIN;CHAIN;CHAIN	Amyloid-beta precursor protein;Soluble APP-alpha;Soluble APP-beta	CAPN	APP -[Activation]-> CAPN	28768718	0																																		
APP	K670N	A4_HUMAN	CHAIN;CHAIN;CHAIN	Amyloid-beta precursor protein;Soluble APP-alpha;Soluble APP-beta	Cell Polarity	APP -[Activation]-> Wnt -[Complex]-> Cell Polarity	30232325	0																																		
APP	K670N	A4_HUMAN	CHAIN;CHAIN;CHAIN	Amyloid-beta precursor protein;Soluble APP-alpha;Soluble APP-beta	Plaque, Amyloid	APP -[Activation]-> Plaque, Amyloid	11230871	0																																		
APP	K670N	A4_HUMAN	CHAIN;CHAIN;CHAIN	Amyloid-beta precursor protein;Soluble APP-alpha;Soluble APP-beta	Wnt signaling pathway, planar cell polarity pathway	APP -[Activation]-> DKK1 -[Activation]-> Wnt signaling pathway, planar cell polarity pathway	30232325	0																																		
APP	K670N	A4_HUMAN	CHAIN;CHAIN;CHAIN	Amyloid-beta precursor protein;Soluble APP-alpha;Soluble APP-beta	amyloid-beta formation	APP -[Activation]-> DKK1 -[Activation]-> amyloid-beta formation	30232325	0																																		
APP	K670N	A4_HUMAN	CHAIN;CHAIN;CHAIN	Amyloid-beta precursor protein;Soluble APP-alpha;Soluble APP-beta	canonical Wnt signaling pathway	APP -[Inhibition]-> canonical Wnt signaling pathway	30232325	0																																		
APP	K670N	A4_HUMAN	CHAIN;CHAIN;CHAIN	Amyloid-beta precursor protein;Soluble APP-alpha;Soluble APP-beta	coreceptor activity	APP -[Complex]-> LRP6 -[Complex]-> coreceptor activity	30232325	0																																		
APP	K670N	A4_HUMAN	CHAIN;CHAIN;CHAIN	Amyloid-beta precursor protein;Soluble APP-alpha;Soluble APP-beta	non-canonical Wnt signaling pathway	APP -[Activation]-> non-canonical Wnt signaling pathway	30232325	0																																		
APP	L723P	A4_HUMAN	CHAIN;CHAIN;CHAIN;CHAIN;CHAIN;CHAIN;CHAIN	Amyloid-beta precursor protein;C99;C83;C80;Gamma-secretase C-terminal fragment 59;Gamma-secretase C-terminal fragment 57;Gamma-secretase C-terminal fragment 50	apoptotic process	APP -[Activation]-> apoptotic process	11409035	1	104133	single nucleotide variant	NM_000484.4(APP):c.2168T>C (p.Leu723Pro)	63751122	not provided	not provided	0.0																											
APP	L723P	A4_HUMAN	CHAIN;CHAIN;CHAIN;CHAIN;CHAIN;CHAIN;CHAIN	Amyloid-beta precursor protein;C99;C83;C80;Gamma-secretase C-terminal fragment 59;Gamma-secretase C-terminal fragment 57;Gamma-secretase C-terminal fragment 50	apoptotic process	APP -[Inhibition]-> apoptotic process	10665499	1	104133	single nucleotide variant	NM_000484.4(APP):c.2168T>C (p.Leu723Pro)	63751122	not provided	not provided	0.0																											
APP	L723P	A4_HUMAN	CHAIN;CHAIN;CHAIN;CHAIN;CHAIN;CHAIN;CHAIN	Amyloid-beta precursor protein;C99;C83;C80;Gamma-secretase C-terminal fragment 59;Gamma-secretase C-terminal fragment 57;Gamma-secretase C-terminal fragment 50	cell adhesion	APP -[Activation]-> cell adhesion	11409035	1	104133	single nucleotide variant	NM_000484.4(APP):c.2168T>C (p.Leu723Pro)	63751122	not provided	not provided	0.0																											
APP	M17G				Neoplasm Invasiveness	APP -[Inhibition]-> Neoplasm Invasiveness	26957636	0																																		
APP	M17G				Neoplasm Metastasis	APP -[Inhibition]-> mesotrypsin -[Activation]-> Neoplasm Metastasis	26957636	0																																		
APP	M596I	A4_HUMAN	CHAIN;CHAIN;CHAIN	Amyloid-beta precursor protein;Soluble APP-alpha;Soluble APP-beta	Alzheimer Disease	APP -[Activation]-> Alzheimer Disease	21368865	0																																		
APP	M596I	A4_HUMAN	CHAIN;CHAIN;CHAIN	Amyloid-beta precursor protein;Soluble APP-alpha;Soluble APP-beta	apoptotic process	APP -[Activation]-> apoptotic process	21368865	0																																		
APP	M596I	A4_HUMAN	CHAIN;CHAIN;CHAIN	Amyloid-beta precursor protein;Soluble APP-alpha;Soluble APP-beta	cell death	APP -[Activation]-> cell death	21368865	0																																		
APP	M596I	A4_HUMAN	CHAIN;CHAIN;CHAIN	Amyloid-beta precursor protein;Soluble APP-alpha;Soluble APP-beta	transport	APP -[Activation]-> transport	21368865	0																																		
APP	M596L	A4_HUMAN	CHAIN;CHAIN;CHAIN	Amyloid-beta precursor protein;Soluble APP-alpha;Soluble APP-beta	Neurotoxicity Syndromes	APP -[Activation]-> Neurotoxicity Syndromes	23516100	0																																		
APP	M596L	A4_HUMAN	CHAIN;CHAIN;CHAIN	Amyloid-beta precursor protein;Soluble APP-alpha;Soluble APP-beta	Plaque, Amyloid	APP -[Activation]-> Plaque, Amyloid	23516100	0																																		
APP	M671L	A4_HUMAN	CHAIN;CHAIN;CHAIN	Amyloid-beta precursor protein;Soluble APP-alpha;Soluble APP-beta	Cell Polarity	APP -[Activation]-> Wnt -[Complex]-> Cell Polarity	30232325	1	1305349	single nucleotide variant	NM_000484.4(APP):c.2011A>T (p.Met671Leu)	572842823	not provided	Uncertain significance	1.0																											
APP	M671L	A4_HUMAN	CHAIN;CHAIN;CHAIN	Amyloid-beta precursor protein;Soluble APP-alpha;Soluble APP-beta	Plaque, Amyloid	APP -[Activation]-> Plaque, Amyloid	11230871	1	1305349	single nucleotide variant	NM_000484.4(APP):c.2011A>T (p.Met671Leu)	572842823	not provided	Uncertain significance	1.0																											
APP	M671L	A4_HUMAN	CHAIN;CHAIN;CHAIN	Amyloid-beta precursor protein;Soluble APP-alpha;Soluble APP-beta	Wnt signaling pathway, planar cell polarity pathway	APP -[Activation]-> DKK1 -[Activation]-> Wnt signaling pathway, planar cell polarity pathway	30232325	1	1305349	single nucleotide variant	NM_000484.4(APP):c.2011A>T (p.Met671Leu)	572842823	not provided	Uncertain significance	1.0																											
APP	M671L	A4_HUMAN	CHAIN;CHAIN;CHAIN	Amyloid-beta precursor protein;Soluble APP-alpha;Soluble APP-beta	amyloid-beta formation	APP -[Activation]-> DKK1 -[Activation]-> amyloid-beta formation	30232325	1	1305349	single nucleotide variant	NM_000484.4(APP):c.2011A>T (p.Met671Leu)	572842823	not provided	Uncertain significance	1.0																											
APP	M671L	A4_HUMAN	CHAIN;CHAIN;CHAIN	Amyloid-beta precursor protein;Soluble APP-alpha;Soluble APP-beta	canonical Wnt signaling pathway	APP -[Inhibition]-> canonical Wnt signaling pathway	30232325	1	1305349	single nucleotide variant	NM_000484.4(APP):c.2011A>T (p.Met671Leu)	572842823	not provided	Uncertain significance	1.0																											
APP	M671L	A4_HUMAN	CHAIN;CHAIN;CHAIN	Amyloid-beta precursor protein;Soluble APP-alpha;Soluble APP-beta	coreceptor activity	APP -[Complex]-> LRP6 -[Complex]-> coreceptor activity	30232325	1	1305349	single nucleotide variant	NM_000484.4(APP):c.2011A>T (p.Met671Leu)	572842823	not provided	Uncertain significance	1.0																											
APP	M671L	A4_HUMAN	CHAIN;CHAIN;CHAIN	Amyloid-beta precursor protein;Soluble APP-alpha;Soluble APP-beta	non-canonical Wnt signaling pathway	APP -[Activation]-> non-canonical Wnt signaling pathway	30232325	1	1305349	single nucleotide variant	NM_000484.4(APP):c.2011A>T (p.Met671Leu)	572842823	not provided	Uncertain significance	1.0																											
APP	M671V	A4_HUMAN	CHAIN;CHAIN;CHAIN	Amyloid-beta precursor protein;Soluble APP-alpha;Soluble APP-beta	cell differentiation	APP -[Activation]-> cell differentiation	20451588	0																																		
APP	M722K	A4_HUMAN	CHAIN;CHAIN;CHAIN;CHAIN;CHAIN;CHAIN;CHAIN;REGION	Amyloid-beta precursor protein;C99;C83;C80;Gamma-secretase C-terminal fragment 59;Gamma-secretase C-terminal fragment 57;Gamma-secretase C-terminal fragment 50;Interaction with PSEN1	Alzheimer Disease	APP -[Activation]-> Alzheimer Disease	32767553	0																																		
APP	T668E	A4_HUMAN	CHAIN;CHAIN;CHAIN	Amyloid-beta precursor protein;Soluble APP-alpha;Soluble APP-beta	transport	APP -[Activation]-> transport	16301330	0																																		
APP	V642I	A4_HUMAN	CHAIN;CHAIN;CHAIN	Amyloid-beta precursor protein;Soluble APP-alpha;Soluble APP-beta	Death	APP -[Activation]-> Death	28592211	0																																		
APP	V642I	A4_HUMAN	CHAIN;CHAIN;CHAIN	Amyloid-beta precursor protein;Soluble APP-alpha;Soluble APP-beta	apoptotic process	APP -[Activation]-> apoptotic process	17611268	0																																		
APP	V642I	A4_HUMAN	CHAIN;CHAIN;CHAIN	Amyloid-beta precursor protein;Soluble APP-alpha;Soluble APP-beta	apoptotic process	APP -[Inhibition]-> apoptotic process	14557245	0																																		
APP	V715F	A4_HUMAN	CHAIN;CHAIN;CHAIN;CHAIN;CHAIN;CHAIN;REGION	Amyloid-beta precursor protein;C99;C83;C80;Gamma-secretase C-terminal fragment 59;Gamma-secretase C-terminal fragment 57;Interaction with PSEN1	transport	APP -[Activation]-> transport	21310068	0																																		
APP	V717F	A4_HUMAN	CHAIN;CHAIN;CHAIN;CHAIN;CHAIN;CHAIN;REGION	Amyloid-beta precursor protein;C99;C83;C80;Gamma-secretase C-terminal fragment 59;Gamma-secretase C-terminal fragment 57;Interaction with PSEN1	Alzheimer Disease	APP -[Activation]-> Alzheimer Disease	12450704	1	33128	single nucleotide variant	NM_000484.4(APP):c.2149G>T (p.Val717Phe)	63750264	Alzheimer disease type 1	Pathogenic	2.0	Alzheimer disease			not provided																							
APP	V717I	A4_HUMAN	CHAIN;CHAIN;CHAIN;CHAIN;CHAIN;CHAIN;REGION	Amyloid-beta precursor protein;C99;C83;C80;Gamma-secretase C-terminal fragment 59;Gamma-secretase C-terminal fragment 57;Interaction with PSEN1	Alzheimer Disease	APP -[Activation]-> Alzheimer Disease	19281847	1	33127	single nucleotide variant	NM_000484.4(APP):c.2149G>A (p.Val717Ile)	63750264	Alzheimer disease type 1	Pathogenic	2.0	Alzheimer disease			not provided			Cerebral amyloid angiopathy, APP-related																				
APP	V717I	A4_HUMAN	CHAIN;CHAIN;CHAIN;CHAIN;CHAIN;CHAIN;REGION	Amyloid-beta precursor protein;C99;C83;C80;Gamma-secretase C-terminal fragment 59;Gamma-secretase C-terminal fragment 57;Interaction with PSEN1	Alzheimer Disease	APP -[Activation]-> Alzheimer Disease	21368865	1	33127	single nucleotide variant	NM_000484.4(APP):c.2149G>A (p.Val717Ile)	63750264	Alzheimer disease type 1	Pathogenic	2.0	Alzheimer disease			not provided			Cerebral amyloid angiopathy, APP-related																				
APP	V717I	A4_HUMAN	CHAIN;CHAIN;CHAIN;CHAIN;CHAIN;CHAIN;REGION	Amyloid-beta precursor protein;C99;C83;C80;Gamma-secretase C-terminal fragment 59;Gamma-secretase C-terminal fragment 57;Interaction with PSEN1	Alzheimer Disease	APP -[Activation]-> Alzheimer Disease	32235595	1	33127	single nucleotide variant	NM_000484.4(APP):c.2149G>A (p.Val717Ile)	63750264	Alzheimer disease type 1	Pathogenic	2.0	Alzheimer disease			not provided			Cerebral amyloid angiopathy, APP-related																				
APP	V717I	A4_HUMAN	CHAIN;CHAIN;CHAIN;CHAIN;CHAIN;CHAIN;REGION	Amyloid-beta precursor protein;C99;C83;C80;Gamma-secretase C-terminal fragment 59;Gamma-secretase C-terminal fragment 57;Interaction with PSEN1	Alzheimer Disease	APP -[Activation]-> Alzheimer Disease	33582567	1	33127	single nucleotide variant	NM_000484.4(APP):c.2149G>A (p.Val717Ile)	63750264	Alzheimer disease type 1	Pathogenic	2.0	Alzheimer disease			not provided			Cerebral amyloid angiopathy, APP-related																				
APP	V717I	A4_HUMAN	CHAIN;CHAIN;CHAIN;CHAIN;CHAIN;CHAIN;REGION	Amyloid-beta precursor protein;C99;C83;C80;Gamma-secretase C-terminal fragment 59;Gamma-secretase C-terminal fragment 57;Interaction with PSEN1	Alzheimer Disease	APP -[Complex]-> Alzheimer Disease	25921538	1	33127	single nucleotide variant	NM_000484.4(APP):c.2149G>A (p.Val717Ile)	63750264	Alzheimer disease type 1	Pathogenic	2.0	Alzheimer disease			not provided			Cerebral amyloid angiopathy, APP-related																				
APP	V717I	A4_HUMAN	CHAIN;CHAIN;CHAIN;CHAIN;CHAIN;CHAIN;REGION	Amyloid-beta precursor protein;C99;C83;C80;Gamma-secretase C-terminal fragment 59;Gamma-secretase C-terminal fragment 57;Interaction with PSEN1	CAPN	"APP -[IncreaseAmount]-> Abeta
 42  peptides -[Activation]-> CAPN"	22792491	1	33127	single nucleotide variant	NM_000484.4(APP):c.2149G>A (p.Val717Ile)	63750264	Alzheimer disease type 1	Pathogenic	2.0	Alzheimer disease			not provided			Cerebral amyloid angiopathy, APP-related																				
APP	V717I	A4_HUMAN	CHAIN;CHAIN;CHAIN;CHAIN;CHAIN;CHAIN;REGION	Amyloid-beta precursor protein;C99;C83;C80;Gamma-secretase C-terminal fragment 59;Gamma-secretase C-terminal fragment 57;Interaction with PSEN1	Death	APP -[Activation]-> Death	30029164	1	33127	single nucleotide variant	NM_000484.4(APP):c.2149G>A (p.Val717Ile)	63750264	Alzheimer disease type 1	Pathogenic	2.0	Alzheimer disease			not provided			Cerebral amyloid angiopathy, APP-related																				
APP	V717I	A4_HUMAN	CHAIN;CHAIN;CHAIN;CHAIN;CHAIN;CHAIN;REGION	Amyloid-beta precursor protein;C99;C83;C80;Gamma-secretase C-terminal fragment 59;Gamma-secretase C-terminal fragment 57;Interaction with PSEN1	Endoplasmic Reticulum Stress	APP -[Activation]-> Alzheimer Disease -[Activation]-> Endoplasmic Reticulum Stress	33582567	1	33127	single nucleotide variant	NM_000484.4(APP):c.2149G>A (p.Val717Ile)	63750264	Alzheimer disease type 1	Pathogenic	2.0	Alzheimer disease			not provided			Cerebral amyloid angiopathy, APP-related																				
APP	V717I	A4_HUMAN	CHAIN;CHAIN;CHAIN;CHAIN;CHAIN;CHAIN;REGION	Amyloid-beta precursor protein;C99;C83;C80;Gamma-secretase C-terminal fragment 59;Gamma-secretase C-terminal fragment 57;Interaction with PSEN1	apoptotic process	APP -[Activation]-> apoptotic process	21368865	1	33127	single nucleotide variant	NM_000484.4(APP):c.2149G>A (p.Val717Ile)	63750264	Alzheimer disease type 1	Pathogenic	2.0	Alzheimer disease			not provided			Cerebral amyloid angiopathy, APP-related																				
APP	V717I	A4_HUMAN	CHAIN;CHAIN;CHAIN;CHAIN;CHAIN;CHAIN;REGION	Amyloid-beta precursor protein;C99;C83;C80;Gamma-secretase C-terminal fragment 59;Gamma-secretase C-terminal fragment 57;Interaction with PSEN1	cell death	APP -[Activation]-> cell death	21368865	1	33127	single nucleotide variant	NM_000484.4(APP):c.2149G>A (p.Val717Ile)	63750264	Alzheimer disease type 1	Pathogenic	2.0	Alzheimer disease			not provided			Cerebral amyloid angiopathy, APP-related																				
APP	V717I	A4_HUMAN	CHAIN;CHAIN;CHAIN;CHAIN;CHAIN;CHAIN;REGION	Amyloid-beta precursor protein;C99;C83;C80;Gamma-secretase C-terminal fragment 59;Gamma-secretase C-terminal fragment 57;Interaction with PSEN1	endocytosis	APP -[Activation]-> endocytosis	22792491	1	33127	single nucleotide variant	NM_000484.4(APP):c.2149G>A (p.Val717Ile)	63750264	Alzheimer disease type 1	Pathogenic	2.0	Alzheimer disease			not provided			Cerebral amyloid angiopathy, APP-related																				
APP	V717I	A4_HUMAN	CHAIN;CHAIN;CHAIN;CHAIN;CHAIN;CHAIN;REGION	Amyloid-beta precursor protein;C99;C83;C80;Gamma-secretase C-terminal fragment 59;Gamma-secretase C-terminal fragment 57;Interaction with PSEN1	transport	APP -[Activation]-> transport	21368865	1	33127	single nucleotide variant	NM_000484.4(APP):c.2149G>A (p.Val717Ile)	63750264	Alzheimer disease type 1	Pathogenic	2.0	Alzheimer disease			not provided			Cerebral amyloid angiopathy, APP-related																				
APP	V717K	A4_HUMAN	CHAIN;CHAIN;CHAIN;CHAIN;CHAIN;CHAIN;REGION	Amyloid-beta precursor protein;C99;C83;C80;Gamma-secretase C-terminal fragment 59;Gamma-secretase C-terminal fragment 57;Interaction with PSEN1	transport	APP -[Activation]-> transport	21310068	0																																		
APP	V717L	A4_HUMAN	CHAIN;CHAIN;CHAIN;CHAIN;CHAIN;CHAIN;REGION	Amyloid-beta precursor protein;C99;C83;C80;Gamma-secretase C-terminal fragment 59;Gamma-secretase C-terminal fragment 57;Interaction with PSEN1	cell differentiation	APP -[Inhibition]-> cell differentiation	25534395	1	33144	single nucleotide variant	NM_000484.4(APP):c.2149G>C (p.Val717Leu)	63750264	Alzheimer disease type 1	Pathogenic	1.0	not provided																										
