variant_protein	variant_info	DomainProteinID	DomainFeature	DomainNote	biological_process/disease	chain	pmid	clinvar_match	#AlleleID	Type	Name	RS# (dbSNP)	disease_1	significance_1	star_1	disease_2	significance_2	star_2	disease_3	significance_3	star_3	disease_4	significance_4	star_4	disease_5	significance_5	star_5	disease_6	significance_6	star_6	disease_7	significance_7	star_7	disease_8	significance_8	star_8	disease_9	significance_9	star_9	disease_10	significance_10	star_10
AR	A2A	ANDR_HUMAN	CHAIN;REGION;REGION	Androgen receptor;Interaction with ZNF318;Modulating	Myocardial Infarction	AR -[Complex]-> PD81,723 -[Inhibition]-> Myocardial Infarction	21586360	0																																		
AR	A2A	ANDR_HUMAN	CHAIN;REGION;REGION	Androgen receptor;Interaction with ZNF318;Modulating	cell growth	AR -[Inhibition]-> cell growth	23315335	0																																		
AR	A2A	ANDR_HUMAN	CHAIN;REGION;REGION	Androgen receptor;Interaction with ZNF318;Modulating	hypersensitivity	AR -[Inhibition]-> hypersensitivity	21586360	0																																		
AR	A2A	ANDR_HUMAN	CHAIN;REGION;REGION	Androgen receptor;Interaction with ZNF318;Modulating	inflammatory response	AR -[Inhibition]-> inflammatory response	21586360	0																																		
AR	E231G	ANDR_HUMAN	CHAIN;REGION;REGION	Androgen receptor;Interaction with ZNF318;Modulating	cell population proliferation	AR -[Activation]-> cell population proliferation	21927983	0																																		
AR	E255K	ANDR_HUMAN	CHAIN;REGION;REGION	Androgen receptor;Interaction with ZNF318;Modulating	localization	AR -[Complex]-> E3_Ub_ligase -[Activation]-> localization	27140928	0																																		
AR	F876L	ANDR_HUMAN	CHAIN;DOMAIN;REGION;REGION;REGION	Androgen receptor;NR LBD;Interaction with LPXN;Interaction with CCAR1;Interaction with KAT7	EGFR_ligand	AR -[Activation]-> EGFR_ligand	25713333	0																																		
AR	F876L	ANDR_HUMAN	CHAIN;DOMAIN;REGION;REGION;REGION	Androgen receptor;NR LBD;Interaction with LPXN;Interaction with CCAR1;Interaction with KAT7	Neoplasm Invasiveness	AR -[Activation]-> Neoplasm Invasiveness	25713333	0																																		
AR	F876L	ANDR_HUMAN	CHAIN;DOMAIN;REGION;REGION;REGION	Androgen receptor;NR LBD;Interaction with LPXN;Interaction with CCAR1;Interaction with KAT7	apoptotic process	AR -[Inhibition]-> apoptotic process	25713333	0																																		
AR	F876L	ANDR_HUMAN	CHAIN;DOMAIN;REGION;REGION;REGION	Androgen receptor;NR LBD;Interaction with LPXN;Interaction with CCAR1;Interaction with KAT7	cell population proliferation	AR -[Activation]-> cell population proliferation	25713333	0																																		
AR	F876L	ANDR_HUMAN	CHAIN;DOMAIN;REGION;REGION;REGION	Androgen receptor;NR LBD;Interaction with LPXN;Interaction with CCAR1;Interaction with KAT7	cell population proliferation	AR -[Activation]-> cell population proliferation	26728473	0																																		
AR	F876L	ANDR_HUMAN	CHAIN;DOMAIN;REGION;REGION;REGION	Androgen receptor;NR LBD;Interaction with LPXN;Interaction with CCAR1;Interaction with KAT7	localization	AR -[Activation]-> enzalutamide -[Inhibition]-> localization	25713333	0																																		
AR	F876L	ANDR_HUMAN	CHAIN;DOMAIN;REGION;REGION;REGION	Androgen receptor;NR LBD;Interaction with LPXN;Interaction with CCAR1;Interaction with KAT7	localization	AR -[Activation]-> localization	24931201	0																																		
AR	F876L	ANDR_HUMAN	CHAIN;DOMAIN;REGION;REGION;REGION	Androgen receptor;NR LBD;Interaction with LPXN;Interaction with CCAR1;Interaction with KAT7	localization	AR -[Inhibition]-> enzalutamide -[Activation]-> localization	23580326	0																																		
AR	F876L	ANDR_HUMAN	CHAIN;DOMAIN;REGION;REGION;REGION	Androgen receptor;NR LBD;Interaction with LPXN;Interaction with CCAR1;Interaction with KAT7	necrotic cell death	AR -[Activation]-> enzalutamide -[Activation]-> necrotic cell death	25713333	0																																		
AR	F876L	ANDR_HUMAN	CHAIN;DOMAIN;REGION;REGION;REGION	Androgen receptor;NR LBD;Interaction with LPXN;Interaction with CCAR1;Interaction with KAT7	transcription, DNA-templated	AR -[Activation]-> transcription, DNA-templated	26728473	0																																		
AR	F876L	ANDR_HUMAN	CHAIN;DOMAIN;REGION;REGION;REGION	Androgen receptor;NR LBD;Interaction with LPXN;Interaction with CCAR1;Interaction with KAT7	transcription, DNA-templated	AR -[Complex]-> ligand -[Activation]-> transcription, DNA-templated	34354111	0																																		
AR	F876L	ANDR_HUMAN	CHAIN;DOMAIN;REGION;REGION;REGION	Androgen receptor;NR LBD;Interaction with LPXN;Interaction with CCAR1;Interaction with KAT7	transcription, DNA-templated	AR -[Inhibition]-> transcription, DNA-templated	26009876	0																																		
AR	H874Y	ANDR_HUMAN	CHAIN;DOMAIN;REGION;REGION;REGION	Androgen receptor;NR LBD;Interaction with LPXN;Interaction with CCAR1;Interaction with KAT7	cell growth	AR -[Activation]-> cell growth	18218096	0																																		
AR	H874Y	ANDR_HUMAN	CHAIN;DOMAIN;REGION;REGION;REGION	Androgen receptor;NR LBD;Interaction with LPXN;Interaction with CCAR1;Interaction with KAT7	cell population proliferation	AR -[Activation]-> cell population proliferation	18218096	0																																		
AR	H874Y	ANDR_HUMAN	CHAIN;DOMAIN;REGION;REGION;REGION	Androgen receptor;NR LBD;Interaction with LPXN;Interaction with CCAR1;Interaction with KAT7	transcription, DNA-templated	AR -[Activation]-> transcription, DNA-templated	18218096	0																																		
AR	H875Y	ANDR_HUMAN	CHAIN;DOMAIN;REGION;REGION;REGION	Androgen receptor;NR LBD;Interaction with LPXN;Interaction with CCAR1;Interaction with KAT7	transcription, DNA-templated	AR -[Activation]-> transcription, DNA-templated	27370570	1	24873	single nucleotide variant	NM_000044.6(AR):c.2623C>T (p.His875Tyr)	137852581	Prostate cancer, somatic	Pathogenic	0.0																											
AR	K311R	ANDR_HUMAN	CHAIN;REGION;REGION	Androgen receptor;Interaction with ZNF318;Modulating	Prostatic Neoplasms	AR -[Activation]-> Prostatic Neoplasms	27903893	0																																		
AR	K311R	ANDR_HUMAN	CHAIN;REGION;REGION	Androgen receptor;Interaction with ZNF318;Modulating	proteolysis	AR -[Inhibition]-> proteolysis	27903893	0																																		
AR	K311R	ANDR_HUMAN	CHAIN;REGION;REGION	Androgen receptor;Interaction with ZNF318;Modulating	transcription, DNA-templated	AR -[Activation]-> transcription, DNA-templated	27903893	0																																		
AR	K349R	ANDR_HUMAN	CHAIN;REGION;REGION	Androgen receptor;Interaction with ZNF318;Modulating	cell population proliferation	AR -[Activation]-> cell population proliferation	23945587	0																																		
AR	K349R	ANDR_HUMAN	CHAIN;REGION;REGION	Androgen receptor;Interaction with ZNF318;Modulating	transcription, DNA-templated	AR -[Activation]-> transcription, DNA-templated	23945587	0																																		
AR	K386R	ANDR_HUMAN	CHAIN;REGION;REGION	Androgen receptor;Interaction with ZNF318;Modulating	localization	AR -[Inhibition]-> localization	31752909	0																																		
AR	K386R	ANDR_HUMAN	CHAIN;REGION;REGION	Androgen receptor;Interaction with ZNF318;Modulating	nuclear export	AR -[Ubiquitination]-> SUMO3 -[Activation]-> nuclear export	31752909	0																																		
AR	K386R	ANDR_HUMAN	CHAIN;REGION;REGION	Androgen receptor;Interaction with ZNF318;Modulating	transcription, DNA-templated	AR -[Inhibition]-> transcription, DNA-templated	31752909	0																																		
AR	K845R	ANDR_HUMAN	CHAIN;DOMAIN;REGION;REGION;REGION	Androgen receptor;NR LBD;Interaction with LPXN;Interaction with CCAR1;Interaction with KAT7	localization	AR -[Inhibition]-> localization	31752909	0																																		
AR	K845R	ANDR_HUMAN	CHAIN;DOMAIN;REGION;REGION;REGION	Androgen receptor;NR LBD;Interaction with LPXN;Interaction with CCAR1;Interaction with KAT7	nuclear export	AR -[Ubiquitination]-> SUMO3 -[Activation]-> nuclear export	31752909	0																																		
AR	K845R	ANDR_HUMAN	CHAIN;DOMAIN;REGION;REGION;REGION	Androgen receptor;NR LBD;Interaction with LPXN;Interaction with CCAR1;Interaction with KAT7	transcription, DNA-templated	AR -[Inhibition]-> transcription, DNA-templated	31752909	0																																		
AR	R761K	ANDR_HUMAN	CHAIN;DOMAIN;REGION;REGION;REGION	Androgen receptor;NR LBD;Interaction with LPXN;Interaction with CCAR1;Interaction with KAT7	cell population proliferation	AR -[Activation]-> cell population proliferation	27183006	0																																		
AR	R774C	ANDR_HUMAN	CHAIN;DOMAIN;REGION;REGION;REGION	Androgen receptor;NR LBD;Interaction with LPXN;Interaction with CCAR1;Interaction with KAT7	transcription, DNA-templated	AR -[Activation]-> transcription, DNA-templated	2082179	0																																		
AR	R831Q	ANDR_HUMAN	CHAIN;DOMAIN;REGION;REGION;REGION	Androgen receptor;NR LBD;Interaction with LPXN;Interaction with CCAR1;Interaction with KAT7	transcription, DNA-templated	AR -[Activation]-> transcription, DNA-templated	2082179	0																																		
AR	S815D	ANDR_HUMAN	CHAIN;DOMAIN;REGION;REGION;REGION	Androgen receptor;NR LBD;Interaction with LPXN;Interaction with CCAR1;Interaction with KAT7	Death	AR -[Activation]-> Death	36470072	0																																		
AR	S81A	ANDR_HUMAN	CHAIN;REGION;REGION;REGION;COMPBIAS	Androgen receptor;Interaction with ZNF318;Modulating;Disordered;Low complexity	cell population proliferation	AR -[Activation]-> cell population proliferation	25950519	0																																		
AR	S81A	ANDR_HUMAN	CHAIN;REGION;REGION;REGION;COMPBIAS	Androgen receptor;Interaction with ZNF318;Modulating;Disordered;Low complexity	localization	AR -[Inhibition]-> TNK2 -[Activation]-> localization	25950519	0																																		
AR	T877A	ANDR_HUMAN	CHAIN;DOMAIN;REGION;REGION;REGION	Androgen receptor;NR LBD;Interaction with LPXN;Interaction with CCAR1;Interaction with KAT7	cell growth	AR -[Activation]-> cell growth	25306226	0																																		
AR	T877A	ANDR_HUMAN	CHAIN;DOMAIN;REGION;REGION;REGION	Androgen receptor;NR LBD;Interaction with LPXN;Interaction with CCAR1;Interaction with KAT7	cell growth	AR -[Activation]-> cell growth	25693800	0																																		
AR	T877A	ANDR_HUMAN	CHAIN;DOMAIN;REGION;REGION;REGION	Androgen receptor;NR LBD;Interaction with LPXN;Interaction with CCAR1;Interaction with KAT7	cell growth	AR -[Dephosphorylation]-> EIF4E -[Inhibition]-> PTEN -[Inhibition]-> cell growth	28745319	0																																		
AR	T877A	ANDR_HUMAN	CHAIN;DOMAIN;REGION;REGION;REGION	Androgen receptor;NR LBD;Interaction with LPXN;Interaction with CCAR1;Interaction with KAT7	cell growth	AR -[Inhibition]-> N-[4-cyano-3-(trifluoromethyl)phenyl]-3-[(4-fluorophenyl)sulfonyl]-2-hydroxy-2-methylpropanamide -[Activation]-> SGK1 -[Inhibition]-> cell growth	26267320	0																																		
AR	T877A	ANDR_HUMAN	CHAIN;DOMAIN;REGION;REGION;REGION	Androgen receptor;NR LBD;Interaction with LPXN;Interaction with CCAR1;Interaction with KAT7	cell population proliferation	AR -[DecreaseAmount]-> NR3C1 -[Activation]-> cell population proliferation	25306226	0																																		
AR	T877A	ANDR_HUMAN	CHAIN;DOMAIN;REGION;REGION;REGION	Androgen receptor;NR LBD;Interaction with LPXN;Interaction with CCAR1;Interaction with KAT7	cell population proliferation	AR -[Dephosphorylation]-> EIF4E -[Activation]-> cell population proliferation	28745319	0																																		
AR	T877A	ANDR_HUMAN	CHAIN;DOMAIN;REGION;REGION;REGION	Androgen receptor;NR LBD;Interaction with LPXN;Interaction with CCAR1;Interaction with KAT7	cell population proliferation	AR -[Inhibition]-> N-[4-cyano-3-(trifluoromethyl)phenyl]-3-[(4-fluorophenyl)sulfonyl]-2-hydroxy-2-methylpropanamide -[Activation]-> cell population proliferation	26267320	0																																		
AR	T877A	ANDR_HUMAN	CHAIN;DOMAIN;REGION;REGION;REGION	Androgen receptor;NR LBD;Interaction with LPXN;Interaction with CCAR1;Interaction with KAT7	transcription, DNA-templated	AR -[Activation]-> transcription, DNA-templated	27365400	0																																		
AR	T877A	ANDR_HUMAN	CHAIN;DOMAIN;REGION;REGION;REGION	Androgen receptor;NR LBD;Interaction with LPXN;Interaction with CCAR1;Interaction with KAT7	transcription, DNA-templated	AR -[Activation]-> transcription, DNA-templated	28745319	0																																		
AR	T877A	ANDR_HUMAN	CHAIN;DOMAIN;REGION;REGION;REGION	Androgen receptor;NR LBD;Interaction with LPXN;Interaction with CCAR1;Interaction with KAT7	transcription, DNA-templated	AR -[Inhibition]-> N-[4-cyano-3-(trifluoromethyl)phenyl]-3-[(4-fluorophenyl)sulfonyl]-2-hydroxy-2-methylpropanamide -[Activation]-> transcription, DNA-templated	26267320	0																																		
AR	T877A	ANDR_HUMAN	CHAIN;DOMAIN;REGION;REGION;REGION	Androgen receptor;NR LBD;Interaction with LPXN;Interaction with CCAR1;Interaction with KAT7	transcription, DNA-templated	AR -[Inhibition]-> transcription, DNA-templated	26009876	0																																		
AR	T877A	ANDR_HUMAN	CHAIN;DOMAIN;REGION;REGION;REGION	Androgen receptor;NR LBD;Interaction with LPXN;Interaction with CCAR1;Interaction with KAT7	translation	AR -[Dephosphorylation]-> EIF4E -[Inhibition]-> translation	28745319	0																																		
AR	T878A	ANDR_HUMAN	CHAIN;DOMAIN;REGION;REGION;REGION	Androgen receptor;NR LBD;Interaction with LPXN;Interaction with CCAR1;Interaction with KAT7	transcription, DNA-templated	AR -[Activation]-> transcription, DNA-templated	27370570	1	24870	single nucleotide variant	NM_000044.6(AR):c.2632A>G (p.Thr878Ala)	137852578	Prostate cancer, somatic	Pathogenic	0.0	Neoplasm																										
AR	V866M	ANDR_HUMAN	CHAIN;DOMAIN;REGION;REGION;REGION	Androgen receptor;NR LBD;Interaction with LPXN;Interaction with CCAR1;Interaction with KAT7	transcription, DNA-templated	AR -[Activation]-> transcription, DNA-templated	2082179	0																																		
AR	W741C	ANDR_HUMAN	CHAIN;DOMAIN;REGION;REGION;REGION	Androgen receptor;NR LBD;Interaction with LPXN;Interaction with CCAR1;Interaction with KAT7	cell growth	AR -[Inhibition]-> N-[4-cyano-3-(trifluoromethyl)phenyl]-3-[(4-fluorophenyl)sulfonyl]-2-hydroxy-2-methylpropanamide -[Activation]-> SGK1 -[Inhibition]-> cell growth	26267320	0																																		
AR	W741C	ANDR_HUMAN	CHAIN;DOMAIN;REGION;REGION;REGION	Androgen receptor;NR LBD;Interaction with LPXN;Interaction with CCAR1;Interaction with KAT7	cell population proliferation	AR -[Inhibition]-> N-[4-cyano-3-(trifluoromethyl)phenyl]-3-[(4-fluorophenyl)sulfonyl]-2-hydroxy-2-methylpropanamide -[Activation]-> cell population proliferation	26267320	0																																		
AR	W741C	ANDR_HUMAN	CHAIN;DOMAIN;REGION;REGION;REGION	Androgen receptor;NR LBD;Interaction with LPXN;Interaction with CCAR1;Interaction with KAT7	transcription, DNA-templated	AR -[Inhibition]-> N-[4-cyano-3-(trifluoromethyl)phenyl]-3-[(4-fluorophenyl)sulfonyl]-2-hydroxy-2-methylpropanamide -[Activation]-> transcription, DNA-templated	26267320	0																																		
AR	W741C	ANDR_HUMAN	CHAIN;DOMAIN;REGION;REGION;REGION	Androgen receptor;NR LBD;Interaction with LPXN;Interaction with CCAR1;Interaction with KAT7	transcription, DNA-templated	AR -[Inhibition]-> transcription, DNA-templated	22583332	0																																		
AR	W741L	ANDR_HUMAN	CHAIN;DOMAIN;REGION;REGION;REGION	Androgen receptor;NR LBD;Interaction with LPXN;Interaction with CCAR1;Interaction with KAT7	cell growth	AR -[Inhibition]-> N-[4-cyano-3-(trifluoromethyl)phenyl]-3-[(4-fluorophenyl)sulfonyl]-2-hydroxy-2-methylpropanamide -[Activation]-> SGK1 -[Inhibition]-> cell growth	26267320	0																																		
AR	W741L	ANDR_HUMAN	CHAIN;DOMAIN;REGION;REGION;REGION	Androgen receptor;NR LBD;Interaction with LPXN;Interaction with CCAR1;Interaction with KAT7	cell population proliferation	AR -[Inhibition]-> N-[4-cyano-3-(trifluoromethyl)phenyl]-3-[(4-fluorophenyl)sulfonyl]-2-hydroxy-2-methylpropanamide -[Activation]-> cell population proliferation	26267320	0																																		
AR	W741L	ANDR_HUMAN	CHAIN;DOMAIN;REGION;REGION;REGION	Androgen receptor;NR LBD;Interaction with LPXN;Interaction with CCAR1;Interaction with KAT7	transcription, DNA-templated	AR -[Inhibition]-> N-[4-cyano-3-(trifluoromethyl)phenyl]-3-[(4-fluorophenyl)sulfonyl]-2-hydroxy-2-methylpropanamide -[Activation]-> transcription, DNA-templated	26267320	0																																		
AR	Y267F	ANDR_HUMAN	CHAIN;REGION;REGION	Androgen receptor;Interaction with ZNF318;Modulating	cell population proliferation	AR -[Activation]-> cell population proliferation	25950519	0																																		
AR	Y267F	ANDR_HUMAN	CHAIN;REGION;REGION	Androgen receptor;Interaction with ZNF318;Modulating	localization	AR -[Inhibition]-> TNK2 -[Activation]-> localization	25950519	0																																		
