variant_protein	variant_info	DomainProteinID	DomainFeature	DomainNote	biological_process/disease	chain	pmid	clinvar_match	#AlleleID	Type	Name	RS# (dbSNP)	disease_1	significance_1	star_1	disease_2	significance_2	star_2	disease_3	significance_3	star_3	disease_4	significance_4	star_4	disease_5	significance_5	star_5	disease_6	significance_6	star_6	disease_7	significance_7	star_7	disease_8	significance_8	star_8	disease_9	significance_9	star_9	disease_10	significance_10	star_10
ATP7A	P1386S	ATP7A_HUMAN	CHAIN	Copper-transporting ATPase 1	transport	ATP7A -[Activation]-> transport	20170900	1	26834	single nucleotide variant	NM_000052.7(ATP7A):c.4156C>T (p.Pro1386Ser)	267606672	X-linked distal spinal muscular atrophy type 3	Pathogenic	1.0	Charcot-Marie-Tooth disease			Menkes kinky-hair syndrome			Cutis laxa, X-linked																				
ATP7A	T994I	ATP7A_HUMAN	CHAIN	Copper-transporting ATPase 1	Neuritis	ATP7A -[Inhibition]-> Neuritis	24754450	1	26833	single nucleotide variant	NM_000052.7(ATP7A):c.2981C>T (p.Thr994Ile)	267606673	X-linked distal spinal muscular atrophy type 3	Conflicting classifications of pathogenicity	0.0	Charcot-Marie-Tooth disease			Menkes kinky-hair syndrome																							
ATP7A	T994I	ATP7A_HUMAN	CHAIN	Copper-transporting ATPase 1	localization	ATP7A -[Inhibition]-> GEMIN4 -[Activation]-> localization	24754450	1	26833	single nucleotide variant	NM_000052.7(ATP7A):c.2981C>T (p.Thr994Ile)	267606673	X-linked distal spinal muscular atrophy type 3	Conflicting classifications of pathogenicity	0.0	Charcot-Marie-Tooth disease			Menkes kinky-hair syndrome																							
ATP7A	T994I	ATP7A_HUMAN	CHAIN	Copper-transporting ATPase 1	transport	ATP7A -[Activation]-> transport	20170900	1	26833	single nucleotide variant	NM_000052.7(ATP7A):c.2981C>T (p.Thr994Ile)	267606673	X-linked distal spinal muscular atrophy type 3	Conflicting classifications of pathogenicity	0.0	Charcot-Marie-Tooth disease			Menkes kinky-hair syndrome																							
