variant_protein	variant_info	DomainProteinID	DomainFeature	DomainNote	biological_process/disease	chain	pmid	clinvar_match	#AlleleID	Type	Name	RS# (dbSNP)	disease_1	significance_1	star_1	disease_2	significance_2	star_2	disease_3	significance_3	star_3	disease_4	significance_4	star_4	disease_5	significance_5	star_5	disease_6	significance_6	star_6	disease_7	significance_7	star_7	disease_8	significance_8	star_8	disease_9	significance_9	star_9	disease_10	significance_10	star_10
AURKA	D274A	AURKA_HUMAN	CHAIN;DOMAIN	Aurora kinase A;Protein kinase	execution phase of necroptosis	AURKA -[Inhibition]-> execution phase of necroptosis	28764929	0																																		
AURKA	D274A	AURKA_HUMAN	CHAIN;DOMAIN	Aurora kinase A;Protein kinase	necroptotic process	AURKA -[Inhibition]-> CCT137690 -[Activation]-> necroptotic process	28764929	0																																		
AURKA	D274A	AURKA_HUMAN	CHAIN;DOMAIN	Aurora kinase A;Protein kinase	necrotic cell death	AURKA -[Inhibition]-> CCT137690 -[Activation]-> necrotic cell death	28764929	0																																		
AURKA	F31I	AURKA_HUMAN	CHAIN;REGION;COMPBIAS	Aurora kinase A;Disordered;Polar residues	Chromosomal Instability	AURKA -[Activation]-> Chromosomal Instability	24349361	1	21681	single nucleotide variant	NM_198437.3(AURKA):c.91T>A (p.Phe31Ile)	2273535	Colon cancer, susceptibility to	Benign	2.0	not provided			AURKA-related disorder																							
