variant_protein	variant_info	DomainProteinID	DomainFeature	DomainNote	biological_process/disease	chain	pmid	clinvar_match	#AlleleID	Type	Name	RS# (dbSNP)	disease_1	significance_1	star_1	disease_2	significance_2	star_2	disease_3	significance_3	star_3	disease_4	significance_4	star_4	disease_5	significance_5	star_5	disease_6	significance_6	star_6	disease_7	significance_7	star_7	disease_8	significance_8	star_8	disease_9	significance_9	star_9	disease_10	significance_10	star_10
BACE1	D495R	BACE1_HUMAN	CHAIN;REGION	Beta-secretase 1;Interaction with RTN3	endocytosis	BACE1 -[Complex]-> Clathrin -[Activation]-> endocytosis	26414661	0																																		
BACE1	N294A	BACE1_HUMAN	CHAIN;DOMAIN	Beta-secretase 1;Peptidase A1	Alzheimer Disease	BACE1 -[Inhibition]-> Alzheimer Disease	34166772	0																																		
BACE1	S498A	BACE1_HUMAN	CHAIN;REGION;MOTIF	Beta-secretase 1;Interaction with RTN3;DXXLL	Alzheimer Disease	BACE1 -[Activation]-> Alzheimer Disease	25152012	0																																		
BACE1	S498A	BACE1_HUMAN	CHAIN;REGION;MOTIF	Beta-secretase 1;Interaction with RTN3;DXXLL	Alzheimer Disease	BACE1 -[DecreaseAmount]-> SORL1 -[Activation]-> Alzheimer Disease	22621900	0																																		
BACE1	S498D	BACE1_HUMAN	CHAIN;REGION;MOTIF	Beta-secretase 1;Interaction with RTN3;DXXLL	localization	BACE1 -[Activation]-> localization	28946017	0																																		
BACE1	T252A	BACE1_HUMAN	CHAIN;DOMAIN	Beta-secretase 1;Peptidase A1	Alzheimer Disease	BACE1 -[Complex]-> CDK5 -[Activation]-> Alzheimer Disease	26317805	0																																		
