variant_protein	variant_info	DomainProteinID	DomainFeature	DomainNote	biological_process/disease	chain	pmid	clinvar_match	#AlleleID	Type	Name	RS# (dbSNP)	disease_1	significance_1	star_1	disease_2	significance_2	star_2	disease_3	significance_3	star_3	disease_4	significance_4	star_4	disease_5	significance_5	star_5	disease_6	significance_6	star_6	disease_7	significance_7	star_7	disease_8	significance_8	star_8	disease_9	significance_9	star_9	disease_10	significance_10	star_10
BANF1	A12T	BAF_HUMAN	CHAIN;CHAIN	Barrier-to-autointegration factor;	nucleus organization	BANF1 -[Activation]-> nucleus organization	34820387	1	39347	single nucleotide variant	NM_003860.4(BANF1):c.34G>A (p.Ala12Thr)	387906871	Nestor-Guillermo progeria syndrome	Pathogenic	0.0																											
BANF1	V600E				GAP	BANF1 -[Activation]-> MEK -[Activation]-> GAP	21943101	0																																		
BANF1	V600E				Neoplasm Invasiveness	BANF1 -[Activation]-> MEK -[Activation]-> RHOA -[Activation]-> Neoplasm Invasiveness	21943101	0																																		
BANF1	V600E				cell migration	BANF1 -[Activation]-> MEK -[Activation]-> RHOA -[Inhibition]-> cell migration	21943101	0																																		
BANF1	V600E				cell-cell adhesion	BANF1 -[Activation]-> MEK -[Activation]-> RHOA -[Inhibition]-> RAC1 -[Inhibition]-> CDH1 -[Inhibition]-> cell-cell adhesion	21943101	0																																		
BANF1	V600E				epithelial to mesenchymal transition	BANF1 -[Activation]-> MEK -[Activation]-> RHOA -[Activation]-> BRAF -[Activation]-> epithelial to mesenchymal transition	21943101	0																																		
