variant_protein	variant_info	DomainProteinID	DomainFeature	DomainNote	biological_process/disease	chain	pmid	clinvar_match	#AlleleID	Type	Name	RS# (dbSNP)	disease_1	significance_1	star_1	disease_2	significance_2	star_2	disease_3	significance_3	star_3	disease_4	significance_4	star_4	disease_5	significance_5	star_5	disease_6	significance_6	star_6	disease_7	significance_7	star_7	disease_8	significance_8	star_8	disease_9	significance_9	star_9	disease_10	significance_10	star_10
BAP1	C91A	BAP1_HUMAN	CHAIN;DOMAIN	Ubiquitin carboxyl-terminal hydrolase BAP1;UCH catalytic	cell death	BAP1 -[Ubiquitination]-> SLC7A11 -[Activation]-> L-cystine -[Activation]-> cell death	30202049	0																																		
BAP1	C91A	BAP1_HUMAN	CHAIN;DOMAIN	Ubiquitin carboxyl-terminal hydrolase BAP1;UCH catalytic	metabolic process	BAP1 -[Inhibition]-> metabolic process	30202049	0																																		
BAP1	C91S	BAP1_HUMAN	CHAIN;DOMAIN	Ubiquitin carboxyl-terminal hydrolase BAP1;UCH catalytic	Breast Neoplasms	BAP1 -[Activation]-> KLF5 -[Activation]-> Breast Neoplasms	26419610	1	1162263	single nucleotide variant	NM_004656.4(BAP1):c.272G>C (p.Cys91Ser)	1559591264	Neurodevelopmental disorder	Pathogenic	1.0	not provided																										
BAP1	C91S	BAP1_HUMAN	CHAIN;DOMAIN	Ubiquitin carboxyl-terminal hydrolase BAP1;UCH catalytic	Neoplasm Invasiveness	BAP1 -[Activation]-> Neoplasm Invasiveness	26419610	1	1162263	single nucleotide variant	NM_004656.4(BAP1):c.272G>C (p.Cys91Ser)	1559591264	Neurodevelopmental disorder	Pathogenic	1.0	not provided																										
BAP1	C91S	BAP1_HUMAN	CHAIN;DOMAIN	Ubiquitin carboxyl-terminal hydrolase BAP1;UCH catalytic	Neoplasm Metastasis	BAP1 -[Activation]-> Neoplasm Metastasis	26419610	1	1162263	single nucleotide variant	NM_004656.4(BAP1):c.272G>C (p.Cys91Ser)	1559591264	Neurodevelopmental disorder	Pathogenic	1.0	not provided																										
BAP1	C91S	BAP1_HUMAN	CHAIN;DOMAIN	Ubiquitin carboxyl-terminal hydrolase BAP1;UCH catalytic	apoptotic process	BAP1 -[Activation]-> apoptotic process	28614305	1	1162263	single nucleotide variant	NM_004656.4(BAP1):c.272G>C (p.Cys91Ser)	1559591264	Neurodevelopmental disorder	Pathogenic	1.0	not provided																										
BAP1	C91S	BAP1_HUMAN	CHAIN;DOMAIN	Ubiquitin carboxyl-terminal hydrolase BAP1;UCH catalytic	cell cycle	BAP1 -[Inhibition]-> cell cycle	26419610	1	1162263	single nucleotide variant	NM_004656.4(BAP1):c.272G>C (p.Cys91Ser)	1559591264	Neurodevelopmental disorder	Pathogenic	1.0	not provided																										
BAP1	C91S	BAP1_HUMAN	CHAIN;DOMAIN	Ubiquitin carboxyl-terminal hydrolase BAP1;UCH catalytic	cell death	BAP1 -[Inhibition]-> cell death	26419610	1	1162263	single nucleotide variant	NM_004656.4(BAP1):c.272G>C (p.Cys91Ser)	1559591264	Neurodevelopmental disorder	Pathogenic	1.0	not provided																										
BAP1	C91S	BAP1_HUMAN	CHAIN;DOMAIN	Ubiquitin carboxyl-terminal hydrolase BAP1;UCH catalytic	cell growth	BAP1 -[Activation]-> cell growth	26419610	1	1162263	single nucleotide variant	NM_004656.4(BAP1):c.272G>C (p.Cys91Ser)	1559591264	Neurodevelopmental disorder	Pathogenic	1.0	not provided																										
BAP1	C91S	BAP1_HUMAN	CHAIN;DOMAIN	Ubiquitin carboxyl-terminal hydrolase BAP1;UCH catalytic	cell migration	BAP1 -[Inhibition]-> cell migration	26419610	1	1162263	single nucleotide variant	NM_004656.4(BAP1):c.272G>C (p.Cys91Ser)	1559591264	Neurodevelopmental disorder	Pathogenic	1.0	not provided																										
BAP1	C91S	BAP1_HUMAN	CHAIN;DOMAIN	Ubiquitin carboxyl-terminal hydrolase BAP1;UCH catalytic	cell population proliferation	BAP1 -[Activation]-> cell population proliferation	26419610	1	1162263	single nucleotide variant	NM_004656.4(BAP1):c.272G>C (p.Cys91Ser)	1559591264	Neurodevelopmental disorder	Pathogenic	1.0	not provided																										
BAP1	N78S	BAP1_HUMAN	CHAIN;DOMAIN	Ubiquitin carboxyl-terminal hydrolase BAP1;UCH catalytic	double-strand break repair	BAP1 -[Activation]-> double-strand break repair	30355451	1	453064	single nucleotide variant	NM_004656.4(BAP1):c.233A>G (p.Asn78Ser)	1319729011	BAP1-related tumor predisposition syndrome	Uncertain significance	2.0	Hereditary cancer-predisposing syndrome																										
