variant_protein	variant_info	DomainProteinID	DomainFeature	DomainNote	biological_process/disease	chain	pmid	clinvar_match	#AlleleID	Type	Name	RS# (dbSNP)	disease_1	significance_1	star_1	disease_2	significance_2	star_2	disease_3	significance_3	star_3	disease_4	significance_4	star_4	disease_5	significance_5	star_5	disease_6	significance_6	star_6	disease_7	significance_7	star_7	disease_8	significance_8	star_8	disease_9	significance_9	star_9	disease_10	significance_10	star_10
BARD1	P24S	BARD1_HUMAN	CHAIN;REGION	BRCA1-associated RING domain protein 1;Disordered	DNA repair	BARD1 -[Inhibition]-> DNA repair	33623049	1	181856	single nucleotide variant	NM_000465.4(BARD1):c.70C>T (p.Pro24Ser)	1048108	Hereditary cancer-predisposing syndrome	Benign	2.0	not specified	Likely benign	1.0	Familial cancer of breast			not provided																				
BARD1	P24S	BARD1_HUMAN	CHAIN;REGION	BRCA1-associated RING domain protein 1;Disordered	Genomic Instability	BARD1 -[Activation]-> Genomic Instability	33623049	1	181856	single nucleotide variant	NM_000465.4(BARD1):c.70C>T (p.Pro24Ser)	1048108	Hereditary cancer-predisposing syndrome	Benign	2.0	not specified	Likely benign	1.0	Familial cancer of breast			not provided																				
BARD1	P24S	BARD1_HUMAN	CHAIN;REGION	BRCA1-associated RING domain protein 1;Disordered	homologous recombination	BARD1 -[Complex]-> BRCA1 -[Activation]-> homologous recombination	33623049	1	181856	single nucleotide variant	NM_000465.4(BARD1):c.70C>T (p.Pro24Ser)	1048108	Hereditary cancer-predisposing syndrome	Benign	2.0	not specified	Likely benign	1.0	Familial cancer of breast			not provided																				
BARD1	R378S	BARD1_HUMAN	CHAIN;REGION	BRCA1-associated RING domain protein 1;Disordered	DNA repair	BARD1 -[Inhibition]-> DNA repair	33623049	1	152483	single nucleotide variant	NM_000465.4(BARD1):c.1134G>C (p.Arg378Ser)	2229571	Hereditary cancer-predisposing syndrome	Benign	2.0	not specified			Familial cancer of breast			not provided			Hereditary breast ovarian cancer syndrome			BARD1-related cancer predisposition														
BARD1	R378S	BARD1_HUMAN	CHAIN;REGION	BRCA1-associated RING domain protein 1;Disordered	Genomic Instability	BARD1 -[Activation]-> Genomic Instability	33623049	1	152483	single nucleotide variant	NM_000465.4(BARD1):c.1134G>C (p.Arg378Ser)	2229571	Hereditary cancer-predisposing syndrome	Benign	2.0	not specified			Familial cancer of breast			not provided			Hereditary breast ovarian cancer syndrome			BARD1-related cancer predisposition														
BARD1	R378S	BARD1_HUMAN	CHAIN;REGION	BRCA1-associated RING domain protein 1;Disordered	homologous recombination	BARD1 -[Complex]-> BRCA1 -[Activation]-> homologous recombination	33623049	1	152483	single nucleotide variant	NM_000465.4(BARD1):c.1134G>C (p.Arg378Ser)	2229571	Hereditary cancer-predisposing syndrome	Benign	2.0	not specified			Familial cancer of breast			not provided			Hereditary breast ovarian cancer syndrome			BARD1-related cancer predisposition														
