variant_protein	variant_info	DomainProteinID	DomainFeature	DomainNote	biological_process/disease	chain	pmid	clinvar_match	#AlleleID	Type	Name	RS# (dbSNP)	disease_1	significance_1	star_1	disease_2	significance_2	star_2	disease_3	significance_3	star_3	disease_4	significance_4	star_4	disease_5	significance_5	star_5	disease_6	significance_6	star_6	disease_7	significance_7	star_7	disease_8	significance_8	star_8	disease_9	significance_9	star_9	disease_10	significance_10	star_10
BCAR3	G389R	BCAR3_HUMAN	CHAIN	Breast cancer anti-estrogen resistance protein 3	transcription, DNA-templated	BCAR3 -[Inhibition]-> transcription, DNA-templated	25211080	0																																		
BCAR3	G641D	BCAR3_HUMAN	CHAIN;DOMAIN	Breast cancer anti-estrogen resistance protein 3;Ras-GEF	immune response	BCAR3 -[Activation]-> Mice -[Activation]-> immune response	31546962	0																																		
BCAR3	P726G	BCAR3_HUMAN	CHAIN;DOMAIN	Breast cancer anti-estrogen resistance protein 3;Ras-GEF	translation	BCAR3 -[Inhibition]-> translation	25329362	0																																		
BCAR3	R743A	BCAR3_HUMAN	CHAIN;DOMAIN	Breast cancer anti-estrogen resistance protein 3;Ras-GEF	Neoplasm Invasiveness	BCAR3 -[Inhibition]-> Neoplasm Invasiveness	21262352	0																																		
BCAR3	R743A	BCAR3_HUMAN	CHAIN;DOMAIN	Breast cancer anti-estrogen resistance protein 3;Ras-GEF	cell motility	BCAR3 -[Activation]-> cell motility	21262352	0																																		
