variant_protein	variant_info	DomainProteinID	DomainFeature	DomainNote	biological_process/disease	chain	pmid	clinvar_match	#AlleleID	Type	Name	RS# (dbSNP)	disease_1	significance_1	star_1	disease_2	significance_2	star_2	disease_3	significance_3	star_3	disease_4	significance_4	star_4	disease_5	significance_5	star_5	disease_6	significance_6	star_6	disease_7	significance_7	star_7	disease_8	significance_8	star_8	disease_9	significance_9	star_9	disease_10	significance_10	star_10
BCL10	L104R	BCL10_HUMAN	CHAIN	B-cell lymphoma/leukemia 10	cell population proliferation	BCL10 -[Complex]-> CARD11 -[Activation]-> cell population proliferation	30279415	0																																		
BCL10	R42E	BCL10_HUMAN	CHAIN;DOMAIN	B-cell lymphoma/leukemia 10;CARD	cell population proliferation	BCL10 -[Inhibition]-> CARD11 -[Activation]-> cell population proliferation	30515170	0																																		
BCL10	R42E	BCL10_HUMAN	CHAIN;DOMAIN	B-cell lymphoma/leukemia 10;CARD	positive regulation of NF-kappaB transcription factor activity	BCL10 -[Inhibition]-> MALT1 -[Activation]-> BCL10-CARD11 -[Activation]-> positive regulation of NF-kappaB transcription factor activity	30515170	0																																		
BCL10	R58Q	BCL10_HUMAN	CHAIN;DOMAIN	B-cell lymphoma/leukemia 10;CARD	cell population proliferation	BCL10 -[Complex]-> CARD11 -[Inhibition]-> cell population proliferation	35658124	0																																		
BCL10	R88A	BCL10_HUMAN	CHAIN;DOMAIN	B-cell lymphoma/leukemia 10;CARD	signaling receptor activity	BCL10 -[Activation]-> NFkappaB -[Activation]-> signaling receptor activity	20439115	0																																		
