variant_protein	variant_info	DomainProteinID	DomainFeature	DomainNote	biological_process/disease	chain	pmid	clinvar_match	#AlleleID	Type	Name	RS# (dbSNP)	disease_1	significance_1	star_1	disease_2	significance_2	star_2	disease_3	significance_3	star_3	disease_4	significance_4	star_4	disease_5	significance_5	star_5	disease_6	significance_6	star_6	disease_7	significance_7	star_7	disease_8	significance_8	star_8	disease_9	significance_9	star_9	disease_10	significance_10	star_10
BCL6	K379Q	BCL6_HUMAN	CHAIN;REGION	B-cell lymphoma 6 protein;	cell differentiation	BCL6 -[Complex]-> PRDM1 -[Inhibition]-> cell differentiation	26460037	0																																		
BCL6	K379Q	BCL6_HUMAN	CHAIN;REGION	B-cell lymphoma 6 protein;	cell differentiation	BCL6 -[DecreaseAmount]-> ID2 -[Inhibition]-> cell differentiation	27213691	0																																		
BCL6	K379Q	BCL6_HUMAN	CHAIN;REGION	B-cell lymphoma 6 protein;	transcription, DNA-templated	BCL6 -[DecreaseAmount]-> ID2 -[Inhibition]-> cell differentiation -[Activation]-> transcription, DNA-templated	27213691	0																																		
BCL6	S333A	BCL6_HUMAN	CHAIN;REGION;COMPBIAS	B-cell lymphoma 6 protein;Disordered;Polar residues	Neoplasm Invasiveness	BCL6 -[Activation]-> Neoplasm Invasiveness	33282727	0																																		
BCL6	S333A	BCL6_HUMAN	CHAIN;REGION;COMPBIAS	B-cell lymphoma 6 protein;Disordered;Polar residues	cell population proliferation	BCL6 -[Inhibition]-> cell population proliferation	33282727	0																																		
BCL6	S343A	BCL6_HUMAN	CHAIN;REGION;COMPBIAS	B-cell lymphoma 6 protein;Disordered;Polar residues	Neoplasm Invasiveness	BCL6 -[Activation]-> Neoplasm Invasiveness	33282727	0																																		
BCL6	S343A	BCL6_HUMAN	CHAIN;REGION;COMPBIAS	B-cell lymphoma 6 protein;Disordered;Polar residues	cell population proliferation	BCL6 -[Inhibition]-> cell population proliferation	33282727	0																																		
