variant_protein	variant_info	DomainProteinID	DomainFeature	DomainNote	biological_process/disease	chain	pmid	clinvar_match	#AlleleID	Type	Name	RS# (dbSNP)	disease_1	significance_1	star_1	disease_2	significance_2	star_2	disease_3	significance_3	star_3	disease_4	significance_4	star_4	disease_5	significance_5	star_5	disease_6	significance_6	star_6	disease_7	significance_7	star_7	disease_8	significance_8	star_8	disease_9	significance_9	star_9	disease_10	significance_10	star_10
BMI1	H174E	BMI1_HUMAN	CHAIN;REGION;REGION	Polycomb complex protein BMI-1;Interaction with PHC2;Interaction with E4F1	cell population proliferation	BMI1 -[Activation]-> cell population proliferation	27827373	0																																		
BMI1	S316A	BMI1_HUMAN	CHAIN;REGION;COMPBIAS	Polycomb complex protein BMI-1;Disordered;Low complexity	Cell Transformation, Neoplastic	BMI1 -[Activation]-> Cell Transformation, Neoplastic	23092893	0																																		
BMI1	S316A	BMI1_HUMAN	CHAIN;REGION;COMPBIAS	Polycomb complex protein BMI-1;Disordered;Low complexity	Death	BMI1 -[Inhibition]-> CDKN2A -[Activation]-> Death	28425986	0																																		
BMI1	S316A	BMI1_HUMAN	CHAIN;REGION;COMPBIAS	Polycomb complex protein BMI-1;Disordered;Low complexity	Neoplasms	BMI1 -[Inhibition]-> CDKN2A -[Inhibition]-> Neoplasms	23092893	0																																		
BMI1	S316A	BMI1_HUMAN	CHAIN;REGION;COMPBIAS	Polycomb complex protein BMI-1;Disordered;Low complexity	cell population proliferation	BMI1 -[Activation]-> cell population proliferation	23092893	0																																		
BMI1	S316A	BMI1_HUMAN	CHAIN;REGION;COMPBIAS	Polycomb complex protein BMI-1;Disordered;Low complexity	cellular senescence	BMI1 -[Inhibition]-> cellular senescence	23092893	0																																		
BMI1	S316A	BMI1_HUMAN	CHAIN;REGION;COMPBIAS	Polycomb complex protein BMI-1;Disordered;Low complexity	cellular senescence	BMI1 -[Inhibition]-> cellular senescence	28425986	0																																		
BMI1	S316D	BMI1_HUMAN	CHAIN;REGION;COMPBIAS	Polycomb complex protein BMI-1;Disordered;Low complexity	Cell Transformation, Neoplastic	BMI1 -[Activation]-> Cell Transformation, Neoplastic	23092893	0																																		
BMI1	S316D	BMI1_HUMAN	CHAIN;REGION;COMPBIAS	Polycomb complex protein BMI-1;Disordered;Low complexity	Death	BMI1 -[Inhibition]-> CDKN2A -[Activation]-> Death	28425986	0																																		
BMI1	S316D	BMI1_HUMAN	CHAIN;REGION;COMPBIAS	Polycomb complex protein BMI-1;Disordered;Low complexity	Neoplasms	BMI1 -[Inhibition]-> CDKN2A -[Inhibition]-> Neoplasms	23092893	0																																		
BMI1	S316D	BMI1_HUMAN	CHAIN;REGION;COMPBIAS	Polycomb complex protein BMI-1;Disordered;Low complexity	cell population proliferation	BMI1 -[Activation]-> cell population proliferation	23092893	0																																		
BMI1	S316D	BMI1_HUMAN	CHAIN;REGION;COMPBIAS	Polycomb complex protein BMI-1;Disordered;Low complexity	cellular senescence	BMI1 -[Inhibition]-> cellular senescence	23092893	0																																		
BMI1	S316D	BMI1_HUMAN	CHAIN;REGION;COMPBIAS	Polycomb complex protein BMI-1;Disordered;Low complexity	cellular senescence	BMI1 -[Inhibition]-> cellular senescence	28425986	0																																		
