variant_protein	variant_info	DomainProteinID	DomainFeature	DomainNote	biological_process/disease	chain	pmid	clinvar_match	#AlleleID	Type	Name	RS# (dbSNP)	disease_1	significance_1	star_1	disease_2	significance_2	star_2	disease_3	significance_3	star_3	disease_4	significance_4	star_4	disease_5	significance_5	star_5	disease_6	significance_6	star_6	disease_7	significance_7	star_7	disease_8	significance_8	star_8	disease_9	significance_9	star_9	disease_10	significance_10	star_10
BOK	L34G	BOK_HUMAN	CHAIN;REGION;MOTIF	Bcl-2-related ovarian killer protein;Interactions with ITPR1;BH4	apoptotic process	BOK -[Activation]-> apoptotic process	33691099	0																																		
BOK	L34G	BOK_HUMAN	CHAIN;REGION;MOTIF	Bcl-2-related ovarian killer protein;Interactions with ITPR1;BH4	transport	BOK -[Complex]-> ITPR3 -[Activation]-> transport	33691099	0																																		
BOK	L70E	BOK_HUMAN	CHAIN;REGION;MOTIF	Bcl-2-related ovarian killer protein;Nuclear export signal;BH3	apoptotic process	BOK -[Inhibition]-> apoptotic process	30127460	0																																		
BOK	L70E	BOK_HUMAN	CHAIN;REGION;MOTIF	Bcl-2-related ovarian killer protein;Nuclear export signal;BH3	cell death	BOK -[Activation]-> cell death	30127460	0																																		
BOK	L70E	BOK_HUMAN	CHAIN;REGION;MOTIF	Bcl-2-related ovarian killer protein;Nuclear export signal;BH3	regulation of mitochondrial membrane potential	BOK -[Inhibition]-> regulation of mitochondrial membrane potential	30127460	0																																		
