variant_protein	variant_info	DomainProteinID	DomainFeature	DomainNote	biological_process/disease	chain	pmid	clinvar_match	#AlleleID	Type	Name	RS# (dbSNP)	disease_1	significance_1	star_1	disease_2	significance_2	star_2	disease_3	significance_3	star_3	disease_4	significance_4	star_4	disease_5	significance_5	star_5	disease_6	significance_6	star_6	disease_7	significance_7	star_7	disease_8	significance_8	star_8	disease_9	significance_9	star_9	disease_10	significance_10	star_10
CD40	C1T				Cerebral Infarction	CD40 -[Activation]-> Cerebral Infarction	23669336	0																																		
CD40	C1T				Lymphoma, Follicular	CD40 -[Inhibition]-> Lymphoma, Follicular	18287517	0																																		
CD40	P227A	TNR5_HUMAN	CHAIN;REGION	Tumor necrosis factor receptor superfamily member 5;Disordered	cell differentiation	CD40 -[Activation]-> TRAF3 -[Activation]-> IL6 -[Activation]-> cell differentiation	21041727	1	335608	single nucleotide variant	NM_001250.6(CD40):c.679C>G (p.Pro227Ala)	11086998	not specified	Benign	2.0	Hyper-IgM syndrome type 3	Likely benign	1.0	not provided																							
CD40	P227A	TNR5_HUMAN	CHAIN;REGION	Tumor necrosis factor receptor superfamily member 5;Disordered	transcription, DNA-templated	CD40 -[Activation]-> transcription, DNA-templated	21041727	1	335608	single nucleotide variant	NM_001250.6(CD40):c.679C>G (p.Pro227Ala)	11086998	not specified	Benign	2.0	Hyper-IgM syndrome type 3	Likely benign	1.0	not provided																							
CD40	T254A	TNR5_HUMAN	CHAIN;REGION	Tumor necrosis factor receptor superfamily member 5;Disordered	cell population proliferation	CD40 -[Activation]-> cell population proliferation	14644094	0																																		
