variant_protein	variant_info	DomainProteinID	DomainFeature	DomainNote	biological_process/disease	chain	pmid	clinvar_match	#AlleleID	Type	Name	RS# (dbSNP)	disease_1	significance_1	star_1	disease_2	significance_2	star_2	disease_3	significance_3	star_3	disease_4	significance_4	star_4	disease_5	significance_5	star_5	disease_6	significance_6	star_6	disease_7	significance_7	star_7	disease_8	significance_8	star_8	disease_9	significance_9	star_9	disease_10	significance_10	star_10
CDC25A	S123A	MPIP1_HUMAN	CHAIN	M-phase inducer phosphatase 1	DNA Damage	CDC25A -[Activation]-> DNA Damage	22263797	0																																		
CDC25A	S123A	MPIP1_HUMAN	CHAIN	M-phase inducer phosphatase 1	G1 phase	CDC25A -[IncreaseAmount]-> E2F1 -[Activation]-> G1 phase	22263797	0																																		
CDC25A	S123A	MPIP1_HUMAN	CHAIN	M-phase inducer phosphatase 1	apoptotic process	CDC25A -[Activation]-> apoptotic process	22263797	0																																		
CDC25A	S123A	MPIP1_HUMAN	CHAIN	M-phase inducer phosphatase 1	cell population proliferation	CDC25A -[Activation]-> cell population proliferation	22263797	0																																		
CDC25A	S88F	MPIP1_HUMAN	CHAIN	M-phase inducer phosphatase 1	DNA Damage	CDC25A -[Activation]-> DNA Damage	21310058	1	1245480	single nucleotide variant	NM_001789.3(CDC25A):c.263C>T (p.Ser88Phe)	3731499	Autosomal dominant polycystic liver disease	Likely pathogenic	0.0																											
CDC25A	S88F	MPIP1_HUMAN	CHAIN	M-phase inducer phosphatase 1	apoptotic process	CDC25A -[Inhibition]-> MAP3K5 -[Activation]-> apoptotic process	21310058	1	1245480	single nucleotide variant	NM_001789.3(CDC25A):c.263C>T (p.Ser88Phe)	3731499	Autosomal dominant polycystic liver disease	Likely pathogenic	0.0																											
CDC25A	S88F	MPIP1_HUMAN	CHAIN	M-phase inducer phosphatase 1	cell death	CDC25A -[Activation]-> cell death	21310058	1	1245480	single nucleotide variant	NM_001789.3(CDC25A):c.263C>T (p.Ser88Phe)	3731499	Autosomal dominant polycystic liver disease	Likely pathogenic	0.0																											
CDC25A	Y486F	MPIP1_HUMAN	CHAIN	M-phase inducer phosphatase 1	Brain Neoplasms	CDC25A -[Dephosphorylation]-> PKM2 -[Activation]-> Brain Neoplasms	27485204	0																																		
CDC25A	Y486F	MPIP1_HUMAN	CHAIN	M-phase inducer phosphatase 1	Carcinogenesis	CDC25A -[Activation]-> Carcinogenesis	27485204	0																																		
CDC25A	Y486F	MPIP1_HUMAN	CHAIN	M-phase inducer phosphatase 1	cell cycle	CDC25A -[Dephosphorylation]-> PKM2 -[Activation]-> cell cycle	27485204	0																																		
CDC25A	Y486F	MPIP1_HUMAN	CHAIN	M-phase inducer phosphatase 1	cell population proliferation	CDC25A -[Activation]-> cell population proliferation	27485204	0																																		
CDC25A	Y486F	MPIP1_HUMAN	CHAIN	M-phase inducer phosphatase 1	chromosome segregation	CDC25A -[Dephosphorylation]-> PKM2 -[Activation]-> chromosome segregation	27485204	0																																		
CDC25A	Y486F	MPIP1_HUMAN	CHAIN	M-phase inducer phosphatase 1	cytokinesis	CDC25A -[Dephosphorylation]-> PKM2 -[Activation]-> cytokinesis	27485204	0																																		
CDC25A	Y486F	MPIP1_HUMAN	CHAIN	M-phase inducer phosphatase 1	mitotic cell cycle	CDC25A -[Dephosphorylation]-> PKM2 -[Activation]-> mitotic cell cycle	27485204	0																																		
CDC25A	Y59F	MPIP1_HUMAN	CHAIN	M-phase inducer phosphatase 1	Brain Neoplasms	CDC25A -[Dephosphorylation]-> PKM2 -[Activation]-> Brain Neoplasms	27485204	0																																		
CDC25A	Y59F	MPIP1_HUMAN	CHAIN	M-phase inducer phosphatase 1	Carcinogenesis	CDC25A -[Activation]-> Carcinogenesis	27485204	0																																		
CDC25A	Y59F	MPIP1_HUMAN	CHAIN	M-phase inducer phosphatase 1	cell cycle	CDC25A -[Dephosphorylation]-> PKM2 -[Activation]-> cell cycle	27485204	0																																		
CDC25A	Y59F	MPIP1_HUMAN	CHAIN	M-phase inducer phosphatase 1	cell population proliferation	CDC25A -[Activation]-> cell population proliferation	27485204	0																																		
CDC25A	Y59F	MPIP1_HUMAN	CHAIN	M-phase inducer phosphatase 1	chromosome segregation	CDC25A -[Dephosphorylation]-> PKM2 -[Activation]-> chromosome segregation	27485204	0																																		
CDC25A	Y59F	MPIP1_HUMAN	CHAIN	M-phase inducer phosphatase 1	cytokinesis	CDC25A -[Dephosphorylation]-> PKM2 -[Activation]-> cytokinesis	27485204	0																																		
CDC25A	Y59F	MPIP1_HUMAN	CHAIN	M-phase inducer phosphatase 1	mitotic cell cycle	CDC25A -[Dephosphorylation]-> PKM2 -[Activation]-> mitotic cell cycle	27485204	0																																		
