variant_protein	variant_info	DomainProteinID	DomainFeature	DomainNote	biological_process/disease	chain	pmid	clinvar_match	#AlleleID	Type	Name	RS# (dbSNP)	disease_1	significance_1	star_1	disease_2	significance_2	star_2	disease_3	significance_3	star_3	disease_4	significance_4	star_4	disease_5	significance_5	star_5	disease_6	significance_6	star_6	disease_7	significance_7	star_7	disease_8	significance_8	star_8	disease_9	significance_9	star_9	disease_10	significance_10	star_10
CDKN1B	T157A	CDN1B_HUMAN	CHAIN;REGION;MOTIF	Cyclin-dependent kinase inhibitor 1B;Disordered;Nuclear localization signal	cell cycle	CDKN1B -[Activation]-> cell cycle	20200561	1	1409159	single nucleotide variant	NM_004064.5(CDKN1B):c.469A>G (p.Thr157Ala)	758325398	Multiple endocrine neoplasia type 4	Uncertain significance	1.0																											
CDKN1B	T157A	CDN1B_HUMAN	CHAIN;REGION;MOTIF	Cyclin-dependent kinase inhibitor 1B;Disordered;Nuclear localization signal	cell population proliferation	CDKN1B -[Inhibition]-> cell population proliferation	20200561	1	1409159	single nucleotide variant	NM_004064.5(CDKN1B):c.469A>G (p.Thr157Ala)	758325398	Multiple endocrine neoplasia type 4	Uncertain significance	1.0																											
CDKN1B	T157A	CDN1B_HUMAN	CHAIN;REGION;MOTIF	Cyclin-dependent kinase inhibitor 1B;Disordered;Nuclear localization signal	localization	CDKN1B -[Activation]-> localization	20200561	1	1409159	single nucleotide variant	NM_004064.5(CDKN1B):c.469A>G (p.Thr157Ala)	758325398	Multiple endocrine neoplasia type 4	Uncertain significance	1.0																											
CDKN1B	T157A	CDN1B_HUMAN	CHAIN;REGION;MOTIF	Cyclin-dependent kinase inhibitor 1B;Disordered;Nuclear localization signal	translation	CDKN1B -[IncreaseAmount]-> BCR-ABL -[Activation]-> translation	20200561	1	1409159	single nucleotide variant	NM_004064.5(CDKN1B):c.469A>G (p.Thr157Ala)	758325398	Multiple endocrine neoplasia type 4	Uncertain significance	1.0																											
CDKN1B	T187A	CDN1B_HUMAN	CHAIN;REGION	Cyclin-dependent kinase inhibitor 1B;Disordered	apoptotic process	CDKN1B -[IncreaseAmount]-> CKS1B -[Activation]-> apoptotic process	17303695	0																																		
CDKN1B	T187A	CDN1B_HUMAN	CHAIN;REGION	Cyclin-dependent kinase inhibitor 1B;Disordered	cell cycle	CDKN1B -[Inhibition]-> cell cycle	17303695	0																																		
CDKN1B	T187A	CDN1B_HUMAN	CHAIN;REGION	Cyclin-dependent kinase inhibitor 1B;Disordered	cell differentiation	CDKN1B -[Activation]-> cell differentiation	26585299	0																																		
CDKN1B	T187A	CDN1B_HUMAN	CHAIN;REGION	Cyclin-dependent kinase inhibitor 1B;Disordered	cell population proliferation	CDKN1B -[Activation]-> GJA8 -[Inhibition]-> cell population proliferation	26585299	0																																		
CDKN1B	T187A	CDN1B_HUMAN	CHAIN;REGION	Cyclin-dependent kinase inhibitor 1B;Disordered	cell population proliferation	CDKN1B -[IncreaseAmount]-> CKS1B -[Activation]-> cell population proliferation	17303695	0																																		
CDKN1B	T187A	CDN1B_HUMAN	CHAIN;REGION	Cyclin-dependent kinase inhibitor 1B;Disordered	cellular senescence	CDKN1B -[Inhibition]-> cellular senescence	25486431	0																																		
CDKN1B	T187A	CDN1B_HUMAN	CHAIN;REGION	Cyclin-dependent kinase inhibitor 1B;Disordered	localization	CDKN1B -[Activation]-> GJA8 -[Inhibition]-> localization	26585299	0																																		
CDKN1B	T198A	CDN1B_HUMAN	CHAIN;REGION	Cyclin-dependent kinase inhibitor 1B;Disordered	cell growth	CDKN1B -[Inhibition]-> cell growth	21423803	1	3797959	single nucleotide variant	NM_004064.5(CDKN1B):c.592A>G (p.Thr198Ala)	-1	Multiple endocrine neoplasia type 4	Uncertain significance	1.0																											
CDKN1B	T198A	CDN1B_HUMAN	CHAIN;REGION	Cyclin-dependent kinase inhibitor 1B;Disordered	cell migration	CDKN1B -[Inhibition]-> cell migration	21423803	1	3797959	single nucleotide variant	NM_004064.5(CDKN1B):c.592A>G (p.Thr198Ala)	-1	Multiple endocrine neoplasia type 4	Uncertain significance	1.0																											
CDKN1B	T198A	CDN1B_HUMAN	CHAIN;REGION	Cyclin-dependent kinase inhibitor 1B;Disordered	cell motility	CDKN1B -[Complex]-> STMN1 -[Inhibition]-> cell motility	21423803	1	3797959	single nucleotide variant	NM_004064.5(CDKN1B):c.592A>G (p.Thr198Ala)	-1	Multiple endocrine neoplasia type 4	Uncertain significance	1.0																											
CDKN1B	T198D	CDN1B_HUMAN	CHAIN;REGION	Cyclin-dependent kinase inhibitor 1B;Disordered	cell growth	CDKN1B -[Inhibition]-> cell growth	21423803	0																																		
CDKN1B	T198D	CDN1B_HUMAN	CHAIN;REGION	Cyclin-dependent kinase inhibitor 1B;Disordered	cell migration	CDKN1B -[Inhibition]-> cell migration	21423803	0																																		
CDKN1B	T198D	CDN1B_HUMAN	CHAIN;REGION	Cyclin-dependent kinase inhibitor 1B;Disordered	cell motility	CDKN1B -[Complex]-> STMN1 -[Inhibition]-> cell motility	21423803	0																																		
CDKN1B	T198G	CDN1B_HUMAN	CHAIN;REGION	Cyclin-dependent kinase inhibitor 1B;Disordered	cell growth	CDKN1B -[Inhibition]-> cell growth	21423803	0																																		
CDKN1B	T198G	CDN1B_HUMAN	CHAIN;REGION	Cyclin-dependent kinase inhibitor 1B;Disordered	cell migration	CDKN1B -[Inhibition]-> cell migration	21423803	0																																		
CDKN1B	T198G	CDN1B_HUMAN	CHAIN;REGION	Cyclin-dependent kinase inhibitor 1B;Disordered	cell motility	CDKN1B -[Complex]-> STMN1 -[Inhibition]-> cell motility	21423803	0																																		
CDKN1B	T198V	CDN1B_HUMAN	CHAIN;REGION	Cyclin-dependent kinase inhibitor 1B;Disordered	cell growth	CDKN1B -[Inhibition]-> cell growth	21423803	0																																		
CDKN1B	T198V	CDN1B_HUMAN	CHAIN;REGION	Cyclin-dependent kinase inhibitor 1B;Disordered	cell migration	CDKN1B -[Inhibition]-> cell migration	21423803	0																																		
CDKN1B	T198V	CDN1B_HUMAN	CHAIN;REGION	Cyclin-dependent kinase inhibitor 1B;Disordered	cell motility	CDKN1B -[Complex]-> STMN1 -[Inhibition]-> cell motility	21423803	0																																		
