variant_protein	variant_info	DomainProteinID	DomainFeature	DomainNote	biological_process/disease	chain	pmid	clinvar_match	#AlleleID	Type	Name	RS# (dbSNP)	disease_1	significance_1	star_1	disease_2	significance_2	star_2	disease_3	significance_3	star_3	disease_4	significance_4	star_4	disease_5	significance_5	star_5	disease_6	significance_6	star_6	disease_7	significance_7	star_7	disease_8	significance_8	star_8	disease_9	significance_9	star_9	disease_10	significance_10	star_10
CGAS	K335R	CGAS_HUMAN	CHAIN	Cyclic GMP-AMP synthase	DNA binding	CGAS -[Complex]-> TRIM56 -[Activation]-> DNA binding	29426904	0																																		
CGAS	K335R	CGAS_HUMAN	CHAIN	Cyclic GMP-AMP synthase	immune response	CGAS -[Activation]-> IFNalphabeta -[Activation]-> immune response	29426904	0																																		
CGAS	S213D	CGAS_HUMAN	CHAIN;REGION	Cyclic GMP-AMP synthase;DNA-binding	T cell activation	CGAS -[Inhibition]-> STING1 -[Activation]-> T cell activation	37429863	0																																		
CGAS	S291A	CGAS_HUMAN	CHAIN	Cyclic GMP-AMP synthase	autophagy	CGAS -[Complex]-> BECN1 -[Activation]-> autophagy	26440888	0																																		
CGAS	S291A	CGAS_HUMAN	CHAIN	Cyclic GMP-AMP synthase	cytokine production	CGAS -[Inhibition]-> cytokine production	26440888	0																																		
CGAS	S291A	CGAS_HUMAN	CHAIN	Cyclic GMP-AMP synthase	immune response	CGAS -[Inhibition]-> immune response	26440888	0																																		
CGAS	S291A	CGAS_HUMAN	CHAIN	Cyclic GMP-AMP synthase	transcription, DNA-templated	CGAS -[Activation]-> Interferon -[Activation]-> transcription, DNA-templated	26440888	0																																		
CGAS	S291A	CGAS_HUMAN	CHAIN	Cyclic GMP-AMP synthase	translation	CGAS -[Activation]-> Interferon -[Activation]-> translation	26440888	0																																		
CGAS	S305D	CGAS_HUMAN	CHAIN;MOTIF	Cyclic GMP-AMP synthase;Nuclear localization signal	immune response	CGAS -[Activation]-> immune response	32351706	0																																		
CGAS	S305D	CGAS_HUMAN	CHAIN;MOTIF	Cyclic GMP-AMP synthase;Nuclear localization signal	innate immune response	CGAS -[Activation]-> innate immune response	32351706	0																																		
CGAS	T68E	CGAS_HUMAN	CHAIN;REGION;REGION;REGION;COMPBIAS	Cyclic GMP-AMP synthase;DNA-binding;Disordered;Required for association with the cell membrane;Basic and acidic residues	T cell activation	CGAS -[Inhibition]-> STING1 -[Activation]-> T cell activation	37429863	0																																		
