variant_protein	variant_info	DomainProteinID	DomainFeature	DomainNote	biological_process/disease	chain	pmid	clinvar_match	#AlleleID	Type	Name	RS# (dbSNP)	disease_1	significance_1	star_1	disease_2	significance_2	star_2	disease_3	significance_3	star_3	disease_4	significance_4	star_4	disease_5	significance_5	star_5	disease_6	significance_6	star_6	disease_7	significance_7	star_7	disease_8	significance_8	star_8	disease_9	significance_9	star_9	disease_10	significance_10	star_10
CHCHD10	G66V	CHC10_HUMAN	CHAIN		Amyotrophic Lateral Sclerosis	CHCHD10 -[Activation]-> Amyotrophic Lateral Sclerosis	33772006	1	178408	single nucleotide variant	NM_213720.3(CHCHD10):c.197G>T (p.Gly66Val)	730880031	Lower motor neuron syndrome with late-adult onset	Pathogenic	1.0	Autosomal dominant mitochondrial myopathy with exercise intolerance			not provided																							
CHCHD10	G66V	CHC10_HUMAN	CHAIN		Frontotemporal Dementia	CHCHD10 -[Activation]-> Frontotemporal Dementia	33772006	1	178408	single nucleotide variant	NM_213720.3(CHCHD10):c.197G>T (p.Gly66Val)	730880031	Lower motor neuron syndrome with late-adult onset	Pathogenic	1.0	Autosomal dominant mitochondrial myopathy with exercise intolerance			not provided																							
CHCHD10	Q108P	CHC10_HUMAN	CHAIN;DOMAIN;MOTIF	;CHCH;Cx9C motif 1	apoptotic process	CHCHD10 -[Inhibition]-> apoptotic process	29789341	1	1443936	single nucleotide variant	NM_213720.3(CHCHD10):c.323A>C (p.Gln108Pro)	889489701	Lower motor neuron syndrome with late-adult onset	Uncertain significance	2.0	Frontotemporal dementia and/or amyotrophic lateral sclerosis 2			Autosomal dominant mitochondrial myopathy with exercise intolerance			Inborn genetic diseases																				
CHCHD10	Q108P	CHC10_HUMAN	CHAIN;DOMAIN;MOTIF	;CHCH;Cx9C motif 1	localization	CHCHD10 -[Inhibition]-> localization	29789341	1	1443936	single nucleotide variant	NM_213720.3(CHCHD10):c.323A>C (p.Gln108Pro)	889489701	Lower motor neuron syndrome with late-adult onset	Uncertain significance	2.0	Frontotemporal dementia and/or amyotrophic lateral sclerosis 2			Autosomal dominant mitochondrial myopathy with exercise intolerance			Inborn genetic diseases																				
CHCHD10	R15L	CHC10_HUMAN	REGION;COMPBIAS	Disordered;Low complexity	apoptotic process	CHCHD10 -[Inhibition]-> apoptotic process	29789341	1	178407	single nucleotide variant	NM_213720.3(CHCHD10):c.44G>T (p.Arg15Leu)	730880030	not provided	Pathogenic/Likely pathogenic	2.0	Autosomal dominant mitochondrial myopathy with exercise intolerance	Pathogenic	1.0	Lower motor neuron syndrome with late-adult onset			Frontotemporal dementia and/or amyotrophic lateral sclerosis 2																				
CHCHD10	R15L	CHC10_HUMAN	REGION;COMPBIAS	Disordered;Low complexity	localization	CHCHD10 -[Inhibition]-> localization	29789341	1	178407	single nucleotide variant	NM_213720.3(CHCHD10):c.44G>T (p.Arg15Leu)	730880030	not provided	Pathogenic/Likely pathogenic	2.0	Autosomal dominant mitochondrial myopathy with exercise intolerance	Pathogenic	1.0	Lower motor neuron syndrome with late-adult onset			Frontotemporal dementia and/or amyotrophic lateral sclerosis 2																				
CHCHD10	S59L	CHC10_HUMAN	CHAIN		Amyotrophic Lateral Sclerosis	CHCHD10 -[Activation]-> Amyotrophic Lateral Sclerosis	33772006	1	150458	single nucleotide variant	NM_213720.3(CHCHD10):c.176C>T (p.Ser59Leu)	587777574	Frontotemporal dementia and/or amyotrophic lateral sclerosis 2	Pathogenic/Likely pathogenic	2.0	Autosomal dominant mitochondrial myopathy with exercise intolerance			not provided																							
CHCHD10	S59L	CHC10_HUMAN	CHAIN		Frontotemporal Dementia	CHCHD10 -[Activation]-> Frontotemporal Dementia	33772006	1	150458	single nucleotide variant	NM_213720.3(CHCHD10):c.176C>T (p.Ser59Leu)	587777574	Frontotemporal dementia and/or amyotrophic lateral sclerosis 2	Pathogenic/Likely pathogenic	2.0	Autosomal dominant mitochondrial myopathy with exercise intolerance			not provided																							
CHCHD10	S59L	CHC10_HUMAN	CHAIN		apoptotic process	CHCHD10 -[Inhibition]-> apoptotic process	28585542	1	150458	single nucleotide variant	NM_213720.3(CHCHD10):c.176C>T (p.Ser59Leu)	587777574	Frontotemporal dementia and/or amyotrophic lateral sclerosis 2	Pathogenic/Likely pathogenic	2.0	Autosomal dominant mitochondrial myopathy with exercise intolerance			not provided																							
CHCHD10	S59L	CHC10_HUMAN	CHAIN		apoptotic process	CHCHD10 -[Inhibition]-> apoptotic process	29789341	1	150458	single nucleotide variant	NM_213720.3(CHCHD10):c.176C>T (p.Ser59Leu)	587777574	Frontotemporal dementia and/or amyotrophic lateral sclerosis 2	Pathogenic/Likely pathogenic	2.0	Autosomal dominant mitochondrial myopathy with exercise intolerance			not provided																							
CHCHD10	S59L	CHC10_HUMAN	CHAIN		apoptotic process	CHCHD10 -[Inhibition]-> apoptotic process	30092269	1	150458	single nucleotide variant	NM_213720.3(CHCHD10):c.176C>T (p.Ser59Leu)	587777574	Frontotemporal dementia and/or amyotrophic lateral sclerosis 2	Pathogenic/Likely pathogenic	2.0	Autosomal dominant mitochondrial myopathy with exercise intolerance			not provided																							
CHCHD10	S59L	CHC10_HUMAN	CHAIN		localization	CHCHD10 -[Activation]-> TARDBP -[Activation]-> localization	28585542	1	150458	single nucleotide variant	NM_213720.3(CHCHD10):c.176C>T (p.Ser59Leu)	587777574	Frontotemporal dementia and/or amyotrophic lateral sclerosis 2	Pathogenic/Likely pathogenic	2.0	Autosomal dominant mitochondrial myopathy with exercise intolerance			not provided																							
CHCHD10	S59L	CHC10_HUMAN	CHAIN		localization	CHCHD10 -[Inhibition]-> localization	29789341	1	150458	single nucleotide variant	NM_213720.3(CHCHD10):c.176C>T (p.Ser59Leu)	587777574	Frontotemporal dementia and/or amyotrophic lateral sclerosis 2	Pathogenic/Likely pathogenic	2.0	Autosomal dominant mitochondrial myopathy with exercise intolerance			not provided																							
CHCHD10	S59L	CHC10_HUMAN	CHAIN		translation	CHCHD10 -[Complex]-> TARDBP -[Inhibition]-> translation	30092269	1	150458	single nucleotide variant	NM_213720.3(CHCHD10):c.176C>T (p.Ser59Leu)	587777574	Frontotemporal dementia and/or amyotrophic lateral sclerosis 2	Pathogenic/Likely pathogenic	2.0	Autosomal dominant mitochondrial myopathy with exercise intolerance			not provided																							
