variant_protein	variant_info	DomainProteinID	DomainFeature	DomainNote	biological_process/disease	chain	pmid	clinvar_match	#AlleleID	Type	Name	RS# (dbSNP)	disease_1	significance_1	star_1	disease_2	significance_2	star_2	disease_3	significance_3	star_3	disease_4	significance_4	star_4	disease_5	significance_5	star_5	disease_6	significance_6	star_6	disease_7	significance_7	star_7	disease_8	significance_8	star_8	disease_9	significance_9	star_9	disease_10	significance_10	star_10
CLPP	D190A	CLPP_HUMAN	CHAIN		apoptotic process	CLPP -[Activation]-> apoptotic process	31056398	0																																		
CLPP	D190A	CLPP_HUMAN	CHAIN		cell death	CLPP -[Activation]-> cell death	31056398	0																																		
CLPP	D190A	CLPP_HUMAN	CHAIN		oxidative phosphorylation	CLPP -[Activation]-> oxidative phosphorylation	31056398	0																																		
CLPP	D190A	CLPP_HUMAN	CHAIN		proteolysis	CLPP -[Activation]-> proteolysis	31056398	0																																		
CLPP	D190A	CLPP_HUMAN	CHAIN		response to stress	CLPP -[Activation]-> ONC201 -[Activation]-> response to stress	31056398	0																																		
CLPP	I19A				ATPase activity	CLPP -[Complex]-> ATPase activity	20416323	0																																		
CLPP	M5A				ATPase activity	CLPP -[Activation]-> Hydrolysis -[Activation]-> ATPase activity	32101742	0																																		
CLPP	M5A				Hydrolysis	CLPP -[Activation]-> Hydrolysis	32101742	0																																		
CLPP	Y118A	CLPP_HUMAN	CHAIN		apoptotic process	CLPP -[Activation]-> apoptotic process	31056398	0																																		
CLPP	Y118A	CLPP_HUMAN	CHAIN		cell death	CLPP -[Activation]-> cell death	31056398	0																																		
CLPP	Y118A	CLPP_HUMAN	CHAIN		oxidative phosphorylation	CLPP -[Activation]-> oxidative phosphorylation	31056398	0																																		
CLPP	Y118A	CLPP_HUMAN	CHAIN		proteolysis	CLPP -[Activation]-> proteolysis	31056398	0																																		
CLPP	Y118A	CLPP_HUMAN	CHAIN		response to stress	CLPP -[Activation]-> ONC201 -[Activation]-> response to stress	31056398	0																																		
