variant_protein	variant_info	DomainProteinID	DomainFeature	DomainNote	biological_process/disease	chain	pmid	clinvar_match	#AlleleID	Type	Name	RS# (dbSNP)	disease_1	significance_1	star_1	disease_2	significance_2	star_2	disease_3	significance_3	star_3	disease_4	significance_4	star_4	disease_5	significance_5	star_5	disease_6	significance_6	star_6	disease_7	significance_7	star_7	disease_8	significance_8	star_8	disease_9	significance_9	star_9	disease_10	significance_10	star_10
CORO1C	S463A	COR1C_HUMAN	CHAIN;COILED	Coronin-1C;N6-acetyllysine	Neoplasm Invasiveness	CORO1C -[Activation]-> Neoplasm Invasiveness	23410663	0																																		
CORO1C	S463A	COR1C_HUMAN	CHAIN;COILED	Coronin-1C;N6-acetyllysine	Neoplasm Invasiveness	CORO1C -[Inhibition]-> Neoplasm Invasiveness	22355754	0																																		
CORO1C	S463A	COR1C_HUMAN	CHAIN;COILED	Coronin-1C;N6-acetyllysine	cell migration	CORO1C -[Inhibition]-> cell migration	22355754	0																																		
CORO1C	S463A	COR1C_HUMAN	CHAIN;COILED	Coronin-1C;N6-acetyllysine	cell population proliferation	CORO1C -[Activation]-> cell population proliferation	23410663	0																																		
CORO1C	S463A	COR1C_HUMAN	CHAIN;COILED	Coronin-1C;N6-acetyllysine	cell population proliferation	CORO1C -[Inhibition]-> cell population proliferation	22355754	0																																		
CORO1C	S463A	COR1C_HUMAN	CHAIN;COILED	Coronin-1C;N6-acetyllysine	endocytosis	CORO1C -[Activation]-> endocytosis	23410663	0																																		
CORO1C	S463D	COR1C_HUMAN	CHAIN;COILED	Coronin-1C;N6-acetyllysine	Neoplasm Invasiveness	CORO1C -[Activation]-> Neoplasm Invasiveness	23410663	0																																		
CORO1C	S463D	COR1C_HUMAN	CHAIN;COILED	Coronin-1C;N6-acetyllysine	Neoplasm Invasiveness	CORO1C -[Inhibition]-> Neoplasm Invasiveness	22355754	0																																		
CORO1C	S463D	COR1C_HUMAN	CHAIN;COILED	Coronin-1C;N6-acetyllysine	cell migration	CORO1C -[Inhibition]-> cell migration	22355754	0																																		
CORO1C	S463D	COR1C_HUMAN	CHAIN;COILED	Coronin-1C;N6-acetyllysine	cell population proliferation	CORO1C -[Activation]-> cell population proliferation	23410663	0																																		
CORO1C	S463D	COR1C_HUMAN	CHAIN;COILED	Coronin-1C;N6-acetyllysine	cell population proliferation	CORO1C -[Inhibition]-> cell population proliferation	22355754	0																																		
CORO1C	S463D	COR1C_HUMAN	CHAIN;COILED	Coronin-1C;N6-acetyllysine	endocytosis	CORO1C -[Activation]-> endocytosis	23410663	0																																		
