variant_protein	variant_info	DomainProteinID	DomainFeature	DomainNote	biological_process/disease	chain	pmid	clinvar_match	#AlleleID	Type	Name	RS# (dbSNP)	disease_1	significance_1	star_1	disease_2	significance_2	star_2	disease_3	significance_3	star_3	disease_4	significance_4	star_4	disease_5	significance_5	star_5	disease_6	significance_6	star_6	disease_7	significance_7	star_7	disease_8	significance_8	star_8	disease_9	significance_9	star_9	disease_10	significance_10	star_10
CR1	C3D				Death	CR1 -[Complex]-> mAb 4B2 -[Activation]-> Death	25457881	0																																		
CR1	C3D				cell population proliferation	CR1 -[Complex]-> CR2 -[Activation]-> cell population proliferation	25457881	0																																		
CR1	Y14F				cell adhesion	CR1 -[Complex]-> CX -[Activation]-> cell adhesion	21933397	0																																		
CR1	Y14F				signal transduction	CR1 -[Activation]-> signal transduction	21933397	0																																		
