variant_protein	variant_info	DomainProteinID	DomainFeature	DomainNote	biological_process/disease	chain	pmid	clinvar_match	#AlleleID	Type	Name	RS# (dbSNP)	disease_1	significance_1	star_1	disease_2	significance_2	star_2	disease_3	significance_3	star_3	disease_4	significance_4	star_4	disease_5	significance_5	star_5	disease_6	significance_6	star_6	disease_7	significance_7	star_7	disease_8	significance_8	star_8	disease_9	significance_9	star_9	disease_10	significance_10	star_10
CREBBP	D1453R	CBP_HUMAN	CHAIN;DOMAIN	CREB-binding protein;CBP/p300-type HAT	acetyltransferase activity	CREBBP -[Complex]-> acetyltransferase activity	30858356	0																																		
CREBBP	D1453R	CBP_HUMAN	CHAIN;DOMAIN	CREB-binding protein;CBP/p300-type HAT	apoptotic process	CREBBP -[Activation]-> TP53 -[Activation]-> apoptotic process	30858356	0																																		
CREBBP	D1453R	CBP_HUMAN	CHAIN;DOMAIN	CREB-binding protein;CBP/p300-type HAT	cell growth	CREBBP -[Activation]-> TP53 -[Activation]-> cell growth	30858356	0																																		
CREBBP	H1487Y	CBP_HUMAN	CHAIN;DOMAIN;REGION	CREB-binding protein;CBP/p300-type HAT;Interaction with TRERF1	acetyltransferase activity	CREBBP -[Complex]-> acetyltransferase activity	30858356	1	361586	single nucleotide variant	NM_004380.3(CREBBP):c.4459C>T (p.His1487Tyr)	1057519207	not provided	Uncertain significance	1.0	Rubinstein-Taybi syndrome due to CREBBP mutations																										
CREBBP	H1487Y	CBP_HUMAN	CHAIN;DOMAIN;REGION	CREB-binding protein;CBP/p300-type HAT;Interaction with TRERF1	apoptotic process	CREBBP -[Activation]-> TP53 -[Activation]-> apoptotic process	30858356	1	361586	single nucleotide variant	NM_004380.3(CREBBP):c.4459C>T (p.His1487Tyr)	1057519207	not provided	Uncertain significance	1.0	Rubinstein-Taybi syndrome due to CREBBP mutations																										
CREBBP	H1487Y	CBP_HUMAN	CHAIN;DOMAIN;REGION	CREB-binding protein;CBP/p300-type HAT;Interaction with TRERF1	cell growth	CREBBP -[Activation]-> TP53 -[Activation]-> cell growth	30858356	1	361586	single nucleotide variant	NM_004380.3(CREBBP):c.4459C>T (p.His1487Tyr)	1057519207	not provided	Uncertain significance	1.0	Rubinstein-Taybi syndrome due to CREBBP mutations																										
CREBBP	K1240R	CBP_HUMAN	CHAIN	CREB-binding protein	acetyltransferase activity	CREBBP -[Complex]-> acetyltransferase activity	30858356	0																																		
CREBBP	K1240R	CBP_HUMAN	CHAIN	CREB-binding protein	apoptotic process	CREBBP -[Activation]-> TP53 -[Activation]-> apoptotic process	30858356	0																																		
CREBBP	K1240R	CBP_HUMAN	CHAIN	CREB-binding protein	cell growth	CREBBP -[Activation]-> TP53 -[Activation]-> cell growth	30858356	0																																		
CREBBP	R1446C	CBP_HUMAN	CHAIN;DOMAIN	CREB-binding protein;CBP/p300-type HAT	immune response	CREBBP -[Inhibition]-> HDAC3 -[Inhibition]-> immune response	31915197	1	100947	single nucleotide variant	NM_004380.3(CREBBP):c.4336C>T (p.Arg1446Cys)	398124146	not provided	Conflicting classifications of pathogenicity	0.0	Rubinstein-Taybi syndrome due to CREBBP mutations			Neoplasm			Rubinstein-Taybi syndrome																				
CREBBP	R1446C	CBP_HUMAN	CHAIN;DOMAIN	CREB-binding protein;CBP/p300-type HAT	transcription, DNA-templated	CREBBP -[Deacetylation]-> Histone -[Activation]-> transcription, DNA-templated	31915197	1	100947	single nucleotide variant	NM_004380.3(CREBBP):c.4336C>T (p.Arg1446Cys)	398124146	not provided	Conflicting classifications of pathogenicity	0.0	Rubinstein-Taybi syndrome due to CREBBP mutations			Neoplasm			Rubinstein-Taybi syndrome																				
CREBBP	S436A	CBP_HUMAN	CHAIN	CREB-binding protein	cell population proliferation	CREBBP -[Activation]-> cell population proliferation	33980820	0																																		
CREBBP	S436A	CBP_HUMAN	CHAIN	CREB-binding protein	detection of glucose	CREBBP -[Activation]-> detection of glucose	33980820	0																																		
CREBBP	S436A	CBP_HUMAN	CHAIN	CREB-binding protein	insulin secretion	CREBBP -[Activation]-> insulin secretion	33980820	0																																		
CREBBP	Y1450C	CBP_HUMAN	CHAIN;DOMAIN	CREB-binding protein;CBP/p300-type HAT	acetyltransferase activity	CREBBP -[Complex]-> acetyltransferase activity	30858356	0																																		
CREBBP	Y1450C	CBP_HUMAN	CHAIN;DOMAIN	CREB-binding protein;CBP/p300-type HAT	apoptotic process	CREBBP -[Activation]-> TP53 -[Activation]-> apoptotic process	30858356	0																																		
CREBBP	Y1450C	CBP_HUMAN	CHAIN;DOMAIN	CREB-binding protein;CBP/p300-type HAT	cell growth	CREBBP -[Activation]-> TP53 -[Activation]-> cell growth	30858356	0																																		
CREBBP	Y1482H	CBP_HUMAN	CHAIN;DOMAIN;REGION	CREB-binding protein;CBP/p300-type HAT;Interaction with TRERF1	acetyltransferase activity	CREBBP -[Complex]-> acetyltransferase activity	30858356	0																																		
CREBBP	Y1482H	CBP_HUMAN	CHAIN;DOMAIN;REGION	CREB-binding protein;CBP/p300-type HAT;Interaction with TRERF1	apoptotic process	CREBBP -[Activation]-> TP53 -[Activation]-> apoptotic process	30858356	0																																		
CREBBP	Y1482H	CBP_HUMAN	CHAIN;DOMAIN;REGION	CREB-binding protein;CBP/p300-type HAT;Interaction with TRERF1	cell growth	CREBBP -[Activation]-> TP53 -[Activation]-> cell growth	30858356	0																																		
CREBBP	Y1503D	CBP_HUMAN	CHAIN;DOMAIN;REGION	CREB-binding protein;CBP/p300-type HAT;Interaction with TRERF1	acetyltransferase activity	CREBBP -[Complex]-> acetyltransferase activity	30858356	1	3881111	single nucleotide variant	NM_004380.3(CREBBP):c.4507T>G (p.Tyr1503Asp)	-1	Neoplasm	-	0.0																											
CREBBP	Y1503D	CBP_HUMAN	CHAIN;DOMAIN;REGION	CREB-binding protein;CBP/p300-type HAT;Interaction with TRERF1	apoptotic process	CREBBP -[Activation]-> TP53 -[Activation]-> apoptotic process	30858356	1	3881111	single nucleotide variant	NM_004380.3(CREBBP):c.4507T>G (p.Tyr1503Asp)	-1	Neoplasm	-	0.0																											
CREBBP	Y1503D	CBP_HUMAN	CHAIN;DOMAIN;REGION	CREB-binding protein;CBP/p300-type HAT;Interaction with TRERF1	cell growth	CREBBP -[Activation]-> TP53 -[Activation]-> cell growth	30858356	1	3881111	single nucleotide variant	NM_004380.3(CREBBP):c.4507T>G (p.Tyr1503Asp)	-1	Neoplasm	-	0.0																											
CREBBP	Y1503F	CBP_HUMAN	CHAIN;DOMAIN;REGION	CREB-binding protein;CBP/p300-type HAT;Interaction with TRERF1	acetyltransferase activity	CREBBP -[Complex]-> acetyltransferase activity	30858356	1	3416762	single nucleotide variant	NM_004380.3(CREBBP):c.4508A>T (p.Tyr1503Phe)	-1	Neoplasm	Likely pathogenic	1.0	Rubinstein-Taybi syndrome due to CREBBP mutations																										
CREBBP	Y1503F	CBP_HUMAN	CHAIN;DOMAIN;REGION	CREB-binding protein;CBP/p300-type HAT;Interaction with TRERF1	apoptotic process	CREBBP -[Activation]-> TP53 -[Activation]-> apoptotic process	30858356	1	3416762	single nucleotide variant	NM_004380.3(CREBBP):c.4508A>T (p.Tyr1503Phe)	-1	Neoplasm	Likely pathogenic	1.0	Rubinstein-Taybi syndrome due to CREBBP mutations																										
CREBBP	Y1503F	CBP_HUMAN	CHAIN;DOMAIN;REGION	CREB-binding protein;CBP/p300-type HAT;Interaction with TRERF1	cell growth	CREBBP -[Activation]-> TP53 -[Activation]-> cell growth	30858356	1	3416762	single nucleotide variant	NM_004380.3(CREBBP):c.4508A>T (p.Tyr1503Phe)	-1	Neoplasm	Likely pathogenic	1.0	Rubinstein-Taybi syndrome due to CREBBP mutations																										
