variant_protein	variant_info	DomainProteinID	DomainFeature	DomainNote	biological_process/disease	chain	pmid	clinvar_match	#AlleleID	Type	Name	RS# (dbSNP)	disease_1	significance_1	star_1	disease_2	significance_2	star_2	disease_3	significance_3	star_3	disease_4	significance_4	star_4	disease_5	significance_5	star_5	disease_6	significance_6	star_6	disease_7	significance_7	star_7	disease_8	significance_8	star_8	disease_9	significance_9	star_9	disease_10	significance_10	star_10
CRP	E42Q	CRP_HUMAN	CHAIN;CHAIN;DOMAIN	C-reactive protein;C-reactive protein(1-205);Pentraxin (PTX)	Hydrogen-Ion Concentration	CRP -[Complex]-> Hydrogen-Ion Concentration	35977795	0																																		
CRP	L195R	CRP_HUMAN	CHAIN;CHAIN;DOMAIN	C-reactive protein;C-reactive protein(1-205);Pentraxin (PTX)	cell growth	CRP -[Activation]-> 3',5'-cyclic AMP -[Activation]-> cell growth	11343786	0																																		
CRP	T127G	CRP_HUMAN	CHAIN;CHAIN;DOMAIN	C-reactive protein;C-reactive protein(1-205);Pentraxin (PTX)	cell growth	CRP -[Activation]-> 3',5'-cyclic AMP -[Activation]-> cell growth	11343786	0																																		
CRP	T127I	CRP_HUMAN	CHAIN;CHAIN;DOMAIN	C-reactive protein;C-reactive protein(1-205);Pentraxin (PTX)	cell growth	CRP -[Activation]-> 3',5'-cyclic AMP -[Activation]-> cell growth	11343786	0																																		
CRP	T127S	CRP_HUMAN	CHAIN;CHAIN;DOMAIN	C-reactive protein;C-reactive protein(1-205);Pentraxin (PTX)	cell growth	CRP -[Activation]-> 3',5'-cyclic AMP -[Activation]-> cell growth	11343786	0																																		
CRP	Y40F	CRP_HUMAN	CHAIN;CHAIN;DOMAIN	C-reactive protein;C-reactive protein(1-205);Pentraxin (PTX)	Hydrogen-Ion Concentration	CRP -[Complex]-> Hydrogen-Ion Concentration	35977795	0																																		
