variant_protein	variant_info	DomainProteinID	DomainFeature	DomainNote	biological_process/disease	chain	pmid	clinvar_match	#AlleleID	Type	Name	RS# (dbSNP)	disease_1	significance_1	star_1	disease_2	significance_2	star_2	disease_3	significance_3	star_3	disease_4	significance_4	star_4	disease_5	significance_5	star_5	disease_6	significance_6	star_6	disease_7	significance_7	star_7	disease_8	significance_8	star_8	disease_9	significance_9	star_9	disease_10	significance_10	star_10
CRYAA	G98R	CRYAA_HUMAN	CHAIN;CHAIN;CHAIN;CHAIN;DOMAIN	Alpha-crystallin A chain;Alpha-crystallin A(1-172);Alpha-crystallin A(1-168);Alpha-crystallin A(1-162);sHSP	apoptotic process	CRYAA -[Activation]-> apoptotic process	20029648	1	79348	single nucleotide variant	NM_000394.4(CRYAA):c.292G>A (p.Gly98Arg)	398122947	Cataract 9 multiple types	Pathogenic	1.0																											
CRYAA	R116C	CRYAA_HUMAN	CHAIN;CHAIN;CHAIN;CHAIN;DOMAIN	Alpha-crystallin A chain;Alpha-crystallin A(1-172);Alpha-crystallin A(1-168);Alpha-crystallin A(1-162);sHSP	Death	CRYAA -[Complex]-> HSPB1 -[Inhibition]-> Death	16203614	1	31996	single nucleotide variant	NM_000394.4(CRYAA):c.346C>T (p.Arg116Cys)	74315439	Cataract 9 multiple types	Pathogenic	2.0	not provided																										
CRYAA	R116C	CRYAA_HUMAN	CHAIN;CHAIN;CHAIN;CHAIN;DOMAIN	Alpha-crystallin A chain;Alpha-crystallin A(1-172);Alpha-crystallin A(1-168);Alpha-crystallin A(1-162);sHSP	apoptotic process	CRYAA -[Inhibition]-> apoptotic process	16203614	1	31996	single nucleotide variant	NM_000394.4(CRYAA):c.346C>T (p.Arg116Cys)	74315439	Cataract 9 multiple types	Pathogenic	2.0	not provided																										
CRYAA	R116C	CRYAA_HUMAN	CHAIN;CHAIN;CHAIN;CHAIN;DOMAIN	Alpha-crystallin A chain;Alpha-crystallin A(1-172);Alpha-crystallin A(1-168);Alpha-crystallin A(1-162);sHSP	cell death	CRYAA -[Complex]-> HSPB1 -[Inhibition]-> cell death	16203614	1	31996	single nucleotide variant	NM_000394.4(CRYAA):c.346C>T (p.Arg116Cys)	74315439	Cataract 9 multiple types	Pathogenic	2.0	not provided																										
CRYAA	R49C	CRYAA_HUMAN	CHAIN;CHAIN;CHAIN;CHAIN;REGION	Alpha-crystallin A chain;Alpha-crystallin A(1-172);Alpha-crystallin A(1-168);Alpha-crystallin A(1-162);	cell death	CRYAA -[Activation]-> cell death	23288997	1	31998	single nucleotide variant	NM_000394.4(CRYAA):c.145C>T (p.Arg49Cys)	74315441	Cataract 9 multiple types	Pathogenic	1.0																											
CRYAA	R49C	CRYAA_HUMAN	CHAIN;CHAIN;CHAIN;CHAIN;REGION	Alpha-crystallin A chain;Alpha-crystallin A(1-172);Alpha-crystallin A(1-168);Alpha-crystallin A(1-162);	cell death	CRYAA -[Activation]-> cell death	24074001	1	31998	single nucleotide variant	NM_000394.4(CRYAA):c.145C>T (p.Arg49Cys)	74315441	Cataract 9 multiple types	Pathogenic	1.0																											
