variant_protein	variant_info	DomainProteinID	DomainFeature	DomainNote	biological_process/disease	chain	pmid	clinvar_match	#AlleleID	Type	Name	RS# (dbSNP)	disease_1	significance_1	star_1	disease_2	significance_2	star_2	disease_3	significance_3	star_3	disease_4	significance_4	star_4	disease_5	significance_5	star_5	disease_6	significance_6	star_6	disease_7	significance_7	star_7	disease_8	significance_8	star_8	disease_9	significance_9	star_9	disease_10	significance_10	star_10
CTBP1	G172E	CTBP1_HUMAN	CHAIN	C-terminal-binding protein 1	Cell Survival	CTBP1 -[Inhibition]-> Cell Survival	31492851	0																																		
CTBP1	G172E	CTBP1_HUMAN	CHAIN	C-terminal-binding protein 1	Hypoxia	CTBP1 -[Inhibition]-> Hypoxia	31492851	0																																		
CTBP1	G172E	CTBP1_HUMAN	CHAIN	C-terminal-binding protein 1	localization	CTBP1 -[Inhibition]-> localization	31492851	0																																		
CTBP1	G172E	CTBP1_HUMAN	CHAIN	C-terminal-binding protein 1	transport	CTBP1 -[Inhibition]-> transport	31492851	0																																		
