variant_protein	variant_info	DomainProteinID	DomainFeature	DomainNote	biological_process/disease	chain	pmid	clinvar_match	#AlleleID	Type	Name	RS# (dbSNP)	disease_1	significance_1	star_1	disease_2	significance_2	star_2	disease_3	significance_3	star_3	disease_4	significance_4	star_4	disease_5	significance_5	star_5	disease_6	significance_6	star_6	disease_7	significance_7	star_7	disease_8	significance_8	star_8	disease_9	significance_9	star_9	disease_10	significance_10	star_10
CTNNB1	A295W	CTNB1_HUMAN	CHAIN;REPEAT	Catenin beta-1;ARM 4	cell differentiation	CTNNB1 -[Activation]-> cell differentiation	28943339	0																																		
CTNNB1	A295W	CTNB1_HUMAN	CHAIN;REPEAT	Catenin beta-1;ARM 4	transcription, DNA-templated	CTNNB1 -[Activation]-> transcription, DNA-templated	28943339	0																																		
CTNNB1	D32H	CTNB1_HUMAN	CHAIN	Catenin beta-1	Neoplasm Invasiveness	CTNNB1 -[IncreaseAmount]-> MITF -[Inhibition]-> Neoplasm Invasiveness	25818589	0																																		
CTNNB1	D32H	CTNB1_HUMAN	CHAIN	Catenin beta-1	cell cycle	CTNNB1 -[IncreaseAmount]-> MITF -[Activation]-> cell cycle	25818589	0																																		
CTNNB1	D32H	CTNB1_HUMAN	CHAIN	Catenin beta-1	cell differentiation	CTNNB1 -[IncreaseAmount]-> MITF -[Activation]-> cell differentiation	25818589	0																																		
CTNNB1	D32H	CTNB1_HUMAN	CHAIN	Catenin beta-1	cell growth	CTNNB1 -[Activation]-> cell growth	25818589	0																																		
CTNNB1	D32H	CTNB1_HUMAN	CHAIN	Catenin beta-1	cell population proliferation	CTNNB1 -[IncreaseAmount]-> MITF -[Activation]-> cell population proliferation	25818589	0																																		
CTNNB1	D32H	CTNB1_HUMAN	CHAIN	Catenin beta-1	transcription, DNA-templated	CTNNB1 -[IncreaseAmount]-> MITF -[Activation]-> transcription, DNA-templated	25818589	0																																		
CTNNB1	G43E	CTNB1_HUMAN	CHAIN;REGION	Catenin beta-1;Disordered	Neoplasms	CTNNB1 -[Activation]-> Neoplasms	26992487	0																																		
CTNNB1	G43E	CTNB1_HUMAN	CHAIN;REGION	Catenin beta-1;Disordered	neurogenesis	CTNNB1 -[Activation]-> neurogenesis	26992487	0																																		
CTNNB1	H36P	CTNB1_HUMAN	CHAIN;REGION	Catenin beta-1;Disordered	Carcinogenesis	CTNNB1 -[Activation]-> Carcinogenesis	34488905	0																																		
CTNNB1	H36P	CTNB1_HUMAN	CHAIN;REGION	Catenin beta-1;Disordered	cell population proliferation	CTNNB1 -[Activation]-> cell population proliferation	34488905	0																																		
CTNNB1	H36P	CTNB1_HUMAN	CHAIN;REGION	Catenin beta-1;Disordered	transcription, DNA-templated	CTNNB1 -[Activation]-> transcription, DNA-templated	34488905	0																																		
CTNNB1	I296W	CTNB1_HUMAN	CHAIN;REPEAT	Catenin beta-1;ARM 4	cell differentiation	CTNNB1 -[Activation]-> cell differentiation	28943339	0																																		
CTNNB1	I296W	CTNB1_HUMAN	CHAIN;REPEAT	Catenin beta-1;ARM 4	transcription, DNA-templated	CTNNB1 -[Activation]-> transcription, DNA-templated	28943339	0																																		
CTNNB1	S33A	CTNB1_HUMAN	CHAIN	Catenin beta-1	Neoplasm Invasiveness	CTNNB1 -[Complex]-> CDH1 -[Inhibition]-> Neoplasm Invasiveness	16368435	0																																		
CTNNB1	S33A	CTNB1_HUMAN	CHAIN	Catenin beta-1	Neoplasm Metastasis	CTNNB1 -[Complex]-> CDH1 -[Activation]-> Neoplasm Metastasis	16368435	0																																		
CTNNB1	S33A	CTNB1_HUMAN	CHAIN	Catenin beta-1	Neoplasms	CTNNB1 -[Activation]-> Neoplasms	34823423	0																																		
CTNNB1	S33A	CTNB1_HUMAN	CHAIN	Catenin beta-1	apoptotic process	CTNNB1 -[Complex]-> FHL2 -[Activation]-> apoptotic process	12370240	0																																		
CTNNB1	S33A	CTNB1_HUMAN	CHAIN	Catenin beta-1	apoptotic process	CTNNB1 -[Complex]-> MYC -[Activation]-> apoptotic process	22540008	0																																		
CTNNB1	S33A	CTNB1_HUMAN	CHAIN	Catenin beta-1	cell adhesion	CTNNB1 -[Activation]-> cell adhesion	22540008	0																																		
CTNNB1	S33A	CTNB1_HUMAN	CHAIN	Catenin beta-1	cell differentiation	CTNNB1 -[Complex]-> FHL2 -[Inhibition]-> cell differentiation	12370240	0																																		
CTNNB1	S33A	CTNB1_HUMAN	CHAIN	Catenin beta-1	cell differentiation	CTNNB1 -[Inhibition]-> cell differentiation	22540008	0																																		
CTNNB1	S33A	CTNB1_HUMAN	CHAIN	Catenin beta-1	cell growth	CTNNB1 -[IncreaseAmount]-> Wnt -[Activation]-> cell growth	31888886	0																																		
CTNNB1	S33A	CTNB1_HUMAN	CHAIN	Catenin beta-1	cell population proliferation	CTNNB1 -[Activation]-> KDM4C -[Activation]-> cell population proliferation	31888886	0																																		
CTNNB1	S33A	CTNB1_HUMAN	CHAIN	Catenin beta-1	cell-cell adhesion	CTNNB1 -[Complex]-> CDH1 -[Activation]-> cell-cell adhesion	16368435	0																																		
CTNNB1	S33A	CTNB1_HUMAN	CHAIN	Catenin beta-1	transcription, DNA-templated	CTNNB1 -[Activation]-> Wnt -[Activation]-> transcription, DNA-templated	21362399	0																																		
CTNNB1	S33A	CTNB1_HUMAN	CHAIN	Catenin beta-1	transcription, DNA-templated	CTNNB1 -[Activation]-> transcription, DNA-templated	12370240	0																																		
CTNNB1	S33A	CTNB1_HUMAN	CHAIN	Catenin beta-1	transcription, DNA-templated	CTNNB1 -[Activation]-> transcription, DNA-templated	31888886	0																																		
CTNNB1	S33A	CTNB1_HUMAN	CHAIN	Catenin beta-1	transcription, DNA-templated	CTNNB1 -[Inhibition]-> transcription, DNA-templated	16368435	0																																		
CTNNB1	S33F	CTNB1_HUMAN	CHAIN	Catenin beta-1	autophagy	CTNNB1 -[Inhibition]-> autophagy	25691573	1	32622	single nucleotide variant	NM_001904.4(CTNNB1):c.98C>T (p.Ser33Phe)	121913400	Pilomatrixoma	Pathogenic; other	0.0	Medulloblastoma			Malignant tumor of urinary bladder			Neoplasm			Adrenal cortex neoplasm																	
CTNNB1	S33F	CTNB1_HUMAN	CHAIN	Catenin beta-1	cell population proliferation	CTNNB1 -[Activation]-> Wnt -[Activation]-> cell population proliferation	29872041	1	32622	single nucleotide variant	NM_001904.4(CTNNB1):c.98C>T (p.Ser33Phe)	121913400	Pilomatrixoma	Pathogenic; other	0.0	Medulloblastoma			Malignant tumor of urinary bladder			Neoplasm			Adrenal cortex neoplasm																	
CTNNB1	S33F	CTNB1_HUMAN	CHAIN	Catenin beta-1	cellular senescence	CTNNB1 -[Complex]-> GSK3B -[Activation]-> cellular senescence	25691573	1	32622	single nucleotide variant	NM_001904.4(CTNNB1):c.98C>T (p.Ser33Phe)	121913400	Pilomatrixoma	Pathogenic; other	0.0	Medulloblastoma			Malignant tumor of urinary bladder			Neoplasm			Adrenal cortex neoplasm																	
CTNNB1	S33F	CTNB1_HUMAN	CHAIN	Catenin beta-1	mitotic cell cycle	CTNNB1 -[Activation]-> Wnt -[Activation]-> mitotic cell cycle	29872041	1	32622	single nucleotide variant	NM_001904.4(CTNNB1):c.98C>T (p.Ser33Phe)	121913400	Pilomatrixoma	Pathogenic; other	0.0	Medulloblastoma			Malignant tumor of urinary bladder			Neoplasm			Adrenal cortex neoplasm																	
CTNNB1	S33Y	CTNB1_HUMAN	CHAIN	Catenin beta-1	Cell Survival	CTNNB1 -[Activation]-> Cell Survival	33430186	1	32616	single nucleotide variant	NM_001904.4(CTNNB1):c.98C>A (p.Ser33Tyr)	121913400	Carcinoma of colon	Pathogenic	0.0	Pilomatrixoma																										
CTNNB1	S33Y	CTNB1_HUMAN	CHAIN	Catenin beta-1	Cell Survival	CTNNB1 -[Inhibition]-> Cell Survival	25266063	1	32616	single nucleotide variant	NM_001904.4(CTNNB1):c.98C>A (p.Ser33Tyr)	121913400	Carcinoma of colon	Pathogenic	0.0	Pilomatrixoma																										
CTNNB1	S33Y	CTNB1_HUMAN	CHAIN	Catenin beta-1	Cell Survival	CTNNB1 -[Inhibition]-> PMPCB -[Activation]-> Cell Survival	30862714	1	32616	single nucleotide variant	NM_001904.4(CTNNB1):c.98C>A (p.Ser33Tyr)	121913400	Carcinoma of colon	Pathogenic	0.0	Pilomatrixoma																										
CTNNB1	S33Y	CTNB1_HUMAN	CHAIN	Catenin beta-1	Death	CTNNB1 -[IncreaseAmount]-> MDM2 -[Activation]-> Death	27499244	1	32616	single nucleotide variant	NM_001904.4(CTNNB1):c.98C>A (p.Ser33Tyr)	121913400	Carcinoma of colon	Pathogenic	0.0	Pilomatrixoma																										
CTNNB1	S33Y	CTNB1_HUMAN	CHAIN	Catenin beta-1	Neoplasm Invasiveness	CTNNB1 -[Activation]-> GPX2 -[Inhibition]-> Neoplasm Invasiveness	18574776	1	32616	single nucleotide variant	NM_001904.4(CTNNB1):c.98C>A (p.Ser33Tyr)	121913400	Carcinoma of colon	Pathogenic	0.0	Pilomatrixoma																										
CTNNB1	S33Y	CTNB1_HUMAN	CHAIN	Catenin beta-1	Neoplasm Invasiveness	CTNNB1 -[Activation]-> Neoplasm Invasiveness	22652173	1	32616	single nucleotide variant	NM_001904.4(CTNNB1):c.98C>A (p.Ser33Tyr)	121913400	Carcinoma of colon	Pathogenic	0.0	Pilomatrixoma																										
CTNNB1	S33Y	CTNB1_HUMAN	CHAIN	Catenin beta-1	Neoplasm Metastasis	CTNNB1 -[Inhibition]-> PMPCB -[Activation]-> EPCAM -[Activation]-> Neoplasm Metastasis	30862714	1	32616	single nucleotide variant	NM_001904.4(CTNNB1):c.98C>A (p.Ser33Tyr)	121913400	Carcinoma of colon	Pathogenic	0.0	Pilomatrixoma																										
CTNNB1	S33Y	CTNB1_HUMAN	CHAIN	Catenin beta-1	Neuroblastoma	CTNNB1 -[Activation]-> prostaglandin E2 -[Activation]-> Neuroblastoma	25266063	1	32616	single nucleotide variant	NM_001904.4(CTNNB1):c.98C>A (p.Ser33Tyr)	121913400	Carcinoma of colon	Pathogenic	0.0	Pilomatrixoma																										
CTNNB1	S33Y	CTNB1_HUMAN	CHAIN	Catenin beta-1	angiogenesis	CTNNB1 -[Deacetylation]-> TP53 -[Inhibition]-> angiogenesis	27499244	1	32616	single nucleotide variant	NM_001904.4(CTNNB1):c.98C>A (p.Ser33Tyr)	121913400	Carcinoma of colon	Pathogenic	0.0	Pilomatrixoma																										
CTNNB1	S33Y	CTNB1_HUMAN	CHAIN	Catenin beta-1	apoptotic process	CTNNB1 -[Activation]-> apoptotic process	29390193	1	32616	single nucleotide variant	NM_001904.4(CTNNB1):c.98C>A (p.Ser33Tyr)	121913400	Carcinoma of colon	Pathogenic	0.0	Pilomatrixoma																										
CTNNB1	S33Y	CTNB1_HUMAN	CHAIN	Catenin beta-1	apoptotic process	CTNNB1 -[Inhibition]-> PMPCB -[Activation]-> apoptotic process	30862714	1	32616	single nucleotide variant	NM_001904.4(CTNNB1):c.98C>A (p.Ser33Tyr)	121913400	Carcinoma of colon	Pathogenic	0.0	Pilomatrixoma																										
CTNNB1	S33Y	CTNB1_HUMAN	CHAIN	Catenin beta-1	apoptotic process	CTNNB1 -[Inhibition]-> apoptotic process	25266063	1	32616	single nucleotide variant	NM_001904.4(CTNNB1):c.98C>A (p.Ser33Tyr)	121913400	Carcinoma of colon	Pathogenic	0.0	Pilomatrixoma																										
CTNNB1	S33Y	CTNB1_HUMAN	CHAIN	Catenin beta-1	apoptotic process	CTNNB1 -[Inhibition]-> apoptotic process	35059392	1	32616	single nucleotide variant	NM_001904.4(CTNNB1):c.98C>A (p.Ser33Tyr)	121913400	Carcinoma of colon	Pathogenic	0.0	Pilomatrixoma																										
CTNNB1	S33Y	CTNB1_HUMAN	CHAIN	Catenin beta-1	cell cycle	CTNNB1 -[Activation]-> cell cycle	25266063	1	32616	single nucleotide variant	NM_001904.4(CTNNB1):c.98C>A (p.Ser33Tyr)	121913400	Carcinoma of colon	Pathogenic	0.0	Pilomatrixoma																										
CTNNB1	S33Y	CTNB1_HUMAN	CHAIN	Catenin beta-1	cell differentiation	CTNNB1 -[Activation]-> Wnt -[Activation]-> cell differentiation	23032104	1	32616	single nucleotide variant	NM_001904.4(CTNNB1):c.98C>A (p.Ser33Tyr)	121913400	Carcinoma of colon	Pathogenic	0.0	Pilomatrixoma																										
CTNNB1	S33Y	CTNB1_HUMAN	CHAIN	Catenin beta-1	cell differentiation	CTNNB1 -[Activation]-> cell differentiation	28943339	1	32616	single nucleotide variant	NM_001904.4(CTNNB1):c.98C>A (p.Ser33Tyr)	121913400	Carcinoma of colon	Pathogenic	0.0	Pilomatrixoma																										
CTNNB1	S33Y	CTNB1_HUMAN	CHAIN	Catenin beta-1	cell differentiation	CTNNB1 -[Activation]-> cell differentiation	32350360	1	32616	single nucleotide variant	NM_001904.4(CTNNB1):c.98C>A (p.Ser33Tyr)	121913400	Carcinoma of colon	Pathogenic	0.0	Pilomatrixoma																										
CTNNB1	S33Y	CTNB1_HUMAN	CHAIN	Catenin beta-1	cell population proliferation	CTNNB1 -[Activation]-> CELSR2 -[Inhibition]-> cell population proliferation	32988580	1	32616	single nucleotide variant	NM_001904.4(CTNNB1):c.98C>A (p.Ser33Tyr)	121913400	Carcinoma of colon	Pathogenic	0.0	Pilomatrixoma																										
CTNNB1	S33Y	CTNB1_HUMAN	CHAIN	Catenin beta-1	cell population proliferation	CTNNB1 -[Activation]-> EZH2 -[Activation]-> cell population proliferation	30008323	1	32616	single nucleotide variant	NM_001904.4(CTNNB1):c.98C>A (p.Ser33Tyr)	121913400	Carcinoma of colon	Pathogenic	0.0	Pilomatrixoma																										
CTNNB1	S33Y	CTNB1_HUMAN	CHAIN	Catenin beta-1	cell population proliferation	CTNNB1 -[Activation]-> JQ1 -[Inhibition]-> cell population proliferation	32832621	1	32616	single nucleotide variant	NM_001904.4(CTNNB1):c.98C>A (p.Ser33Tyr)	121913400	Carcinoma of colon	Pathogenic	0.0	Pilomatrixoma																										
CTNNB1	S33Y	CTNB1_HUMAN	CHAIN	Catenin beta-1	cell population proliferation	CTNNB1 -[Activation]-> cell population proliferation	27499244	1	32616	single nucleotide variant	NM_001904.4(CTNNB1):c.98C>A (p.Ser33Tyr)	121913400	Carcinoma of colon	Pathogenic	0.0	Pilomatrixoma																										
CTNNB1	S33Y	CTNB1_HUMAN	CHAIN	Catenin beta-1	cell population proliferation	CTNNB1 -[Activation]-> cell population proliferation	30338040	1	32616	single nucleotide variant	NM_001904.4(CTNNB1):c.98C>A (p.Ser33Tyr)	121913400	Carcinoma of colon	Pathogenic	0.0	Pilomatrixoma																										
CTNNB1	S33Y	CTNB1_HUMAN	CHAIN	Catenin beta-1	cell population proliferation	CTNNB1 -[Activation]-> prostaglandin E2 -[Inhibition]-> cell population proliferation	25266063	1	32616	single nucleotide variant	NM_001904.4(CTNNB1):c.98C>A (p.Ser33Tyr)	121913400	Carcinoma of colon	Pathogenic	0.0	Pilomatrixoma																										
CTNNB1	S33Y	CTNB1_HUMAN	CHAIN	Catenin beta-1	cell population proliferation	CTNNB1 -[Inhibition]-> PMPCB -[Activation]-> cell population proliferation	30862714	1	32616	single nucleotide variant	NM_001904.4(CTNNB1):c.98C>A (p.Ser33Tyr)	121913400	Carcinoma of colon	Pathogenic	0.0	Pilomatrixoma																										
CTNNB1	S33Y	CTNB1_HUMAN	CHAIN	Catenin beta-1	epithelial to mesenchymal transition	CTNNB1 -[Activation]-> epithelial to mesenchymal transition	22391957	1	32616	single nucleotide variant	NM_001904.4(CTNNB1):c.98C>A (p.Ser33Tyr)	121913400	Carcinoma of colon	Pathogenic	0.0	Pilomatrixoma																										
CTNNB1	S33Y	CTNB1_HUMAN	CHAIN	Catenin beta-1	localization	CTNNB1 -[Activation]-> prostaglandin E2 -[Activation]-> localization	25266063	1	32616	single nucleotide variant	NM_001904.4(CTNNB1):c.98C>A (p.Ser33Tyr)	121913400	Carcinoma of colon	Pathogenic	0.0	Pilomatrixoma																										
CTNNB1	S33Y	CTNB1_HUMAN	CHAIN	Catenin beta-1	transcription, DNA-templated	CTNNB1 -[Activation]-> Wnt -[Activation]-> transcription, DNA-templated	21362399	1	32616	single nucleotide variant	NM_001904.4(CTNNB1):c.98C>A (p.Ser33Tyr)	121913400	Carcinoma of colon	Pathogenic	0.0	Pilomatrixoma																										
CTNNB1	S33Y	CTNB1_HUMAN	CHAIN	Catenin beta-1	transcription, DNA-templated	CTNNB1 -[Activation]-> transcription, DNA-templated	28943339	1	32616	single nucleotide variant	NM_001904.4(CTNNB1):c.98C>A (p.Ser33Tyr)	121913400	Carcinoma of colon	Pathogenic	0.0	Pilomatrixoma																										
CTNNB1	S33Y	CTNB1_HUMAN	CHAIN	Catenin beta-1	transcription, DNA-templated	CTNNB1 -[Activation]-> transcription, DNA-templated	32832621	1	32616	single nucleotide variant	NM_001904.4(CTNNB1):c.98C>A (p.Ser33Tyr)	121913400	Carcinoma of colon	Pathogenic	0.0	Pilomatrixoma																										
CTNNB1	S33Y	CTNB1_HUMAN	CHAIN	Catenin beta-1	transcription, DNA-templated	CTNNB1 -[Complex]-> FZD6 -[Inhibition]-> transcription, DNA-templated	14747478	1	32616	single nucleotide variant	NM_001904.4(CTNNB1):c.98C>A (p.Ser33Tyr)	121913400	Carcinoma of colon	Pathogenic	0.0	Pilomatrixoma																										
CTNNB1	S33Y	CTNB1_HUMAN	CHAIN	Catenin beta-1	transcription, DNA-templated	CTNNB1 -[Inhibition]-> NR3C1 -[Inhibition]-> transcription, DNA-templated	33430186	1	32616	single nucleotide variant	NM_001904.4(CTNNB1):c.98C>A (p.Ser33Tyr)	121913400	Carcinoma of colon	Pathogenic	0.0	Pilomatrixoma																										
CTNNB1	S374A	CTNB1_HUMAN	CHAIN;REPEAT	Catenin beta-1;ARM 6	apoptotic process	CTNNB1 -[Inhibition]-> apoptotic process	19223551	0																																		
CTNNB1	S374A	CTNB1_HUMAN	CHAIN;REPEAT	Catenin beta-1;ARM 6	cell population proliferation	CTNNB1 -[Activation]-> cell population proliferation	19223551	0																																		
CTNNB1	S37A	CTNB1_HUMAN	CHAIN;REGION	Catenin beta-1;Disordered	Breast Neoplasms	CTNNB1 -[Activation]-> DEK -[Activation]-> Breast Neoplasms	21317931	0																																		
CTNNB1	S37A	CTNB1_HUMAN	CHAIN;REGION	Catenin beta-1;Disordered	Carcinoma, Hepatocellular	CTNNB1 -[Complex]-> CUL4B -[Activation]-> Carcinoma, Hepatocellular	31675361	0																																		
CTNNB1	S37A	CTNB1_HUMAN	CHAIN;REGION	Catenin beta-1;Disordered	Cell Survival	CTNNB1 -[Activation]-> Cell Survival	11980918	0																																		
CTNNB1	S37A	CTNB1_HUMAN	CHAIN;REGION	Catenin beta-1;Disordered	Neoplasm Invasiveness	CTNNB1 -[Activation]-> Neoplasm Invasiveness	21317931	0																																		
CTNNB1	S37A	CTNB1_HUMAN	CHAIN;REGION	Catenin beta-1;Disordered	Neoplasm Invasiveness	CTNNB1 -[Activation]-> Neoplasm Invasiveness	27333045	0																																		
CTNNB1	S37A	CTNB1_HUMAN	CHAIN;REGION	Catenin beta-1;Disordered	Neoplasm Invasiveness	CTNNB1 -[Complex]-> JUN -[Activation]-> Neoplasm Invasiveness	21321938	0																																		
CTNNB1	S37A	CTNB1_HUMAN	CHAIN;REGION	Catenin beta-1;Disordered	Neoplasm Metastasis	CTNNB1 -[Activation]-> DEK -[Activation]-> Neoplasm Metastasis	21317931	0																																		
CTNNB1	S37A	CTNB1_HUMAN	CHAIN;REGION	Catenin beta-1;Disordered	Neoplasms	CTNNB1 -[Activation]-> WNT5A -[Inhibition]-> Neoplasms	12952940	0																																		
CTNNB1	S37A	CTNB1_HUMAN	CHAIN;REGION	Catenin beta-1;Disordered	Osteosarcoma	CTNNB1 -[Complex]-> CUL4B -[Activation]-> Osteosarcoma	31675361	0																																		
CTNNB1	S37A	CTNB1_HUMAN	CHAIN;REGION	Catenin beta-1;Disordered	Stomach Neoplasms	CTNNB1 -[Activation]-> Stomach Neoplasms	27333045	0																																		
CTNNB1	S37A	CTNB1_HUMAN	CHAIN;REGION	Catenin beta-1;Disordered	apoptotic process	CTNNB1 -[Activation]-> DEK -[Activation]-> apoptotic process	21317931	0																																		
CTNNB1	S37A	CTNB1_HUMAN	CHAIN;REGION	Catenin beta-1;Disordered	apoptotic process	CTNNB1 -[Activation]-> apoptotic process	16945989	0																																		
CTNNB1	S37A	CTNB1_HUMAN	CHAIN;REGION	Catenin beta-1;Disordered	apoptotic process	CTNNB1 -[IncreaseAmount]-> STAT3 -[Activation]-> apoptotic process	22108192	0																																		
CTNNB1	S37A	CTNB1_HUMAN	CHAIN;REGION	Catenin beta-1;Disordered	apoptotic process	CTNNB1 -[Inhibition]-> apoptotic process	11980918	0																																		
CTNNB1	S37A	CTNB1_HUMAN	CHAIN;REGION	Catenin beta-1;Disordered	autophagy	CTNNB1 -[Inhibition]-> autophagy	25691573	0																																		
CTNNB1	S37A	CTNB1_HUMAN	CHAIN;REGION	Catenin beta-1;Disordered	cell adhesion	CTNNB1 -[Activation]-> WNT3A -[Activation]-> cell adhesion	25147340	0																																		
CTNNB1	S37A	CTNB1_HUMAN	CHAIN;REGION	Catenin beta-1;Disordered	cell adhesion	CTNNB1 -[Activation]-> WNT5A -[Inhibition]-> cell adhesion	12952940	0																																		
CTNNB1	S37A	CTNB1_HUMAN	CHAIN;REGION	Catenin beta-1;Disordered	cell death	CTNNB1 -[Complex]-> SRY -[Inhibition]-> cell death	18598779	0																																		
CTNNB1	S37A	CTNB1_HUMAN	CHAIN;REGION	Catenin beta-1;Disordered	cell differentiation	CTNNB1 -[Activation]-> WNT3A -[Activation]-> cell differentiation	25147340	0																																		
CTNNB1	S37A	CTNB1_HUMAN	CHAIN;REGION	Catenin beta-1;Disordered	cell differentiation	CTNNB1 -[Activation]-> cell differentiation	18213391	0																																		
CTNNB1	S37A	CTNB1_HUMAN	CHAIN;REGION	Catenin beta-1;Disordered	cell differentiation	CTNNB1 -[Complex]-> SRY -[Inhibition]-> cell differentiation	18598779	0																																		
CTNNB1	S37A	CTNB1_HUMAN	CHAIN;REGION	Catenin beta-1;Disordered	cell differentiation	CTNNB1 -[Complex]-> Spats1 -[Activation]-> cell differentiation	20603214	0																																		
CTNNB1	S37A	CTNB1_HUMAN	CHAIN;REGION	Catenin beta-1;Disordered	cell differentiation	CTNNB1 -[Inhibition]-> cell differentiation	28976975	0																																		
CTNNB1	S37A	CTNB1_HUMAN	CHAIN;REGION	Catenin beta-1;Disordered	cell growth	CTNNB1 -[Activation]-> CCN4 -[Activation]-> cell growth	11980918	0																																		
CTNNB1	S37A	CTNB1_HUMAN	CHAIN;REGION	Catenin beta-1;Disordered	cell growth	CTNNB1 -[Activation]-> DEK -[Activation]-> cell growth	21317931	0																																		
CTNNB1	S37A	CTNB1_HUMAN	CHAIN;REGION	Catenin beta-1;Disordered	cell growth	CTNNB1 -[Activation]-> cell growth	27333045	0																																		
CTNNB1	S37A	CTNB1_HUMAN	CHAIN;REGION	Catenin beta-1;Disordered	cell growth	CTNNB1 -[Complex]-> Spats1 -[Inhibition]-> cell growth	20603214	0																																		
CTNNB1	S37A	CTNB1_HUMAN	CHAIN;REGION	Catenin beta-1;Disordered	cell migration	CTNNB1 -[Activation]-> cell migration	27333045	0																																		
CTNNB1	S37A	CTNB1_HUMAN	CHAIN;REGION	Catenin beta-1;Disordered	cell motility	CTNNB1 -[Activation]-> DEK -[Activation]-> cell motility	21317931	0																																		
CTNNB1	S37A	CTNB1_HUMAN	CHAIN;REGION	Catenin beta-1;Disordered	cell population proliferation	CTNNB1 -[Activation]-> DEK -[Activation]-> cell population proliferation	21317931	0																																		
CTNNB1	S37A	CTNB1_HUMAN	CHAIN;REGION	Catenin beta-1;Disordered	cell population proliferation	CTNNB1 -[Activation]-> cell population proliferation	18213391	0																																		
CTNNB1	S37A	CTNB1_HUMAN	CHAIN;REGION	Catenin beta-1;Disordered	cell population proliferation	CTNNB1 -[Complex]-> CUL4B -[Activation]-> cell population proliferation	31675361	0																																		
CTNNB1	S37A	CTNB1_HUMAN	CHAIN;REGION	Catenin beta-1;Disordered	cell population proliferation	CTNNB1 -[Complex]-> Spats1 -[Inhibition]-> cell population proliferation	20603214	0																																		
CTNNB1	S37A	CTNB1_HUMAN	CHAIN;REGION	Catenin beta-1;Disordered	cell population proliferation	CTNNB1 -[IncreaseAmount]-> STAT3 -[Activation]-> PLK1 -[Activation]-> cell population proliferation	22108192	0																																		
CTNNB1	S37A	CTNB1_HUMAN	CHAIN;REGION	Catenin beta-1;Disordered	cellular senescence	CTNNB1 -[Complex]-> GSK3B -[Activation]-> cellular senescence	25691573	0																																		
CTNNB1	S37A	CTNB1_HUMAN	CHAIN;REGION	Catenin beta-1;Disordered	epithelial to mesenchymal transition	CTNNB1 -[Activation]-> epithelial to mesenchymal transition	27333045	0																																		
CTNNB1	S37A	CTNB1_HUMAN	CHAIN;REGION	Catenin beta-1;Disordered	localization	CTNNB1 -[Complex]-> SRY -[Activation]-> localization	18598779	0																																		
CTNNB1	S37A	CTNB1_HUMAN	CHAIN;REGION	Catenin beta-1;Disordered	proteolysis	CTNNB1 -[Activation]-> WNT5A -[Inhibition]-> proteolysis	12952940	0																																		
CTNNB1	S37A	CTNB1_HUMAN	CHAIN;REGION	Catenin beta-1;Disordered	proteolysis	CTNNB1 -[IncreaseAmount]-> AHR -[Inhibition]-> proteolysis	31675361	0																																		
CTNNB1	S37A	CTNB1_HUMAN	CHAIN;REGION	Catenin beta-1;Disordered	transcription, DNA-templated	CTNNB1 -[Activation]-> STAT3 -[DecreaseAmount]-> TCF_LEF -[Activation]-> transcription, DNA-templated	18602747	0																																		
CTNNB1	S37A	CTNB1_HUMAN	CHAIN;REGION	Catenin beta-1;Disordered	transcription, DNA-templated	CTNNB1 -[Activation]-> transcription, DNA-templated	18045789	0																																		
CTNNB1	S37A	CTNB1_HUMAN	CHAIN;REGION	Catenin beta-1;Disordered	transcription, DNA-templated	CTNNB1 -[Activation]-> transcription, DNA-templated	18213391	0																																		
CTNNB1	S37A	CTNB1_HUMAN	CHAIN;REGION	Catenin beta-1;Disordered	transcription, DNA-templated	CTNNB1 -[Activation]-> transcription, DNA-templated	18598779	0																																		
CTNNB1	S37A	CTNB1_HUMAN	CHAIN;REGION	Catenin beta-1;Disordered	transcription, DNA-templated	CTNNB1 -[Activation]-> transcription, DNA-templated	25147340	0																																		
CTNNB1	S37A	CTNB1_HUMAN	CHAIN;REGION	Catenin beta-1;Disordered	transcription, DNA-templated	CTNNB1 -[Activation]-> transcription, DNA-templated	27333045	0																																		
CTNNB1	S37A	CTNB1_HUMAN	CHAIN;REGION	Catenin beta-1;Disordered	transcription, DNA-templated	CTNNB1 -[Activation]-> transcription, DNA-templated	31675361	0																																		
CTNNB1	S37A	CTNB1_HUMAN	CHAIN;REGION	Catenin beta-1;Disordered	transcription, DNA-templated	CTNNB1 -[IncreaseAmount]-> STAT3 -[Activation]-> transcription, DNA-templated	22108192	0																																		
CTNNB1	S37C	CTNB1_HUMAN	CHAIN;REGION	Catenin beta-1;Disordered	Neoplasms	CTNNB1 -[Activation]-> Neoplasms	34780851	1	32618	single nucleotide variant	NM_001904.4(CTNNB1):c.110C>G (p.Ser37Cys)	121913403	Ovarian neoplasm	Pathogenic/Likely pathogenic	0.0	Pilomatrixoma			not provided																							
CTNNB1	S37C	CTNB1_HUMAN	CHAIN;REGION	Catenin beta-1;Disordered	angiogenesis	CTNNB1 -[Activation]-> angiogenesis	34780851	1	32618	single nucleotide variant	NM_001904.4(CTNNB1):c.110C>G (p.Ser37Cys)	121913403	Ovarian neoplasm	Pathogenic/Likely pathogenic	0.0	Pilomatrixoma			not provided																							
CTNNB1	S37C	CTNB1_HUMAN	CHAIN;REGION	Catenin beta-1;Disordered	cell population proliferation	CTNNB1 -[Activation]-> cell population proliferation	33987379	1	32618	single nucleotide variant	NM_001904.4(CTNNB1):c.110C>G (p.Ser37Cys)	121913403	Ovarian neoplasm	Pathogenic/Likely pathogenic	0.0	Pilomatrixoma			not provided																							
CTNNB1	S37C	CTNB1_HUMAN	CHAIN;REGION	Catenin beta-1;Disordered	cell population proliferation	CTNNB1 -[Activation]-> cell population proliferation	34780851	1	32618	single nucleotide variant	NM_001904.4(CTNNB1):c.110C>G (p.Ser37Cys)	121913403	Ovarian neoplasm	Pathogenic/Likely pathogenic	0.0	Pilomatrixoma			not provided																							
CTNNB1	S37F	CTNB1_HUMAN	CHAIN;REGION	Catenin beta-1;Disordered	cell population proliferation	CTNNB1 -[Activation]-> EZH2 -[Activation]-> cell population proliferation	30008323	1	32625	single nucleotide variant	NM_001904.4(CTNNB1):c.110C>T (p.Ser37Phe)	121913403	Pilomatrixoma	Pathogenic	0.0																											
CTNNB1	S45F	CTNB1_HUMAN	CHAIN;REGION	Catenin beta-1;Disordered	apoptotic process	CTNNB1 -[DecreaseAmount]-> RUNX3 -[Activation]-> apoptotic process	32651460	1	32627	single nucleotide variant	NM_001904.4(CTNNB1):c.134C>T (p.Ser45Phe)	121913409	Hepatocellular carcinoma	Pathogenic; other	0.0	Nephroblastoma			Gallbladder cancer			Neoplasm																				
CTNNB1	S45F	CTNB1_HUMAN	CHAIN;REGION	Catenin beta-1;Disordered	cell differentiation	CTNNB1 -[Activation]-> Wnt -[Inhibition]-> Notch -[Activation]-> cell differentiation	23132247	1	32627	single nucleotide variant	NM_001904.4(CTNNB1):c.134C>T (p.Ser45Phe)	121913409	Hepatocellular carcinoma	Pathogenic; other	0.0	Nephroblastoma			Gallbladder cancer			Neoplasm																				
CTNNB1	S45F	CTNB1_HUMAN	CHAIN;REGION	Catenin beta-1;Disordered	transcription, DNA-templated	CTNNB1 -[Activation]-> Wnt -[Activation]-> transcription, DNA-templated	23132247	1	32627	single nucleotide variant	NM_001904.4(CTNNB1):c.134C>T (p.Ser45Phe)	121913409	Hepatocellular carcinoma	Pathogenic; other	0.0	Nephroblastoma			Gallbladder cancer			Neoplasm																				
CTNNB1	S675A	CTNB1_HUMAN	CHAIN	Catenin beta-1	Neoplasm Invasiveness	CTNNB1 -[Activation]-> Neoplasm Invasiveness	29415992	0																																		
CTNNB1	S675A	CTNB1_HUMAN	CHAIN	Catenin beta-1	Neoplasm Metastasis	CTNNB1 -[Inhibition]-> Neoplasm Metastasis	29415992	0																																		
CTNNB1	S675A	CTNB1_HUMAN	CHAIN	Catenin beta-1	cell growth	CTNNB1 -[Inhibition]-> SPP1 -[Activation]-> cell growth	29415992	0																																		
CTNNB1	S675A	CTNB1_HUMAN	CHAIN	Catenin beta-1	cell migration	CTNNB1 -[Inhibition]-> SPP1 -[Activation]-> cell migration	29415992	0																																		
CTNNB1	S675A	CTNB1_HUMAN	CHAIN	Catenin beta-1	epithelial to mesenchymal transition	CTNNB1 -[Inhibition]-> SPP1 -[Activation]-> epithelial to mesenchymal transition	29415992	0																																		
CTNNB1	S715A	CTNB1_HUMAN	CHAIN;REGION	Catenin beta-1;Disordered	Carcinogenesis	CTNNB1 -[Activation]-> Carcinogenesis	32723561	0																																		
CTNNB1	S715A	CTNB1_HUMAN	CHAIN;REGION	Catenin beta-1;Disordered	Glioblastoma	CTNNB1 -[Complex]-> FOXM1 -[Activation]-> Glioblastoma	32723561	0																																		
CTNNB1	S715A	CTNB1_HUMAN	CHAIN;REGION	Catenin beta-1;Disordered	Glioma	CTNNB1 -[Activation]-> Glioma	32723561	0																																		
CTNNB1	S715A	CTNB1_HUMAN	CHAIN;REGION	Catenin beta-1;Disordered	Ubiquitination	CTNNB1 -[Inhibition]-> Ubiquitination	32723561	0																																		
CTNNB1	S715A	CTNB1_HUMAN	CHAIN;REGION	Catenin beta-1;Disordered	cell cycle	CTNNB1 -[Activation]-> EZH2 -[Activation]-> cell cycle	32723561	0																																		
CTNNB1	S715A	CTNB1_HUMAN	CHAIN;REGION	Catenin beta-1;Disordered	cell growth	CTNNB1 -[Activation]-> cell growth	32723561	0																																		
CTNNB1	S715A	CTNB1_HUMAN	CHAIN;REGION	Catenin beta-1;Disordered	cell population proliferation	CTNNB1 -[Inhibition]-> cell population proliferation	32723561	0																																		
CTNNB1	T41A	CTNB1_HUMAN	CHAIN;REGION	Catenin beta-1;Disordered	Carcinogenesis	CTNNB1 -[IncreaseAmount]-> PANK1 -[Inhibition]-> Carcinogenesis	35280671	1	32619	single nucleotide variant	NM_001904.4(CTNNB1):c.121A>G (p.Thr41Ala)	121913412	Desmoid tumor caused by somatic mutation	Likely pathogenic	2.0	Hepatoblastoma			not provided			Desmoid tumor			7 conditions			Atypical endometrial hyperplasia			Neoplasm											
CTNNB1	T41A	CTNB1_HUMAN	CHAIN;REGION	Catenin beta-1;Disordered	Carcinoma, Hepatocellular	CTNNB1 -[IncreaseAmount]-> PANK1 -[Inhibition]-> Carcinoma, Hepatocellular	35280671	1	32619	single nucleotide variant	NM_001904.4(CTNNB1):c.121A>G (p.Thr41Ala)	121913412	Desmoid tumor caused by somatic mutation	Likely pathogenic	2.0	Hepatoblastoma			not provided			Desmoid tumor			7 conditions			Atypical endometrial hyperplasia			Neoplasm											
CTNNB1	T41A	CTNB1_HUMAN	CHAIN;REGION	Catenin beta-1;Disordered	Neoplasm Invasiveness	CTNNB1 -[IncreaseAmount]-> PANK1 -[Inhibition]-> Neoplasm Invasiveness	35280671	1	32619	single nucleotide variant	NM_001904.4(CTNNB1):c.121A>G (p.Thr41Ala)	121913412	Desmoid tumor caused by somatic mutation	Likely pathogenic	2.0	Hepatoblastoma			not provided			Desmoid tumor			7 conditions			Atypical endometrial hyperplasia			Neoplasm											
CTNNB1	T41A	CTNB1_HUMAN	CHAIN;REGION	Catenin beta-1;Disordered	Neoplasms	CTNNB1 -[Activation]-> Neoplasms	35280671	1	32619	single nucleotide variant	NM_001904.4(CTNNB1):c.121A>G (p.Thr41Ala)	121913412	Desmoid tumor caused by somatic mutation	Likely pathogenic	2.0	Hepatoblastoma			not provided			Desmoid tumor			7 conditions			Atypical endometrial hyperplasia			Neoplasm											
CTNNB1	T41A	CTNB1_HUMAN	CHAIN;REGION	Catenin beta-1;Disordered	apoptotic process	CTNNB1 -[Activation]-> VS-4718 -[Activation]-> apoptotic process	28881682	1	32619	single nucleotide variant	NM_001904.4(CTNNB1):c.121A>G (p.Thr41Ala)	121913412	Desmoid tumor caused by somatic mutation	Likely pathogenic	2.0	Hepatoblastoma			not provided			Desmoid tumor			7 conditions			Atypical endometrial hyperplasia			Neoplasm											
CTNNB1	T41A	CTNB1_HUMAN	CHAIN;REGION	Catenin beta-1;Disordered	autophagy	CTNNB1 -[Inhibition]-> autophagy	25691573	1	32619	single nucleotide variant	NM_001904.4(CTNNB1):c.121A>G (p.Thr41Ala)	121913412	Desmoid tumor caused by somatic mutation	Likely pathogenic	2.0	Hepatoblastoma			not provided			Desmoid tumor			7 conditions			Atypical endometrial hyperplasia			Neoplasm											
CTNNB1	T41A	CTNB1_HUMAN	CHAIN;REGION	Catenin beta-1;Disordered	cell population proliferation	CTNNB1 -[Activation]-> cell population proliferation	23285165	1	32619	single nucleotide variant	NM_001904.4(CTNNB1):c.121A>G (p.Thr41Ala)	121913412	Desmoid tumor caused by somatic mutation	Likely pathogenic	2.0	Hepatoblastoma			not provided			Desmoid tumor			7 conditions			Atypical endometrial hyperplasia			Neoplasm											
CTNNB1	T41A	CTNB1_HUMAN	CHAIN;REGION	Catenin beta-1;Disordered	cell population proliferation	CTNNB1 -[IncreaseAmount]-> PANK1 -[Activation]-> cell population proliferation	35280671	1	32619	single nucleotide variant	NM_001904.4(CTNNB1):c.121A>G (p.Thr41Ala)	121913412	Desmoid tumor caused by somatic mutation	Likely pathogenic	2.0	Hepatoblastoma			not provided			Desmoid tumor			7 conditions			Atypical endometrial hyperplasia			Neoplasm											
CTNNB1	T41A	CTNB1_HUMAN	CHAIN;REGION	Catenin beta-1;Disordered	cellular senescence	CTNNB1 -[Complex]-> GSK3B -[Activation]-> cellular senescence	25691573	1	32619	single nucleotide variant	NM_001904.4(CTNNB1):c.121A>G (p.Thr41Ala)	121913412	Desmoid tumor caused by somatic mutation	Likely pathogenic	2.0	Hepatoblastoma			not provided			Desmoid tumor			7 conditions			Atypical endometrial hyperplasia			Neoplasm											
CTNNB1	T41A	CTNB1_HUMAN	CHAIN;REGION	Catenin beta-1;Disordered	signal transduction	CTNNB1 -[Inhibition]-> signal transduction	35280671	1	32619	single nucleotide variant	NM_001904.4(CTNNB1):c.121A>G (p.Thr41Ala)	121913412	Desmoid tumor caused by somatic mutation	Likely pathogenic	2.0	Hepatoblastoma			not provided			Desmoid tumor			7 conditions			Atypical endometrial hyperplasia			Neoplasm											
CTNNB1	Y142F	CTNB1_HUMAN	CHAIN	Catenin beta-1	Neoplasm Invasiveness	CTNNB1 -[Inhibition]-> Neoplasm Invasiveness	26654598	0																																		
CTNNB1	Y142F	CTNB1_HUMAN	CHAIN	Catenin beta-1	cell adhesion	CTNNB1 -[Inhibition]-> cell adhesion	26654598	0																																		
CTNNB1	Y564E	CTNB1_HUMAN	CHAIN;REPEAT	Catenin beta-1;ARM 10	cell-cell adhesion	CTNNB1 -[Activation]-> cell-cell adhesion	21112398	0																																		
CTNNB1	Y654E	CTNB1_HUMAN	CHAIN;REPEAT	Catenin beta-1;ARM 12	Neoplasm Invasiveness	CTNNB1 -[Activation]-> Neoplasm Invasiveness	21307168	0																																		
CTNNB1	Y654E	CTNB1_HUMAN	CHAIN;REPEAT	Catenin beta-1;ARM 12	transcription, DNA-templated	CTNNB1 -[Activation]-> transcription, DNA-templated	21307168	0																																		
CTNNB1	Y654F	CTNB1_HUMAN	CHAIN;REPEAT	Catenin beta-1;ARM 12	cell adhesion	CTNNB1 -[Activation]-> Cadherin -[Activation]-> cell adhesion	19055694	1	1867696	single nucleotide variant	NM_001904.4(CTNNB1):c.1961A>T (p.Tyr654Phe)	-1	not provided	Uncertain significance	1.0																											
CTNNB1	Y654F	CTNB1_HUMAN	CHAIN;REPEAT	Catenin beta-1;ARM 12	cell differentiation	CTNNB1 -[Activation]-> FER -[Activation]-> cell differentiation	19047464	1	1867696	single nucleotide variant	NM_001904.4(CTNNB1):c.1961A>T (p.Tyr654Phe)	-1	not provided	Uncertain significance	1.0																											
CTNNB1	Y654F	CTNB1_HUMAN	CHAIN;REPEAT	Catenin beta-1;ARM 12	endocytosis	CTNNB1 -[Inhibition]-> endocytosis	19055694	1	1867696	single nucleotide variant	NM_001904.4(CTNNB1):c.1961A>T (p.Tyr654Phe)	-1	not provided	Uncertain significance	1.0																											
CTNNB1	Y654F	CTNB1_HUMAN	CHAIN;REPEAT	Catenin beta-1;ARM 12	exocytosis	CTNNB1 -[Activation]-> FER -[Inhibition]-> exocytosis	19047464	1	1867696	single nucleotide variant	NM_001904.4(CTNNB1):c.1961A>T (p.Tyr654Phe)	-1	not provided	Uncertain significance	1.0																											
CTNNB1	Y654F	CTNB1_HUMAN	CHAIN;REPEAT	Catenin beta-1;ARM 12	exocytosis	CTNNB1 -[Inhibition]-> BDNF -[Activation]-> exocytosis	16831887	1	1867696	single nucleotide variant	NM_001904.4(CTNNB1):c.1961A>T (p.Tyr654Phe)	-1	not provided	Uncertain significance	1.0																											
CTNNB1	Y654F	CTNB1_HUMAN	CHAIN;REPEAT	Catenin beta-1;ARM 12	localization	CTNNB1 -[Activation]-> localization	19047464	1	1867696	single nucleotide variant	NM_001904.4(CTNNB1):c.1961A>T (p.Tyr654Phe)	-1	not provided	Uncertain significance	1.0																											
CTNNB1	Y654F	CTNB1_HUMAN	CHAIN;REPEAT	Catenin beta-1;ARM 12	localization	CTNNB1 -[Inhibition]-> BDNF -[Inhibition]-> localization	16831887	1	1867696	single nucleotide variant	NM_001904.4(CTNNB1):c.1961A>T (p.Tyr654Phe)	-1	not provided	Uncertain significance	1.0																											
