variant_protein	variant_info	DomainProteinID	DomainFeature	DomainNote	biological_process/disease	chain	pmid	clinvar_match	#AlleleID	Type	Name	RS# (dbSNP)	disease_1	significance_1	star_1	disease_2	significance_2	star_2	disease_3	significance_3	star_3	disease_4	significance_4	star_4	disease_5	significance_5	star_5	disease_6	significance_6	star_6	disease_7	significance_7	star_7	disease_8	significance_8	star_8	disease_9	significance_9	star_9	disease_10	significance_10	star_10
CTSB	C211A	CATB_HUMAN	CHAIN;CHAIN	Cathepsin B;Cathepsin B heavy chain	autophagy	CTSB -[Activation]-> autophagy	34789923	0																																		
CTSB	N298A	CATB_HUMAN	CHAIN;CHAIN	Cathepsin B;Cathepsin B heavy chain	VEGFR	CTSB -[Inhibition]-> VEGFR	30796200	0																																		
CTSB	N298A	CATB_HUMAN	CHAIN;CHAIN	Cathepsin B;Cathepsin B heavy chain	apoptotic process	CTSB -[Activation]-> apoptotic process	30796200	0																																		
CTSB	N298A	CATB_HUMAN	CHAIN;CHAIN	Cathepsin B;Cathepsin B heavy chain	cell differentiation	CTSB -[Activation]-> cell differentiation	30796200	0																																		
CTSB	N298A	CATB_HUMAN	CHAIN;CHAIN	Cathepsin B;Cathepsin B heavy chain	cell growth	CTSB -[Inhibition]-> cell growth	30796200	0																																		
CTSB	N298A	CATB_HUMAN	CHAIN;CHAIN	Cathepsin B;Cathepsin B heavy chain	cell population proliferation	CTSB -[Activation]-> cell population proliferation	30796200	0																																		
