variant_protein	variant_info	DomainProteinID	DomainFeature	DomainNote	biological_process/disease	chain	pmid	clinvar_match	#AlleleID	Type	Name	RS# (dbSNP)	disease_1	significance_1	star_1	disease_2	significance_2	star_2	disease_3	significance_3	star_3	disease_4	significance_4	star_4	disease_5	significance_5	star_5	disease_6	significance_6	star_6	disease_7	significance_7	star_7	disease_8	significance_8	star_8	disease_9	significance_9	star_9	disease_10	significance_10	star_10
CUL7	H1464P	CUL7_HUMAN	CHAIN	Cullin-7	Cell Survival	CUL7 -[Inhibition]-> BIRC5 -[Activation]-> Cell Survival	24793696	1	16653	single nucleotide variant	NM_014780.5(CUL7):c.4391A>C (p.His1464Pro)	121918229	3M syndrome 1	Pathogenic/Likely pathogenic	2.0	3-M syndrome			not provided																							
CUL7	H1464P	CUL7_HUMAN	CHAIN	Cullin-7	apoptotic process	CUL7 -[Inhibition]-> CUL9 -[Activation]-> apoptotic process	24793696	1	16653	single nucleotide variant	NM_014780.5(CUL7):c.4391A>C (p.His1464Pro)	121918229	3M syndrome 1	Pathogenic/Likely pathogenic	2.0	3-M syndrome			not provided																							
CUL7	H1464P	CUL7_HUMAN	CHAIN	Cullin-7	cell death	CUL7 -[Inhibition]-> cell death	24793696	1	16653	single nucleotide variant	NM_014780.5(CUL7):c.4391A>C (p.His1464Pro)	121918229	3M syndrome 1	Pathogenic/Likely pathogenic	2.0	3-M syndrome			not provided																							
CUL7	H1464P	CUL7_HUMAN	CHAIN	Cullin-7	cell growth	CUL7 -[Inhibition]-> BIRC5 -[Activation]-> cell growth	24793696	1	16653	single nucleotide variant	NM_014780.5(CUL7):c.4391A>C (p.His1464Pro)	121918229	3M syndrome 1	Pathogenic/Likely pathogenic	2.0	3-M syndrome			not provided																							
CUL7	H1464P	CUL7_HUMAN	CHAIN	Cullin-7	chromosome segregation	CUL7 -[Inhibition]-> CUL9 -[Activation]-> chromosome segregation	24793696	1	16653	single nucleotide variant	NM_014780.5(CUL7):c.4391A>C (p.His1464Pro)	121918229	3M syndrome 1	Pathogenic/Likely pathogenic	2.0	3-M syndrome			not provided																							
CUL7	H1464P	CUL7_HUMAN	CHAIN	Cullin-7	mitotic cell cycle	CUL7 -[Inhibition]-> CUL9 -[Inhibition]-> mitotic cell cycle	24793696	1	16653	single nucleotide variant	NM_014780.5(CUL7):c.4391A>C (p.His1464Pro)	121918229	3M syndrome 1	Pathogenic/Likely pathogenic	2.0	3-M syndrome			not provided																							
