variant_protein	variant_info	DomainProteinID	DomainFeature	DomainNote	biological_process/disease	chain	pmid	clinvar_match	#AlleleID	Type	Name	RS# (dbSNP)	disease_1	significance_1	star_1	disease_2	significance_2	star_2	disease_3	significance_3	star_3	disease_4	significance_4	star_4	disease_5	significance_5	star_5	disease_6	significance_6	star_6	disease_7	significance_7	star_7	disease_8	significance_8	star_8	disease_9	significance_9	star_9	disease_10	significance_10	star_10
CYBB	A53D	CY24B_HUMAN	CHAIN	NADPH oxidase 2	apoptotic process	CYBB -[Activation]-> Reactive Oxygen Species -[Activation]-> apoptotic process	26210446	1	3857403	single nucleotide variant	NM_000397.4(CYBB):c.158C>A (p.Ala53Asp)	-1	Granulomatous disease, chronic, X-linked	Uncertain significance	1.0																											
CYBB	A53D	CY24B_HUMAN	CHAIN	NADPH oxidase 2	autophagy	CYBB -[Activation]-> Reactive Oxygen Species -[Activation]-> autophagy	26210446	1	3857403	single nucleotide variant	NM_000397.4(CYBB):c.158C>A (p.Ala53Asp)	-1	Granulomatous disease, chronic, X-linked	Uncertain significance	1.0																											
CYBB	A53D	CY24B_HUMAN	CHAIN	NADPH oxidase 2	inflammatory response	CYBB -[Activation]-> Reactive Oxygen Species -[Inhibition]-> inflammatory response	26210446	1	3857403	single nucleotide variant	NM_000397.4(CYBB):c.158C>A (p.Ala53Asp)	-1	Granulomatous disease, chronic, X-linked	Uncertain significance	1.0																											
CYBB	R54G	CY24B_HUMAN	CHAIN;DOMAIN	NADPH oxidase 2;Ferric oxidoreductase	apoptotic process	CYBB -[Activation]-> Reactive Oxygen Species -[Activation]-> apoptotic process	26210446	1	2901860	single nucleotide variant	NM_000397.4(CYBB):c.160A>G (p.Arg54Gly)	-1	Granulomatous disease, chronic, X-linked	Likely pathogenic	1.0																											
CYBB	R54G	CY24B_HUMAN	CHAIN;DOMAIN	NADPH oxidase 2;Ferric oxidoreductase	autophagy	CYBB -[Activation]-> Reactive Oxygen Species -[Activation]-> autophagy	26210446	1	2901860	single nucleotide variant	NM_000397.4(CYBB):c.160A>G (p.Arg54Gly)	-1	Granulomatous disease, chronic, X-linked	Likely pathogenic	1.0																											
CYBB	R54G	CY24B_HUMAN	CHAIN;DOMAIN	NADPH oxidase 2;Ferric oxidoreductase	inflammatory response	CYBB -[Activation]-> Reactive Oxygen Species -[Inhibition]-> inflammatory response	26210446	1	2901860	single nucleotide variant	NM_000397.4(CYBB):c.160A>G (p.Arg54Gly)	-1	Granulomatous disease, chronic, X-linked	Likely pathogenic	1.0																											
CYBB	R54M	CY24B_HUMAN	CHAIN;DOMAIN	NADPH oxidase 2;Ferric oxidoreductase	apoptotic process	CYBB -[Activation]-> Reactive Oxygen Species -[Activation]-> apoptotic process	26210446	1	79278	single nucleotide variant	NM_000397.4(CYBB):c.161G>T (p.Arg54Met)	151344479	not provided	not provided	0.0																											
CYBB	R54M	CY24B_HUMAN	CHAIN;DOMAIN	NADPH oxidase 2;Ferric oxidoreductase	autophagy	CYBB -[Activation]-> Reactive Oxygen Species -[Activation]-> autophagy	26210446	1	79278	single nucleotide variant	NM_000397.4(CYBB):c.161G>T (p.Arg54Met)	151344479	not provided	not provided	0.0																											
CYBB	R54M	CY24B_HUMAN	CHAIN;DOMAIN	NADPH oxidase 2;Ferric oxidoreductase	inflammatory response	CYBB -[Activation]-> Reactive Oxygen Species -[Inhibition]-> inflammatory response	26210446	1	79278	single nucleotide variant	NM_000397.4(CYBB):c.161G>T (p.Arg54Met)	151344479	not provided	not provided	0.0																											
CYBB	R54S	CY24B_HUMAN	CHAIN;DOMAIN	NADPH oxidase 2;Ferric oxidoreductase	apoptotic process	CYBB -[Activation]-> Reactive Oxygen Species -[Activation]-> apoptotic process	26210446	1	79279	single nucleotide variant	NM_000397.4(CYBB):c.162G>C (p.Arg54Ser)	151344456	not provided	not provided	0.0																											
CYBB	R54S	CY24B_HUMAN	CHAIN;DOMAIN	NADPH oxidase 2;Ferric oxidoreductase	autophagy	CYBB -[Activation]-> Reactive Oxygen Species -[Activation]-> autophagy	26210446	1	79279	single nucleotide variant	NM_000397.4(CYBB):c.162G>C (p.Arg54Ser)	151344456	not provided	not provided	0.0																											
CYBB	R54S	CY24B_HUMAN	CHAIN;DOMAIN	NADPH oxidase 2;Ferric oxidoreductase	inflammatory response	CYBB -[Activation]-> Reactive Oxygen Species -[Inhibition]-> inflammatory response	26210446	1	79279	single nucleotide variant	NM_000397.4(CYBB):c.162G>C (p.Arg54Ser)	151344456	not provided	not provided	0.0																											
