variant_protein	variant_info	DomainProteinID	DomainFeature	DomainNote	biological_process/disease	chain	pmid	clinvar_match	#AlleleID	Type	Name	RS# (dbSNP)	disease_1	significance_1	star_1	disease_2	significance_2	star_2	disease_3	significance_3	star_3	disease_4	significance_4	star_4	disease_5	significance_5	star_5	disease_6	significance_6	star_6	disease_7	significance_7	star_7	disease_8	significance_8	star_8	disease_9	significance_9	star_9	disease_10	significance_10	star_10
CYP26B1	L264S	CP26B_HUMAN	CHAIN	Cytochrome P450 26B1	cell differentiation	CYP26B1 -[Inhibition]-> cell differentiation	31419517	1	1170992	single nucleotide variant	NM_019885.4(CYP26B1):c.791T>C (p.Leu264Ser)	2241057	not provided	Benign	2.0																											
CYP26B1	L264S	CP26B_HUMAN	CHAIN	Cytochrome P450 26B1	cell population proliferation	CYP26B1 -[Inhibition]-> all-trans-retinoic acid -[Inhibition]-> cell population proliferation	31419517	1	1170992	single nucleotide variant	NM_019885.4(CYP26B1):c.791T>C (p.Leu264Ser)	2241057	not provided	Benign	2.0																											
CYP26B1	L264S	CP26B_HUMAN	CHAIN	Cytochrome P450 26B1	homeostatic process	CYP26B1 -[DecreaseAmount]-> atRA -[Activation]-> homeostatic process	31419517	1	1170992	single nucleotide variant	NM_019885.4(CYP26B1):c.791T>C (p.Leu264Ser)	2241057	not provided	Benign	2.0																											
CYP26B1	L264S	CP26B_HUMAN	CHAIN	Cytochrome P450 26B1	meiotic cell cycle	CYP26B1 -[Inhibition]-> meiotic cell cycle	31419517	1	1170992	single nucleotide variant	NM_019885.4(CYP26B1):c.791T>C (p.Leu264Ser)	2241057	not provided	Benign	2.0																											
CYP26B1	L264S	CP26B_HUMAN	CHAIN	Cytochrome P450 26B1	ossification	CYP26B1 -[Inhibition]-> all-trans-retinoic acid -[Activation]-> ossification	31419517	1	1170992	single nucleotide variant	NM_019885.4(CYP26B1):c.791T>C (p.Leu264Ser)	2241057	not provided	Benign	2.0																											
