variant_protein	variant_info	DomainProteinID	DomainFeature	DomainNote	biological_process/disease	chain	pmid	clinvar_match	#AlleleID	Type	Name	RS# (dbSNP)	disease_1	significance_1	star_1	disease_2	significance_2	star_2	disease_3	significance_3	star_3	disease_4	significance_4	star_4	disease_5	significance_5	star_5	disease_6	significance_6	star_6	disease_7	significance_7	star_7	disease_8	significance_8	star_8	disease_9	significance_9	star_9	disease_10	significance_10	star_10
CYP4A11	T8590C				Dementia	CYP4A11 -[Activation]-> Hypertension -[Activation]-> Dementia	36352848	0																																		
CYP4A11	T8590C				Hypertension	CYP4A11 -[Activation]-> Hypertension	36352848	0																																		
CYP4A11	T8590C				long-term memory	CYP4A11 -[Activation]-> Hypertension -[Inhibition]-> long-term memory	36352848	0																																		
CYP4A11	T8590C				metabolic process	CYP4A11 -[Activation]-> Hypertension -[Inhibition]-> metabolic process	36352848	0																																		
CYP4A11	T8590C				neurogenesis	CYP4A11 -[Activation]-> Hypertension -[Inhibition]-> neurogenesis	36352848	0																																		
CYP4A11	T8590C				visual learning	CYP4A11 -[Activation]-> Hypertension -[Inhibition]-> visual learning	36352848	0																																		
