variant_protein	variant_info	DomainProteinID	DomainFeature	DomainNote	biological_process/disease	chain	pmid	clinvar_match	#AlleleID	Type	Name	RS# (dbSNP)	disease_1	significance_1	star_1	disease_2	significance_2	star_2	disease_3	significance_3	star_3	disease_4	significance_4	star_4	disease_5	significance_5	star_5	disease_6	significance_6	star_6	disease_7	significance_7	star_7	disease_8	significance_8	star_8	disease_9	significance_9	star_9	disease_10	significance_10	star_10
DDB1	E2F	DDB1_HUMAN	CHAIN;REGION	DNA damage-binding protein 1;Interaction with CDT1	DNA Damage	DDB1 -[Complex]-> CDH1 -[Activation]-> DNA Damage	26477308	0																																		
DDB1	E2F	DDB1_HUMAN	CHAIN;REGION	DNA damage-binding protein 1;Interaction with CDT1	DNA repair	DDB1 -[Complex]-> CDH1 -[Activation]-> DNA repair	26477308	0																																		
DDB1	E2F	DDB1_HUMAN	CHAIN;REGION	DNA damage-binding protein 1;Interaction with CDT1	Liver Neoplasms	DDB1 -[Complex]-> CDH1 -[Activation]-> Liver Neoplasms	26477308	0																																		
DDB1	E2F	DDB1_HUMAN	CHAIN;REGION	DNA damage-binding protein 1;Interaction with CDT1	localization	DDB1 -[Complex]-> CDH1 -[Inhibition]-> localization	26477308	0																																		
DDB1	E2F	DDB1_HUMAN	CHAIN;REGION	DNA damage-binding protein 1;Interaction with CDT1	transcription, DNA-templated	DDB1 -[Activation]-> transcription, DNA-templated	26477308	0																																		
