variant_protein	variant_info	DomainProteinID	DomainFeature	DomainNote	biological_process/disease	chain	pmid	clinvar_match	#AlleleID	Type	Name	RS# (dbSNP)	disease_1	significance_1	star_1	disease_2	significance_2	star_2	disease_3	significance_3	star_3	disease_4	significance_4	star_4	disease_5	significance_5	star_5	disease_6	significance_6	star_6	disease_7	significance_7	star_7	disease_8	significance_8	star_8	disease_9	significance_9	star_9	disease_10	significance_10	star_10
DDX21	K236R	DDX21_HUMAN	CHAIN;DOMAIN	Nucleolar RNA helicase 2;Helicase ATP-binding	cell cycle	DDX21 -[Inhibition]-> cell cycle	25260534	0																																		
DDX21	K236R	DDX21_HUMAN	CHAIN;DOMAIN	Nucleolar RNA helicase 2;Helicase ATP-binding	cell death	DDX21 -[Inhibition]-> cell death	25260534	0																																		
DDX21	K236R	DDX21_HUMAN	CHAIN;DOMAIN	Nucleolar RNA helicase 2;Helicase ATP-binding	cell growth	DDX21 -[Activation]-> cell growth	25260534	0																																		
DDX21	K236R	DDX21_HUMAN	CHAIN;DOMAIN	Nucleolar RNA helicase 2;Helicase ATP-binding	cell population proliferation	DDX21 -[Activation]-> Cyclin -[Activation]-> cell population proliferation	25260534	0																																		
