variant_protein	variant_info	DomainProteinID	DomainFeature	DomainNote	biological_process/disease	chain	pmid	clinvar_match	#AlleleID	Type	Name	RS# (dbSNP)	disease_1	significance_1	star_1	disease_2	significance_2	star_2	disease_3	significance_3	star_3	disease_4	significance_4	star_4	disease_5	significance_5	star_5	disease_6	significance_6	star_6	disease_7	significance_7	star_7	disease_8	significance_8	star_8	disease_9	significance_9	star_9	disease_10	significance_10	star_10
DGKA	D435E	DGKA_HUMAN	CHAIN;DOMAIN	Diacylglycerol kinase alpha;DAGKc	Neoplasm Invasiveness	DGKA -[Phosphorylation]-> PTK2 -[Activation]-> Neoplasm Invasiveness	33532186	0																																		
DGKA	D435E	DGKA_HUMAN	CHAIN;DOMAIN	Diacylglycerol kinase alpha;DAGKc	apoptotic process	DGKA -[Complex]-> chrysin -[Activation]-> apoptotic process	33532186	0																																		
DGKA	D435E	DGKA_HUMAN	CHAIN;DOMAIN	Diacylglycerol kinase alpha;DAGKc	cell death	DGKA -[Complex]-> chrysin -[Activation]-> cell death	33532186	0																																		
DGKA	D435E	DGKA_HUMAN	CHAIN;DOMAIN	Diacylglycerol kinase alpha;DAGKc	cell growth	DGKA -[Activation]-> 50mumol/L chrysin -[Inhibition]-> cell growth	33532186	0																																		
DGKA	D435E	DGKA_HUMAN	CHAIN;DOMAIN	Diacylglycerol kinase alpha;DAGKc	cell population proliferation	DGKA -[Phosphorylation]-> PTK2 -[Activation]-> cell population proliferation	33532186	0																																		
DGKA	D435E	DGKA_HUMAN	CHAIN;DOMAIN	Diacylglycerol kinase alpha;DAGKc	glycolytic process	DGKA -[Complex]-> chrysin -[Inhibition]-> glycolytic process	33532186	0																																		
