variant_protein	variant_info	DomainProteinID	DomainFeature	DomainNote	biological_process/disease	chain	pmid	clinvar_match	#AlleleID	Type	Name	RS# (dbSNP)	disease_1	significance_1	star_1	disease_2	significance_2	star_2	disease_3	significance_3	star_3	disease_4	significance_4	star_4	disease_5	significance_5	star_5	disease_6	significance_6	star_6	disease_7	significance_7	star_7	disease_8	significance_8	star_8	disease_9	significance_9	star_9	disease_10	significance_10	star_10
DKC1	D125A	DKC1_HUMAN	CHAIN	H/ACA ribonucleoprotein complex subunit DKC1	cell differentiation	DKC1 -[Activation]-> cell differentiation	23707062	0																																		
DKC1	D95A	DKC1_HUMAN	CHAIN	H/ACA ribonucleoprotein complex subunit DKC1	pseudouridine synthesis	DKC1 -[Inhibition]-> pseudouridine synthesis	35489333	0																																		
DKC1	D95A	DKC1_HUMAN	CHAIN	H/ACA ribonucleoprotein complex subunit DKC1	translation	DKC1 -[Inhibition]-> translation	35489333	0																																		
DKC1	T405A	DKC1_HUMAN	CHAIN	H/ACA ribonucleoprotein complex subunit DKC1	Idiopathic Interstitial Pneumonias	DKC1 -[Activation]-> Idiopathic Interstitial Pneumonias	24504062	0																																		
