variant_protein	variant_info	DomainProteinID	DomainFeature	DomainNote	biological_process/disease	chain	pmid	clinvar_match	#AlleleID	Type	Name	RS# (dbSNP)	disease_1	significance_1	star_1	disease_2	significance_2	star_2	disease_3	significance_3	star_3	disease_4	significance_4	star_4	disease_5	significance_5	star_5	disease_6	significance_6	star_6	disease_7	significance_7	star_7	disease_8	significance_8	star_8	disease_9	significance_9	star_9	disease_10	significance_10	star_10
DOCK8	N1986Y	DOCK8_HUMAN	CHAIN;DOMAIN	Dedicator of cytokinesis protein 8;DOCKER	cell differentiation	DOCK8 -[Inhibition]-> cell differentiation	27350570	0																																		
DOCK8	V1985A	DOCK8_HUMAN	CHAIN;DOMAIN	Dedicator of cytokinesis protein 8;DOCKER	Neoplasm Invasiveness	DOCK8 -[Inhibition]-> Neoplasm Invasiveness	37651233	0																																		
DOCK8	V1985A	DOCK8_HUMAN	CHAIN;DOMAIN	Dedicator of cytokinesis protein 8;DOCKER	Neoplasm Metastasis	DOCK8 -[Activation]-> Protease -[Activation]-> Neoplasm Metastasis	37651233	0																																		
DOCK8	V1985A	DOCK8_HUMAN	CHAIN;DOMAIN	Dedicator of cytokinesis protein 8;DOCKER	Neoplasms	DOCK8 -[Activation]-> Neoplasms	37651233	0																																		
DOCK8	V1985A	DOCK8_HUMAN	CHAIN;DOMAIN	Dedicator of cytokinesis protein 8;DOCKER	Tumor Microenvironment	DOCK8 -[Inhibition]-> Neoplasm Invasiveness -[Activation]-> Tumor Microenvironment	37651233	0																																		
DOCK8	V1985A	DOCK8_HUMAN	CHAIN;DOMAIN	Dedicator of cytokinesis protein 8;DOCKER	actin filament polymerization	DOCK8 -[Activation]-> actin filament polymerization	37651233	0																																		
DOCK8	V1985A	DOCK8_HUMAN	CHAIN;DOMAIN	Dedicator of cytokinesis protein 8;DOCKER	actin nucleation	DOCK8 -[Activation]-> GEF -[Activation]-> actin nucleation	37651233	0																																		
DOCK8	V1985A	DOCK8_HUMAN	CHAIN;DOMAIN	Dedicator of cytokinesis protein 8;DOCKER	apoptotic process	DOCK8 -[Inhibition]-> apoptotic process	37651233	0																																		
DOCK8	V1985A	DOCK8_HUMAN	CHAIN;DOMAIN	Dedicator of cytokinesis protein 8;DOCKER	cell migration	DOCK8 -[Activation]-> CDC42 -[Activation]-> cell migration	37651233	0																																		
DOCK8	V1985A	DOCK8_HUMAN	CHAIN;DOMAIN	Dedicator of cytokinesis protein 8;DOCKER	cell population proliferation	DOCK8 -[Activation]-> cell population proliferation	37651233	0																																		
