variant_protein	variant_info	DomainProteinID	DomainFeature	DomainNote	biological_process/disease	chain	pmid	clinvar_match	#AlleleID	Type	Name	RS# (dbSNP)	disease_1	significance_1	star_1	disease_2	significance_2	star_2	disease_3	significance_3	star_3	disease_4	significance_4	star_4	disease_5	significance_5	star_5	disease_6	significance_6	star_6	disease_7	significance_7	star_7	disease_8	significance_8	star_8	disease_9	significance_9	star_9	disease_10	significance_10	star_10
DUSP5	C263S	DUS5_HUMAN	CHAIN;DOMAIN	Dual specificity protein phosphatase 5;Tyrosine-protein phosphatase	inflammatory response	DUSP5 -[Inhibition]-> NFkappaB -[Activation]-> inflammatory response	29229953	0																																		
DUSP5	C263S	DUS5_HUMAN	CHAIN;DOMAIN	Dual specificity protein phosphatase 5;Tyrosine-protein phosphatase	necrotic cell death	DUSP5 -[Inhibition]-> necrotic cell death	29229953	0																																		
DUSP5	C263S	DUS5_HUMAN	CHAIN;DOMAIN	Dual specificity protein phosphatase 5;Tyrosine-protein phosphatase	signal transduction	DUSP5 -[Inhibition]-> signal transduction	29229953	0																																		
DUSP5	C263S	DUS5_HUMAN	CHAIN;DOMAIN	Dual specificity protein phosphatase 5;Tyrosine-protein phosphatase	transcription, DNA-templated	DUSP5 -[Inhibition]-> transcription, DNA-templated	29229953	0																																		
