variant_protein	variant_info	DomainProteinID	DomainFeature	DomainNote	biological_process/disease	chain	pmid	clinvar_match	#AlleleID	Type	Name	RS# (dbSNP)	disease_1	significance_1	star_1	disease_2	significance_2	star_2	disease_3	significance_3	star_3	disease_4	significance_4	star_4	disease_5	significance_5	star_5	disease_6	significance_6	star_6	disease_7	significance_7	star_7	disease_8	significance_8	star_8	disease_9	significance_9	star_9	disease_10	significance_10	star_10
EIF2AK3	K618A	E2AK3_HUMAN	CHAIN;DOMAIN	;Protein kinase	apoptotic process	EIF2AK3 -[Activation]-> apoptotic process	17637831	0																																		
EIF2AK3	K618A	E2AK3_HUMAN	CHAIN;DOMAIN	;Protein kinase	cell population proliferation	EIF2AK3 -[Inhibition]-> cell population proliferation	17637831	0																																		
EIF2AK3	K618A	E2AK3_HUMAN	CHAIN;DOMAIN	;Protein kinase	translation	EIF2AK3 -[Activation]-> translation	17637831	0																																		
EIF2AK3	K618A	E2AK3_HUMAN	CHAIN;DOMAIN	;Protein kinase	translation	EIF2AK3 -[Dephosphorylation]-> EIF2S1 -[Activation]-> translation	21552349	0																																		
EIF2AK3	K622M	E2AK3_HUMAN	CHAIN;DOMAIN	;Protein kinase	transcription, DNA-templated	EIF2AK3 -[Activation]-> transcription, DNA-templated	25530215	0																																		
EIF2AK3	K622M	E2AK3_HUMAN	CHAIN;DOMAIN	;Protein kinase	translation	EIF2AK3 -[Inhibition]-> translation	25530215	0																																		
