variant_protein	variant_info	DomainProteinID	DomainFeature	DomainNote	biological_process/disease	chain	pmid	clinvar_match	#AlleleID	Type	Name	RS# (dbSNP)	disease_1	significance_1	star_1	disease_2	significance_2	star_2	disease_3	significance_3	star_3	disease_4	significance_4	star_4	disease_5	significance_5	star_5	disease_6	significance_6	star_6	disease_7	significance_7	star_7	disease_8	significance_8	star_8	disease_9	significance_9	star_9	disease_10	significance_10	star_10
EIF6	R61L	IF6_HUMAN	CHAIN	Eukaryotic translation initiation factor 6	DNA damage checkpoint	EIF6 -[Inhibition]-> SBDS -[Inhibition]-> DNA damage checkpoint	34413298	0																																		
EIF6	R61L	IF6_HUMAN	CHAIN	Eukaryotic translation initiation factor 6	ribosome assembly	EIF6 -[Inhibition]-> ribosome assembly	34413298	0																																		
EIF6	R61L	IF6_HUMAN	CHAIN	Eukaryotic translation initiation factor 6	translation	EIF6 -[Activation]-> translation	34413298	0																																		
EIF6	R803K				cellular senescence	EIF6 -[Activation]-> cellular senescence	34648968	0																																		
