variant_protein	variant_info	DomainProteinID	DomainFeature	DomainNote	biological_process/disease	chain	pmid	clinvar_match	#AlleleID	Type	Name	RS# (dbSNP)	disease_1	significance_1	star_1	disease_2	significance_2	star_2	disease_3	significance_3	star_3	disease_4	significance_4	star_4	disease_5	significance_5	star_5	disease_6	significance_6	star_6	disease_7	significance_7	star_7	disease_8	significance_8	star_8	disease_9	significance_9	star_9	disease_10	significance_10	star_10
EPHB1	Y600F	EPHB1_HUMAN	CHAIN	Ephrin type-B receptor 1	cell adhesion	EPHB1 -[Activation]-> cell adhesion	12925710	0																																		
EPHB1	Y600F	EPHB1_HUMAN	CHAIN	Ephrin type-B receptor 1	cell migration	EPHB1 -[Activation]-> cell migration	12925710	0																																		
EPHB1	Y600F	EPHB1_HUMAN	CHAIN	Ephrin type-B receptor 1	chemotaxis	EPHB1 -[Activation]-> chemotaxis	12925710	0																																		
EPHB1	Y778F	EPHB1_HUMAN	CHAIN;DOMAIN	Ephrin type-B receptor 1;Protein kinase	cell adhesion	EPHB1 -[Activation]-> cell adhesion	12925710	0																																		
EPHB1	Y778F	EPHB1_HUMAN	CHAIN;DOMAIN	Ephrin type-B receptor 1;Protein kinase	cell migration	EPHB1 -[Activation]-> cell migration	12925710	0																																		
EPHB1	Y778F	EPHB1_HUMAN	CHAIN;DOMAIN	Ephrin type-B receptor 1;Protein kinase	chemotaxis	EPHB1 -[Activation]-> chemotaxis	12925710	0																																		
