variant_protein	variant_info	DomainProteinID	DomainFeature	DomainNote	biological_process/disease	chain	pmid	clinvar_match	#AlleleID	Type	Name	RS# (dbSNP)	disease_1	significance_1	star_1	disease_2	significance_2	star_2	disease_3	significance_3	star_3	disease_4	significance_4	star_4	disease_5	significance_5	star_5	disease_6	significance_6	star_6	disease_7	significance_7	star_7	disease_8	significance_8	star_8	disease_9	significance_9	star_9	disease_10	significance_10	star_10
ERRFI1	M346A	ERRFI_HUMAN	CHAIN;REGION;REGION	ERBB receptor feedback inhibitor 1;Disordered;	Neoplasm Invasiveness	ERRFI1 -[Inhibition]-> Neoplasm Invasiveness	27341132	0																																		
ERRFI1	M346A	ERRFI_HUMAN	CHAIN;REGION;REGION	ERBB receptor feedback inhibitor 1;Disordered;	cell growth	ERRFI1 -[Inhibition]-> cell growth	27341132	0																																		
ERRFI1	M346A	ERRFI_HUMAN	CHAIN;REGION;REGION	ERBB receptor feedback inhibitor 1;Disordered;	cell migration	ERRFI1 -[Activation]-> cell migration	27341132	0																																		
ERRFI1	M346A	ERRFI_HUMAN	CHAIN;REGION;REGION	ERBB receptor feedback inhibitor 1;Disordered;	cell population proliferation	ERRFI1 -[Inhibition]-> cell population proliferation	27341132	0																																		
ERRFI1	M346A	ERRFI_HUMAN	CHAIN;REGION;REGION	ERBB receptor feedback inhibitor 1;Disordered;	endocytosis	ERRFI1 -[Activation]-> endocytosis	27341132	0																																		
