variant_protein	variant_info	DomainProteinID	DomainFeature	DomainNote	biological_process/disease	chain	pmid	clinvar_match	#AlleleID	Type	Name	RS# (dbSNP)	disease_1	significance_1	star_1	disease_2	significance_2	star_2	disease_3	significance_3	star_3	disease_4	significance_4	star_4	disease_5	significance_5	star_5	disease_6	significance_6	star_6	disease_7	significance_7	star_7	disease_8	significance_8	star_8	disease_9	significance_9	star_9	disease_10	significance_10	star_10
ETV6	P214L	ETV6_HUMAN	CHAIN;REGION	Transcription factor ETV6;Disordered	Thrombocytopenia	ETV6 -[Activation]-> Thrombocytopenia	32841218	1	171928	single nucleotide variant	NM_001987.5(ETV6):c.641C>T (p.Pro214Leu)	724159947	Hematologic neoplasm	Pathogenic/Likely pathogenic	2.0	Thrombocytopenia			Thrombocytopenia 5			not provided			Acute myeloid leukemia																	
ETV6	P214L	ETV6_HUMAN	CHAIN;REGION	Transcription factor ETV6;Disordered	hemopoiesis	ETV6 -[Activation]-> hemopoiesis	32841218	1	171928	single nucleotide variant	NM_001987.5(ETV6):c.641C>T (p.Pro214Leu)	724159947	Hematologic neoplasm	Pathogenic/Likely pathogenic	2.0	Thrombocytopenia			Thrombocytopenia 5			not provided			Acute myeloid leukemia																	
ETV6	R369Q	ETV6_HUMAN	CHAIN	Transcription factor ETV6	Thrombocytopenia	ETV6 -[Activation]-> Thrombocytopenia	32841218	1	171929	single nucleotide variant	NM_001987.5(ETV6):c.1106G>A (p.Arg369Gln)	724159946	Hematologic neoplasm	Pathogenic/Likely pathogenic	2.0	Thrombocytopenia			Thrombocytopenia 5			not provided			Neoplasm			Inborn genetic diseases			ETV6-related disorder											
ETV6	R369Q	ETV6_HUMAN	CHAIN	Transcription factor ETV6	hemopoiesis	ETV6 -[Activation]-> hemopoiesis	32841218	1	171929	single nucleotide variant	NM_001987.5(ETV6):c.1106G>A (p.Arg369Gln)	724159946	Hematologic neoplasm	Pathogenic/Likely pathogenic	2.0	Thrombocytopenia			Thrombocytopenia 5			not provided			Neoplasm			Inborn genetic diseases			ETV6-related disorder											
