variant_protein	variant_info	DomainProteinID	DomainFeature	DomainNote	biological_process/disease	chain	pmid	clinvar_match	#AlleleID	Type	Name	RS# (dbSNP)	disease_1	significance_1	star_1	disease_2	significance_2	star_2	disease_3	significance_3	star_3	disease_4	significance_4	star_4	disease_5	significance_5	star_5	disease_6	significance_6	star_6	disease_7	significance_7	star_7	disease_8	significance_8	star_8	disease_9	significance_9	star_9	disease_10	significance_10	star_10
EYA2	A510E	EYA2_HUMAN	CHAIN	Protein phosphatase EYA2	proteolysis	EYA2 -[Inhibition]-> proteolysis	34044846	0																																		
EYA2	D274N	EYA2_HUMAN	CHAIN	Protein phosphatase EYA2	Neoplasm Invasiveness	EYA2 -[Activation]-> Neoplasm Invasiveness	31285279	0																																		
EYA2	D274N	EYA2_HUMAN	CHAIN	Protein phosphatase EYA2	Neoplasm Metastasis	EYA2 -[Inhibition]-> Neoplasm Metastasis	31285279	0																																		
EYA2	D274N	EYA2_HUMAN	CHAIN	Protein phosphatase EYA2	cell death	EYA2 -[Inhibition]-> cell death	31285279	0																																		
EYA2	F290Y	EYA2_HUMAN	CHAIN	Protein phosphatase EYA2	Neoplasm Invasiveness	EYA2 -[Activation]-> Neoplasm Invasiveness	31285279	0																																		
EYA2	F290Y	EYA2_HUMAN	CHAIN	Protein phosphatase EYA2	Neoplasm Metastasis	EYA2 -[Inhibition]-> Neoplasm Metastasis	31285279	0																																		
EYA2	F290Y	EYA2_HUMAN	CHAIN	Protein phosphatase EYA2	cell death	EYA2 -[Inhibition]-> cell death	31285279	0																																		
