variant_protein	variant_info	DomainProteinID	DomainFeature	DomainNote	biological_process/disease	chain	pmid	clinvar_match	#AlleleID	Type	Name	RS# (dbSNP)	disease_1	significance_1	star_1	disease_2	significance_2	star_2	disease_3	significance_3	star_3	disease_4	significance_4	star_4	disease_5	significance_5	star_5	disease_6	significance_6	star_6	disease_7	significance_7	star_7	disease_8	significance_8	star_8	disease_9	significance_9	star_9	disease_10	significance_10	star_10
FCGR2B	Y273F	FCG2B_HUMAN	CHAIN		Death	FCGR2B -[Activation]-> Death	27834631	0																																		
FCGR2B	Y273F	FCG2B_HUMAN	CHAIN		inflammatory response	FCGR2B -[Activation]-> inflammatory response	27834631	0																																		
FCGR2B	Y273F	FCG2B_HUMAN	CHAIN		localization	FCGR2B -[Inhibition]-> Abeta 1-42 -[Activation]-> localization	27834631	0																																		
FCGR2B	Y273F	FCG2B_HUMAN	CHAIN		metabolic process	FCGR2B -[Complex]-> INPPL1 -[Inhibition]-> metabolic process	27834631	0																																		
FCGR2B	Y273F	FCG2B_HUMAN	CHAIN		response to stress	FCGR2B -[Activation]-> APP -[Activation]-> response to stress	27834631	0																																		
