variant_protein	variant_info	DomainProteinID	DomainFeature	DomainNote	biological_process/disease	chain	pmid	clinvar_match	#AlleleID	Type	Name	RS# (dbSNP)	disease_1	significance_1	star_1	disease_2	significance_2	star_2	disease_3	significance_3	star_3	disease_4	significance_4	star_4	disease_5	significance_5	star_5	disease_6	significance_6	star_6	disease_7	significance_7	star_7	disease_8	significance_8	star_8	disease_9	significance_9	star_9	disease_10	significance_10	star_10
FGF10	K195E	FGF10_HUMAN	CHAIN	Fibroblast growth factor 10	cell differentiation	FGF10 -[Activation]-> cell differentiation	19755711	0																																		
FGF10	K195E	FGF10_HUMAN	CHAIN	Fibroblast growth factor 10	cell population proliferation	FGF10 -[Activation]-> cell population proliferation	19755711	0																																		
FGF10	K195E	FGF10_HUMAN	CHAIN	Fibroblast growth factor 10	morphogen activity	FGF10 -[Complex]-> extracellular matrix -[Complex]-> morphogen activity	19755711	0																																		
FGF10	R187V	FGF10_HUMAN	CHAIN	Fibroblast growth factor 10	cell differentiation	FGF10 -[Activation]-> cell differentiation	19755711	0																																		
FGF10	R187V	FGF10_HUMAN	CHAIN	Fibroblast growth factor 10	cell population proliferation	FGF10 -[Activation]-> cell population proliferation	19755711	0																																		
FGF10	R187V	FGF10_HUMAN	CHAIN	Fibroblast growth factor 10	morphogen activity	FGF10 -[Complex]-> extracellular matrix -[Complex]-> morphogen activity	19755711	0																																		
