variant_protein	variant_info	DomainProteinID	DomainFeature	DomainNote	biological_process/disease	chain	pmid	clinvar_match	#AlleleID	Type	Name	RS# (dbSNP)	disease_1	significance_1	star_1	disease_2	significance_2	star_2	disease_3	significance_3	star_3	disease_4	significance_4	star_4	disease_5	significance_5	star_5	disease_6	significance_6	star_6	disease_7	significance_7	star_7	disease_8	significance_8	star_8	disease_9	significance_9	star_9	disease_10	significance_10	star_10
FGR	S487A	FGR_HUMAN	CHAIN;DOMAIN	Tyrosine-protein kinase Fgr;Protein kinase	Carcinoma, Non-Small-Cell Lung	FGR -[Activation]-> CARM1 -[Activation]-> Carcinoma, Non-Small-Cell Lung	33593309	0																																		
FGR	S487A	FGR_HUMAN	CHAIN;DOMAIN	Tyrosine-protein kinase Fgr;Protein kinase	Neoplasm Invasiveness	FGR -[Activation]-> Neoplasm Invasiveness	33593309	0																																		
FGR	S487A	FGR_HUMAN	CHAIN;DOMAIN	Tyrosine-protein kinase Fgr;Protein kinase	Neoplasm Metastasis	FGR -[Activation]-> Neoplasm Metastasis	33593309	0																																		
FGR	S487A	FGR_HUMAN	CHAIN;DOMAIN	Tyrosine-protein kinase Fgr;Protein kinase	cell death	FGR -[Activation]-> PFKFB4 -[Inhibition]-> cell death	33593309	0																																		
FGR	S487A	FGR_HUMAN	CHAIN;DOMAIN	Tyrosine-protein kinase Fgr;Protein kinase	cell migration	FGR -[Activation]-> PFKFB4 -[Activation]-> cell migration	33593309	0																																		
FGR	S487A	FGR_HUMAN	CHAIN;DOMAIN	Tyrosine-protein kinase Fgr;Protein kinase	cell population proliferation	FGR -[Activation]-> cell population proliferation	33593309	0																																		
FGR	S487A	FGR_HUMAN	CHAIN;DOMAIN	Tyrosine-protein kinase Fgr;Protein kinase	glycolytic process	FGR -[Activation]-> PFKFB4 -[Activation]-> glycolytic process	33593309	0																																		
FGR	S487A	FGR_HUMAN	CHAIN;DOMAIN	Tyrosine-protein kinase Fgr;Protein kinase	lung adenocarcinoma	FGR -[Activation]-> PFKFB4 -[Activation]-> lung adenocarcinoma	33593309	0																																		
