variant_protein	variant_info	DomainProteinID	DomainFeature	DomainNote	biological_process/disease	chain	pmid	clinvar_match	#AlleleID	Type	Name	RS# (dbSNP)	disease_1	significance_1	star_1	disease_2	significance_2	star_2	disease_3	significance_3	star_3	disease_4	significance_4	star_4	disease_5	significance_5	star_5	disease_6	significance_6	star_6	disease_7	significance_7	star_7	disease_8	significance_8	star_8	disease_9	significance_9	star_9	disease_10	significance_10	star_10
FH	D1119G				adaptive immune response	FH -[Complex]-> C3b -[Inhibition]-> adaptive immune response	26459349	0																																		
FH	R233H	FUMH_HUMAN	CHAIN	Fumarate hydratase, mitochondrial	Cell Survival	FH -[Activation]-> Cell Survival	26237645	1	31275	single nucleotide variant	NM_000143.4(FH):c.698G>A (p.Arg233His)	121913123	Hereditary leiomyomatosis and renal cell cancer	Pathogenic	2.0	Fumarase deficiency			not provided			Hereditary cancer-predisposing syndrome			See cases			Spinocerebellar ataxia 45														
FH	R233H	FUMH_HUMAN	CHAIN	Fumarate hydratase, mitochondrial	DNA Breaks, Double-Stranded	FH -[Activation]-> Radiation, Ionizing -[Activation]-> DNA Breaks, Double-Stranded	26237645	1	31275	single nucleotide variant	NM_000143.4(FH):c.698G>A (p.Arg233His)	121913123	Hereditary leiomyomatosis and renal cell cancer	Pathogenic	2.0	Fumarase deficiency			not provided			Hereditary cancer-predisposing syndrome			See cases			Spinocerebellar ataxia 45														
FH	R233H	FUMH_HUMAN	CHAIN	Fumarate hydratase, mitochondrial	DNA Damage	FH -[Inhibition]-> DNA Damage	26237645	1	31275	single nucleotide variant	NM_000143.4(FH):c.698G>A (p.Arg233His)	121913123	Hereditary leiomyomatosis and renal cell cancer	Pathogenic	2.0	Fumarase deficiency			not provided			Hereditary cancer-predisposing syndrome			See cases			Spinocerebellar ataxia 45														
FH	R233H	FUMH_HUMAN	CHAIN	Fumarate hydratase, mitochondrial	DNA repair	FH -[Activation]-> NHEJ -[Activation]-> DNA repair	26237645	1	31275	single nucleotide variant	NM_000143.4(FH):c.698G>A (p.Arg233His)	121913123	Hereditary leiomyomatosis and renal cell cancer	Pathogenic	2.0	Fumarase deficiency			not provided			Hereditary cancer-predisposing syndrome			See cases			Spinocerebellar ataxia 45														
FH	R233H	FUMH_HUMAN	CHAIN	Fumarate hydratase, mitochondrial	Death	FH -[Activation]-> Radiation, Ionizing -[Activation]-> Death	26237645	1	31275	single nucleotide variant	NM_000143.4(FH):c.698G>A (p.Arg233His)	121913123	Hereditary leiomyomatosis and renal cell cancer	Pathogenic	2.0	Fumarase deficiency			not provided			Hereditary cancer-predisposing syndrome			See cases			Spinocerebellar ataxia 45														
FH	R233H	FUMH_HUMAN	CHAIN	Fumarate hydratase, mitochondrial	Radiation, Ionizing	FH -[Activation]-> Radiation, Ionizing	26237645	1	31275	single nucleotide variant	NM_000143.4(FH):c.698G>A (p.Arg233His)	121913123	Hereditary leiomyomatosis and renal cell cancer	Pathogenic	2.0	Fumarase deficiency			not provided			Hereditary cancer-predisposing syndrome			See cases			Spinocerebellar ataxia 45														
FH	R233H	FUMH_HUMAN	CHAIN	Fumarate hydratase, mitochondrial	cell death	FH -[Inhibition]-> DNA Damage -[Activation]-> cell death	26237645	1	31275	single nucleotide variant	NM_000143.4(FH):c.698G>A (p.Arg233His)	121913123	Hereditary leiomyomatosis and renal cell cancer	Pathogenic	2.0	Fumarase deficiency			not provided			Hereditary cancer-predisposing syndrome			See cases			Spinocerebellar ataxia 45														
FH	R233H	FUMH_HUMAN	CHAIN	Fumarate hydratase, mitochondrial	cell growth	FH -[Activation]-> cell growth	30250906	1	31275	single nucleotide variant	NM_000143.4(FH):c.698G>A (p.Arg233His)	121913123	Hereditary leiomyomatosis and renal cell cancer	Pathogenic	2.0	Fumarase deficiency			not provided			Hereditary cancer-predisposing syndrome			See cases			Spinocerebellar ataxia 45														
FH	R233H	FUMH_HUMAN	CHAIN	Fumarate hydratase, mitochondrial	cell population proliferation	FH -[Inhibition]-> cell population proliferation	30250906	1	31275	single nucleotide variant	NM_000143.4(FH):c.698G>A (p.Arg233His)	121913123	Hereditary leiomyomatosis and renal cell cancer	Pathogenic	2.0	Fumarase deficiency			not provided			Hereditary cancer-predisposing syndrome			See cases			Spinocerebellar ataxia 45														
FH	R233H	FUMH_HUMAN	CHAIN	Fumarate hydratase, mitochondrial	localization	FH -[Complex]-> Histone -[Activation]-> localization	26237645	1	31275	single nucleotide variant	NM_000143.4(FH):c.698G>A (p.Arg233His)	121913123	Hereditary leiomyomatosis and renal cell cancer	Pathogenic	2.0	Fumarase deficiency			not provided			Hereditary cancer-predisposing syndrome			See cases			Spinocerebellar ataxia 45														
FH	S75A	FUMH_HUMAN	CHAIN	Fumarate hydratase, mitochondrial	cell growth	FH -[Activation]-> cell growth	30250906	0																																		
FH	S75A	FUMH_HUMAN	CHAIN	Fumarate hydratase, mitochondrial	cell population proliferation	FH -[Inhibition]-> cell population proliferation	30250906	0																																		
FH	T236A	FUMH_HUMAN	CHAIN	Fumarate hydratase, mitochondrial	Cell Survival	FH -[Activation]-> Cell Survival	26237645	1	405125	single nucleotide variant	NM_000143.4(FH):c.706A>G (p.Thr236Ala)	1064793126	not provided	Conflicting classifications of pathogenicity	0.0																											
FH	T236A	FUMH_HUMAN	CHAIN	Fumarate hydratase, mitochondrial	DNA Breaks, Double-Stranded	FH -[Activation]-> Radiation, Ionizing -[Activation]-> DNA Breaks, Double-Stranded	26237645	1	405125	single nucleotide variant	NM_000143.4(FH):c.706A>G (p.Thr236Ala)	1064793126	not provided	Conflicting classifications of pathogenicity	0.0																											
FH	T236A	FUMH_HUMAN	CHAIN	Fumarate hydratase, mitochondrial	DNA Damage	FH -[Inhibition]-> DNA Damage	26237645	1	405125	single nucleotide variant	NM_000143.4(FH):c.706A>G (p.Thr236Ala)	1064793126	not provided	Conflicting classifications of pathogenicity	0.0																											
FH	T236A	FUMH_HUMAN	CHAIN	Fumarate hydratase, mitochondrial	DNA repair	FH -[Activation]-> NHEJ -[Activation]-> DNA repair	26237645	1	405125	single nucleotide variant	NM_000143.4(FH):c.706A>G (p.Thr236Ala)	1064793126	not provided	Conflicting classifications of pathogenicity	0.0																											
FH	T236A	FUMH_HUMAN	CHAIN	Fumarate hydratase, mitochondrial	Death	FH -[Activation]-> Radiation, Ionizing -[Activation]-> Death	26237645	1	405125	single nucleotide variant	NM_000143.4(FH):c.706A>G (p.Thr236Ala)	1064793126	not provided	Conflicting classifications of pathogenicity	0.0																											
FH	T236A	FUMH_HUMAN	CHAIN	Fumarate hydratase, mitochondrial	Radiation, Ionizing	FH -[Activation]-> Radiation, Ionizing	26237645	1	405125	single nucleotide variant	NM_000143.4(FH):c.706A>G (p.Thr236Ala)	1064793126	not provided	Conflicting classifications of pathogenicity	0.0																											
FH	T236A	FUMH_HUMAN	CHAIN	Fumarate hydratase, mitochondrial	cell death	FH -[Inhibition]-> DNA Damage -[Activation]-> cell death	26237645	1	405125	single nucleotide variant	NM_000143.4(FH):c.706A>G (p.Thr236Ala)	1064793126	not provided	Conflicting classifications of pathogenicity	0.0																											
FH	T236A	FUMH_HUMAN	CHAIN	Fumarate hydratase, mitochondrial	localization	FH -[Complex]-> Histone -[Activation]-> localization	26237645	1	405125	single nucleotide variant	NM_000143.4(FH):c.706A>G (p.Thr236Ala)	1064793126	not provided	Conflicting classifications of pathogenicity	0.0																											
FH	Y402H	FUMH_HUMAN	CHAIN	Fumarate hydratase, mitochondrial	complement activation	FH -[Activation]-> complement activation	37440007	0																																		
