variant_protein	variant_info	DomainProteinID	DomainFeature	DomainNote	biological_process/disease	chain	pmid	clinvar_match	#AlleleID	Type	Name	RS# (dbSNP)	disease_1	significance_1	star_1	disease_2	significance_2	star_2	disease_3	significance_3	star_3	disease_4	significance_4	star_4	disease_5	significance_5	star_5	disease_6	significance_6	star_6	disease_7	significance_7	star_7	disease_8	significance_8	star_8	disease_9	significance_9	star_9	disease_10	significance_10	star_10
FHL1	H123Y	FHL1_HUMAN	CHAIN;DOMAIN	Four and a half LIM domains protein 1;LIM zinc-binding 2	Fatigue	FHL1 -[Activation]-> Fatigue	19075112	0																																		
FHL1	H123Y	FHL1_HUMAN	CHAIN;DOMAIN	Four and a half LIM domains protein 1;LIM zinc-binding 2	Hypertrophy	FHL1 -[Activation]-> Hypertrophy	19075112	0																																		
FHL1	H123Y	FHL1_HUMAN	CHAIN;DOMAIN	Four and a half LIM domains protein 1;LIM zinc-binding 2	Muscular Atrophy	FHL1 -[Inhibition]-> Muscular Atrophy	19075112	0																																		
FHL1	H123Y	FHL1_HUMAN	CHAIN;DOMAIN	Four and a half LIM domains protein 1;LIM zinc-binding 2	cell differentiation	FHL1 -[Activation]-> cell differentiation	19075112	0																																		
FHL1	H123Y	FHL1_HUMAN	CHAIN;DOMAIN	Four and a half LIM domains protein 1;LIM zinc-binding 2	localization	FHL1 -[Inhibition]-> localization	19075112	0																																		
FHL1	H123Y	FHL1_HUMAN	CHAIN;DOMAIN	Four and a half LIM domains protein 1;LIM zinc-binding 2	transcription, DNA-templated	FHL1 -[Activation]-> transcription, DNA-templated	19075112	0																																		
