variant_protein	variant_info	DomainProteinID	DomainFeature	DomainNote	biological_process/disease	chain	pmid	clinvar_match	#AlleleID	Type	Name	RS# (dbSNP)	disease_1	significance_1	star_1	disease_2	significance_2	star_2	disease_3	significance_3	star_3	disease_4	significance_4	star_4	disease_5	significance_5	star_5	disease_6	significance_6	star_6	disease_7	significance_7	star_7	disease_8	significance_8	star_8	disease_9	significance_9	star_9	disease_10	significance_10	star_10
FOXM1	R286A	FOXM1_HUMAN	CHAIN	Forkhead box protein M1	Carcinogenesis	FOXM1 -[Activation]-> Carcinogenesis	22014570	0																																		
FOXM1	R286A	FOXM1_HUMAN	CHAIN	Forkhead box protein M1	cell differentiation	FOXM1 -[IncreaseAmount]-> CD133 -[Activation]-> cell differentiation	22014570	0																																		
FOXM1	R286A	FOXM1_HUMAN	CHAIN	Forkhead box protein M1	localization	FOXM1 -[Activation]-> localization	22014570	0																																		
FOXM1	R286A	FOXM1_HUMAN	CHAIN	Forkhead box protein M1	transcription, DNA-templated	FOXM1 -[Activation]-> transcription, DNA-templated	22014570	0																																		
FOXM1	S35D	FOXM1_HUMAN	CHAIN;REGION	Forkhead box protein M1;Disordered	Aging	FOXM1 -[Inhibition]-> Aging	22094256	0																																		
FOXM1	S35D	FOXM1_HUMAN	CHAIN;REGION	Forkhead box protein M1;Disordered	cellular senescence	FOXM1 -[Activation]-> cellular senescence	22094256	0																																		
FOXM1	S35D	FOXM1_HUMAN	CHAIN;REGION	Forkhead box protein M1;Disordered	transcription, DNA-templated	FOXM1 -[Inhibition]-> transcription, DNA-templated	22094256	0																																		
FOXM1	S4D	FOXM1_HUMAN	CHAIN;REGION	Forkhead box protein M1;Disordered	Aging	FOXM1 -[Inhibition]-> Aging	22094256	0																																		
FOXM1	S4D	FOXM1_HUMAN	CHAIN;REGION	Forkhead box protein M1;Disordered	cellular senescence	FOXM1 -[Activation]-> cellular senescence	22094256	0																																		
FOXM1	S4D	FOXM1_HUMAN	CHAIN;REGION	Forkhead box protein M1;Disordered	transcription, DNA-templated	FOXM1 -[Inhibition]-> transcription, DNA-templated	22094256	0																																		
