variant_protein	variant_info	DomainProteinID	DomainFeature	DomainNote	biological_process/disease	chain	pmid	clinvar_match	#AlleleID	Type	Name	RS# (dbSNP)	disease_1	significance_1	star_1	disease_2	significance_2	star_2	disease_3	significance_3	star_3	disease_4	significance_4	star_4	disease_5	significance_5	star_5	disease_6	significance_6	star_6	disease_7	significance_7	star_7	disease_8	significance_8	star_8	disease_9	significance_9	star_9	disease_10	significance_10	star_10
FOXO3	K259R	FOXO3_HUMAN	CHAIN;REGION;MOTIF	Forkhead box protein O3;Disordered;Nuclear localization signal	Neoplasm Metastasis	FOXO3 -[Activation]-> Neoplasm Metastasis	23665396	0																																		
FOXO3	K259R	FOXO3_HUMAN	CHAIN;REGION;MOTIF	Forkhead box protein O3;Disordered;Nuclear localization signal	cellular component biogenesis	FOXO3 -[Activation]-> cellular component biogenesis	23665396	0																																		
FOXO3	K259R	FOXO3_HUMAN	CHAIN;REGION;MOTIF	Forkhead box protein O3;Disordered;Nuclear localization signal	homeostatic process	FOXO3 -[Activation]-> homeostatic process	23665396	0																																		
FOXO3	S207A	FOXO3_HUMAN	CHAIN	Forkhead box protein O3	Cell Survival	FOXO3 -[Activation]-> MST1 -[Inhibition]-> Cell Survival	19956688	0																																		
FOXO3	S207A	FOXO3_HUMAN	CHAIN	Forkhead box protein O3	apoptotic process	FOXO3 -[Activation]-> MST1 -[Activation]-> apoptotic process	19956688	0																																		
FOXO3	S207A	FOXO3_HUMAN	CHAIN	Forkhead box protein O3	localization	FOXO3 -[Activation]-> MST1 -[Activation]-> localization	19956688	0																																		
FOXO3	S207D	FOXO3_HUMAN	CHAIN	Forkhead box protein O3	Cell Survival	FOXO3 -[Activation]-> MST1 -[Inhibition]-> Cell Survival	19956688	0																																		
FOXO3	S207D	FOXO3_HUMAN	CHAIN	Forkhead box protein O3	apoptotic process	FOXO3 -[Activation]-> MST1 -[Activation]-> apoptotic process	19956688	0																																		
FOXO3	S207D	FOXO3_HUMAN	CHAIN	Forkhead box protein O3	localization	FOXO3 -[Activation]-> MST1 -[Activation]-> localization	19956688	0																																		
FOXO3	S574A	FOXO3_HUMAN	CHAIN;REGION;REGION;COMPBIAS	Forkhead box protein O3;Mediates interaction with CHUK/IKKA and IKBKB/IKKB;Disordered;Polar residues	inflammatory response	FOXO3 -[Activation]-> lipopolysaccharide -[Activation]-> inflammatory response	35618937	0																																		
FOXO3	T32A	FOXO3_HUMAN	CHAIN;REGION	Forkhead box protein O3;Disordered	cell cycle	FOXO3 -[Inhibition]-> cell cycle	21452041	0																																		
