variant_protein	variant_info	DomainProteinID	DomainFeature	DomainNote	biological_process/disease	chain	pmid	clinvar_match	#AlleleID	Type	Name	RS# (dbSNP)	disease_1	significance_1	star_1	disease_2	significance_2	star_2	disease_3	significance_3	star_3	disease_4	significance_4	star_4	disease_5	significance_5	star_5	disease_6	significance_6	star_6	disease_7	significance_7	star_7	disease_8	significance_8	star_8	disease_9	significance_9	star_9	disease_10	significance_10	star_10
FOXP3	F373A	FOXP3_HUMAN	CHAIN;CHAIN;CHAIN	Forkhead box protein P3;Forkhead box protein P3, C-terminally processed;Forkhead box protein P3 41 kDa form	cell population proliferation	FOXP3 -[Inhibition]-> cell population proliferation	21458306	1	26454	Indel	NM_014009.4(FOXP3):c.1117_1118delinsGC (p.Phe373Ala)	122467172	Insulin-dependent diabetes mellitus secretory diarrhea syndrome	Pathogenic	0.0																											
FOXP3	R347H	FOXP3_HUMAN	CHAIN;CHAIN;CHAIN	Forkhead box protein P3;Forkhead box protein P3, C-terminally processed;Forkhead box protein P3 41 kDa form	cell population proliferation	FOXP3 -[Inhibition]-> cell population proliferation	21458306	1	650102	single nucleotide variant	NM_014009.4(FOXP3):c.1040G>A (p.Arg347His)	1557115786	Insulin-dependent diabetes mellitus secretory diarrhea syndrome	Pathogenic/Likely risk allele	2.0	not provided																										
FOXP3	Y330F	FOXP3_HUMAN	CHAIN;CHAIN;CHAIN;REGION	Forkhead box protein P3;Forkhead box protein P3, C-terminally processed;Forkhead box protein P3 41 kDa form;Interaction with RUNX1	Neoplasm Invasiveness	FOXP3 -[Inhibition]-> Neoplasm Invasiveness	24155921	0																																		
FOXP3	Y330F	FOXP3_HUMAN	CHAIN;CHAIN;CHAIN;REGION	Forkhead box protein P3;Forkhead box protein P3, C-terminally processed;Forkhead box protein P3 41 kDa form;Interaction with RUNX1	Neoplasm Metastasis	FOXP3 -[DecreaseAmount]-> LCK -[Activation]-> Neoplasm Metastasis	24155921	0																																		
FOXP3	Y330F	FOXP3_HUMAN	CHAIN;CHAIN;CHAIN;REGION	Forkhead box protein P3;Forkhead box protein P3, C-terminally processed;Forkhead box protein P3 41 kDa form;Interaction with RUNX1	Neoplasms	FOXP3 -[Inhibition]-> Neoplasms	24155921	0																																		
FOXP3	Y342F	FOXP3_HUMAN	CHAIN;CHAIN;CHAIN	Forkhead box protein P3;Forkhead box protein P3, C-terminally processed;Forkhead box protein P3 41 kDa form	Neoplasm Invasiveness	FOXP3 -[Inhibition]-> Neoplasm Invasiveness	24155921	0																																		
FOXP3	Y342F	FOXP3_HUMAN	CHAIN;CHAIN;CHAIN	Forkhead box protein P3;Forkhead box protein P3, C-terminally processed;Forkhead box protein P3 41 kDa form	Neoplasm Metastasis	FOXP3 -[DecreaseAmount]-> LCK -[Activation]-> Neoplasm Metastasis	24155921	0																																		
FOXP3	Y342F	FOXP3_HUMAN	CHAIN;CHAIN;CHAIN	Forkhead box protein P3;Forkhead box protein P3, C-terminally processed;Forkhead box protein P3 41 kDa form	Neoplasms	FOXP3 -[Inhibition]-> Neoplasms	24155921	0																																		
