variant_protein	variant_info	DomainProteinID	DomainFeature	DomainNote	biological_process/disease	chain	pmid	clinvar_match	#AlleleID	Type	Name	RS# (dbSNP)	disease_1	significance_1	star_1	disease_2	significance_2	star_2	disease_3	significance_3	star_3	disease_4	significance_4	star_4	disease_5	significance_5	star_5	disease_6	significance_6	star_6	disease_7	significance_7	star_7	disease_8	significance_8	star_8	disease_9	significance_9	star_9	disease_10	significance_10	star_10
FRZB	R200W	SFRP3_HUMAN	CHAIN;DOMAIN	Secreted frizzled-related protein 3;NTR	Osteoarthritis	FRZB -[Activation]-> Osteoarthritis	23856044	1	20260	single nucleotide variant	NM_001463.4(FRZB):c.598C>T (p.Arg200Trp)	288326	FRZB-related disorder	Benign; risk factor	0.0	Osteoarthritis susceptibility 1																										
FRZB	R200W	SFRP3_HUMAN	CHAIN;DOMAIN	Secreted frizzled-related protein 3;NTR	catabolic process	FRZB -[Inhibition]-> Wnt -[Activation]-> catabolic process	23856044	1	20260	single nucleotide variant	NM_001463.4(FRZB):c.598C>T (p.Arg200Trp)	288326	FRZB-related disorder	Benign; risk factor	0.0	Osteoarthritis susceptibility 1																										
FRZB	R324G	SFRP3_HUMAN	CHAIN;REGION;COMPBIAS	Secreted frizzled-related protein 3;Disordered;Polar residues	Osteoarthritis	FRZB -[Activation]-> Osteoarthritis	23856044	1	20259	single nucleotide variant	NM_001463.4(FRZB):c.970C>G (p.Arg324Gly)	7775	FRZB-related disorder	Benign; risk factor	0.0	Osteoarthritis susceptibility 1																										
FRZB	R324G	SFRP3_HUMAN	CHAIN;REGION;COMPBIAS	Secreted frizzled-related protein 3;Disordered;Polar residues	catabolic process	FRZB -[Inhibition]-> Wnt -[Activation]-> catabolic process	23856044	1	20259	single nucleotide variant	NM_001463.4(FRZB):c.970C>G (p.Arg324Gly)	7775	FRZB-related disorder	Benign; risk factor	0.0	Osteoarthritis susceptibility 1																										
