variant_protein	variant_info	DomainProteinID	DomainFeature	DomainNote	biological_process/disease	chain	pmid	clinvar_match	#AlleleID	Type	Name	RS# (dbSNP)	disease_1	significance_1	star_1	disease_2	significance_2	star_2	disease_3	significance_3	star_3	disease_4	significance_4	star_4	disease_5	significance_5	star_5	disease_6	significance_6	star_6	disease_7	significance_7	star_7	disease_8	significance_8	star_8	disease_9	significance_9	star_9	disease_10	significance_10	star_10
FUS	G156E	FUS_HUMAN	CHAIN;REGION;COMPBIAS	RNA-binding protein FUS;Disordered;Low complexity	Cell Survival	FUS -[Activation]-> TARDBP -[Inhibition]-> Cell Survival	27693252	0																																		
FUS	G156E	FUS_HUMAN	CHAIN;REGION;COMPBIAS	RNA-binding protein FUS;Disordered;Low complexity	Death	FUS -[Inhibition]-> Death	27693252	0																																		
FUS	G156E	FUS_HUMAN	CHAIN;REGION;COMPBIAS	RNA-binding protein FUS;Disordered;Low complexity	cell death	FUS -[Activation]-> TARDBP -[Activation]-> cell death	27693252	0																																		
FUS	H517Q	FUS_HUMAN	CHAIN;REGION;COMPBIAS	RNA-binding protein FUS;Disordered;Basic and acidic residues	DNA Damage	FUS -[Inhibition]-> DNA Damage	25289647	1	31260	single nucleotide variant	NM_004960.4(FUS):c.1551C>G (p.His517Gln)	121909667	Amyotrophic lateral sclerosis 6, autosomal recessive	Pathogenic	0.0																											
FUS	H517Q	FUS_HUMAN	CHAIN;REGION;COMPBIAS	RNA-binding protein FUS;Disordered;Basic and acidic residues	DNA repair	FUS -[Inhibition]-> IGFALS -[Inhibition]-> DNA repair	25289647	1	31260	single nucleotide variant	NM_004960.4(FUS):c.1551C>G (p.His517Gln)	121909667	Amyotrophic lateral sclerosis 6, autosomal recessive	Pathogenic	0.0																											
FUS	H517Q	FUS_HUMAN	CHAIN;REGION;COMPBIAS	RNA-binding protein FUS;Disordered;Basic and acidic residues	response to stress	FUS -[Inhibition]-> response to stress	25289647	1	31260	single nucleotide variant	NM_004960.4(FUS):c.1551C>G (p.His517Gln)	121909667	Amyotrophic lateral sclerosis 6, autosomal recessive	Pathogenic	0.0																											
FUS	H517Q	FUS_HUMAN	CHAIN;REGION;COMPBIAS	RNA-binding protein FUS;Disordered;Basic and acidic residues	translation	FUS -[Activation]-> translation	25289647	1	31260	single nucleotide variant	NM_004960.4(FUS):c.1551C>G (p.His517Gln)	121909667	Amyotrophic lateral sclerosis 6, autosomal recessive	Pathogenic	0.0																											
FUS	P525L	FUS_HUMAN	CHAIN;REGION;COMPBIAS	RNA-binding protein FUS;Disordered;Basic and acidic residues	Amyotrophic Lateral Sclerosis	FUS -[Activation]-> Amyotrophic Lateral Sclerosis	32307925	1	264787	single nucleotide variant	NM_004960.4(FUS):c.1574C>T (p.Pro525Leu)	886041390	not provided	Pathogenic	2.0	Amyotrophic lateral sclerosis type 6			Tremor, hereditary essential, 4			FUS-related disorder			Juvenile amyotrophic lateral sclerosis																	
FUS	P525L	FUS_HUMAN	CHAIN;REGION;COMPBIAS	RNA-binding protein FUS;Disordered;Basic and acidic residues	Amyotrophic Lateral Sclerosis	FUS -[Inhibition]-> DDX17 -[Activation]-> Amyotrophic Lateral Sclerosis	34061233	1	264787	single nucleotide variant	NM_004960.4(FUS):c.1574C>T (p.Pro525Leu)	886041390	not provided	Pathogenic	2.0	Amyotrophic lateral sclerosis type 6			Tremor, hereditary essential, 4			FUS-related disorder			Juvenile amyotrophic lateral sclerosis																	
FUS	P525L	FUS_HUMAN	CHAIN;REGION;COMPBIAS	RNA-binding protein FUS;Disordered;Basic and acidic residues	Cell Survival	FUS -[Complex]-> LLPS -[Activation]-> Cell Survival	34233002	1	264787	single nucleotide variant	NM_004960.4(FUS):c.1574C>T (p.Pro525Leu)	886041390	not provided	Pathogenic	2.0	Amyotrophic lateral sclerosis type 6			Tremor, hereditary essential, 4			FUS-related disorder			Juvenile amyotrophic lateral sclerosis																	
FUS	P525L	FUS_HUMAN	CHAIN;REGION;COMPBIAS	RNA-binding protein FUS;Disordered;Basic and acidic residues	DNA Breaks, Double-Stranded	FUS -[Inhibition]-> DDX17 -[Inhibition]-> DNA Breaks, Double-Stranded	34061233	1	264787	single nucleotide variant	NM_004960.4(FUS):c.1574C>T (p.Pro525Leu)	886041390	not provided	Pathogenic	2.0	Amyotrophic lateral sclerosis type 6			Tremor, hereditary essential, 4			FUS-related disorder			Juvenile amyotrophic lateral sclerosis																	
FUS	P525L	FUS_HUMAN	CHAIN;REGION;COMPBIAS	RNA-binding protein FUS;Disordered;Basic and acidic residues	DNA Damage	FUS -[Inhibition]-> DDX17 -[Activation]-> DNA Damage	34061233	1	264787	single nucleotide variant	NM_004960.4(FUS):c.1574C>T (p.Pro525Leu)	886041390	not provided	Pathogenic	2.0	Amyotrophic lateral sclerosis type 6			Tremor, hereditary essential, 4			FUS-related disorder			Juvenile amyotrophic lateral sclerosis																	
FUS	P525L	FUS_HUMAN	CHAIN;REGION;COMPBIAS	RNA-binding protein FUS;Disordered;Basic and acidic residues	DNA damage checkpoint	FUS -[Activation]-> DNA damage checkpoint	34061233	1	264787	single nucleotide variant	NM_004960.4(FUS):c.1574C>T (p.Pro525Leu)	886041390	not provided	Pathogenic	2.0	Amyotrophic lateral sclerosis type 6			Tremor, hereditary essential, 4			FUS-related disorder			Juvenile amyotrophic lateral sclerosis																	
FUS	P525L	FUS_HUMAN	CHAIN;REGION;COMPBIAS	RNA-binding protein FUS;Disordered;Basic and acidic residues	Movement Disorders	FUS -[Activation]-> Movement Disorders	32307925	1	264787	single nucleotide variant	NM_004960.4(FUS):c.1574C>T (p.Pro525Leu)	886041390	not provided	Pathogenic	2.0	Amyotrophic lateral sclerosis type 6			Tremor, hereditary essential, 4			FUS-related disorder			Juvenile amyotrophic lateral sclerosis																	
FUS	P525L	FUS_HUMAN	CHAIN;REGION;COMPBIAS	RNA-binding protein FUS;Disordered;Basic and acidic residues	Paralysis	FUS -[Activation]-> IGFALS -[Activation]-> Paralysis	34233002	1	264787	single nucleotide variant	NM_004960.4(FUS):c.1574C>T (p.Pro525Leu)	886041390	not provided	Pathogenic	2.0	Amyotrophic lateral sclerosis type 6			Tremor, hereditary essential, 4			FUS-related disorder			Juvenile amyotrophic lateral sclerosis																	
FUS	P525L	FUS_HUMAN	CHAIN;REGION;COMPBIAS	RNA-binding protein FUS;Disordered;Basic and acidic residues	RNA binding	FUS -[Inhibition]-> RNA binding	34061233	1	264787	single nucleotide variant	NM_004960.4(FUS):c.1574C>T (p.Pro525Leu)	886041390	not provided	Pathogenic	2.0	Amyotrophic lateral sclerosis type 6			Tremor, hereditary essential, 4			FUS-related disorder			Juvenile amyotrophic lateral sclerosis																	
FUS	P525L	FUS_HUMAN	CHAIN;REGION;COMPBIAS	RNA-binding protein FUS;Disordered;Basic and acidic residues	Sarcoma	FUS -[Activation]-> Sarcoma	34061233	1	264787	single nucleotide variant	NM_004960.4(FUS):c.1574C>T (p.Pro525Leu)	886041390	not provided	Pathogenic	2.0	Amyotrophic lateral sclerosis type 6			Tremor, hereditary essential, 4			FUS-related disorder			Juvenile amyotrophic lateral sclerosis																	
FUS	P525L	FUS_HUMAN	CHAIN;REGION;COMPBIAS	RNA-binding protein FUS;Disordered;Basic and acidic residues	autophagy	FUS -[Inhibition]-> autophagy	28878620	1	264787	single nucleotide variant	NM_004960.4(FUS):c.1574C>T (p.Pro525Leu)	886041390	not provided	Pathogenic	2.0	Amyotrophic lateral sclerosis type 6			Tremor, hereditary essential, 4			FUS-related disorder			Juvenile amyotrophic lateral sclerosis																	
FUS	P525L	FUS_HUMAN	CHAIN;REGION;COMPBIAS	RNA-binding protein FUS;Disordered;Basic and acidic residues	import into nucleus	FUS -[Activation]-> import into nucleus	33082139	1	264787	single nucleotide variant	NM_004960.4(FUS):c.1574C>T (p.Pro525Leu)	886041390	not provided	Pathogenic	2.0	Amyotrophic lateral sclerosis type 6			Tremor, hereditary essential, 4			FUS-related disorder			Juvenile amyotrophic lateral sclerosis																	
FUS	P525L	FUS_HUMAN	CHAIN;REGION;COMPBIAS	RNA-binding protein FUS;Disordered;Basic and acidic residues	import into nucleus	FUS -[Inhibition]-> Kapbeta2 -[Activation]-> import into nucleus	33580145	1	264787	single nucleotide variant	NM_004960.4(FUS):c.1574C>T (p.Pro525Leu)	886041390	not provided	Pathogenic	2.0	Amyotrophic lateral sclerosis type 6			Tremor, hereditary essential, 4			FUS-related disorder			Juvenile amyotrophic lateral sclerosis																	
FUS	P525L	FUS_HUMAN	CHAIN;REGION;COMPBIAS	RNA-binding protein FUS;Disordered;Basic and acidic residues	localization	FUS -[Activation]-> localization	34290090	1	264787	single nucleotide variant	NM_004960.4(FUS):c.1574C>T (p.Pro525Leu)	886041390	not provided	Pathogenic	2.0	Amyotrophic lateral sclerosis type 6			Tremor, hereditary essential, 4			FUS-related disorder			Juvenile amyotrophic lateral sclerosis																	
FUS	P525L	FUS_HUMAN	CHAIN;REGION;COMPBIAS	RNA-binding protein FUS;Disordered;Basic and acidic residues	localization	FUS -[Inhibition]-> Kapbeta2 -[Inhibition]-> localization	33580145	1	264787	single nucleotide variant	NM_004960.4(FUS):c.1574C>T (p.Pro525Leu)	886041390	not provided	Pathogenic	2.0	Amyotrophic lateral sclerosis type 6			Tremor, hereditary essential, 4			FUS-related disorder			Juvenile amyotrophic lateral sclerosis																	
FUS	P525L	FUS_HUMAN	CHAIN;REGION;COMPBIAS	RNA-binding protein FUS;Disordered;Basic and acidic residues	metabolic process	FUS -[Inhibition]-> metabolic process	25173930	1	264787	single nucleotide variant	NM_004960.4(FUS):c.1574C>T (p.Pro525Leu)	886041390	not provided	Pathogenic	2.0	Amyotrophic lateral sclerosis type 6			Tremor, hereditary essential, 4			FUS-related disorder			Juvenile amyotrophic lateral sclerosis																	
FUS	P525L	FUS_HUMAN	CHAIN;REGION;COMPBIAS	RNA-binding protein FUS;Disordered;Basic and acidic residues	transcription, DNA-templated	FUS -[Inhibition]-> AR -[Inhibition]-> transcription, DNA-templated	27731383	1	264787	single nucleotide variant	NM_004960.4(FUS):c.1574C>T (p.Pro525Leu)	886041390	not provided	Pathogenic	2.0	Amyotrophic lateral sclerosis type 6			Tremor, hereditary essential, 4			FUS-related disorder			Juvenile amyotrophic lateral sclerosis																	
FUS	P525L	FUS_HUMAN	CHAIN;REGION;COMPBIAS	RNA-binding protein FUS;Disordered;Basic and acidic residues	translation	FUS -[Activation]-> translation	33082139	1	264787	single nucleotide variant	NM_004960.4(FUS):c.1574C>T (p.Pro525Leu)	886041390	not provided	Pathogenic	2.0	Amyotrophic lateral sclerosis type 6			Tremor, hereditary essential, 4			FUS-related disorder			Juvenile amyotrophic lateral sclerosis																	
FUS	P525L	FUS_HUMAN	CHAIN;REGION;COMPBIAS	RNA-binding protein FUS;Disordered;Basic and acidic residues	translation	FUS -[Activation]-> translation	34290090	1	264787	single nucleotide variant	NM_004960.4(FUS):c.1574C>T (p.Pro525Leu)	886041390	not provided	Pathogenic	2.0	Amyotrophic lateral sclerosis type 6			Tremor, hereditary essential, 4			FUS-related disorder			Juvenile amyotrophic lateral sclerosis																	
FUS	P525L	FUS_HUMAN	CHAIN;REGION;COMPBIAS	RNA-binding protein FUS;Disordered;Basic and acidic residues	transport	FUS -[Activation]-> transport	32307925	1	264787	single nucleotide variant	NM_004960.4(FUS):c.1574C>T (p.Pro525Leu)	886041390	not provided	Pathogenic	2.0	Amyotrophic lateral sclerosis type 6			Tremor, hereditary essential, 4			FUS-related disorder			Juvenile amyotrophic lateral sclerosis																	
FUS	R251C	FUS_HUMAN	CHAIN;REGION;COMPBIAS	RNA-binding protein FUS;Disordered;Gly residues	DNA repair	FUS -[Activation]-> DNA repair	27600654	0																																		
FUS	R518K	FUS_HUMAN	CHAIN;REGION;COMPBIAS	RNA-binding protein FUS;Disordered;Basic and acidic residues	Carcinoma, Hepatocellular	FUS -[Inhibition]-> Carcinoma, Hepatocellular	32199908	1	31262	single nucleotide variant	NM_004960.4(FUS):c.1553G>A (p.Arg518Lys)	121909669	Amyotrophic lateral sclerosis type 6	Pathogenic	1.0	Tremor, hereditary essential, 4																										
FUS	R518K	FUS_HUMAN	CHAIN;REGION;COMPBIAS	RNA-binding protein FUS;Disordered;Basic and acidic residues	cell death	FUS -[Inhibition]-> cell death	32199908	1	31262	single nucleotide variant	NM_004960.4(FUS):c.1553G>A (p.Arg518Lys)	121909669	Amyotrophic lateral sclerosis type 6	Pathogenic	1.0	Tremor, hereditary essential, 4																										
FUS	R518K	FUS_HUMAN	CHAIN;REGION;COMPBIAS	RNA-binding protein FUS;Disordered;Basic and acidic residues	cell population proliferation	FUS -[Activation]-> GFER -[Inhibition]-> cell population proliferation	32199908	1	31262	single nucleotide variant	NM_004960.4(FUS):c.1553G>A (p.Arg518Lys)	121909669	Amyotrophic lateral sclerosis type 6	Pathogenic	1.0	Tremor, hereditary essential, 4																										
FUS	R518K	FUS_HUMAN	CHAIN;REGION;COMPBIAS	RNA-binding protein FUS;Disordered;Basic and acidic residues	hippo signaling	FUS -[Activation]-> hippo signaling	32199908	1	31262	single nucleotide variant	NM_004960.4(FUS):c.1553G>A (p.Arg518Lys)	121909669	Amyotrophic lateral sclerosis type 6	Pathogenic	1.0	Tremor, hereditary essential, 4																										
FUS	R521C	FUS_HUMAN	CHAIN;REGION;COMPBIAS	RNA-binding protein FUS;Disordered;Basic and acidic residues	Aging	FUS -[Activation]-> Aging	30344044	1	31263	single nucleotide variant	NM_004960.4(FUS):c.1561C>T (p.Arg521Cys)	121909668	Amyotrophic lateral sclerosis type 6	Pathogenic	2.0	not provided			Tremor, hereditary essential, 4			FUS-related disorder																				
FUS	R521C	FUS_HUMAN	CHAIN;REGION;COMPBIAS	RNA-binding protein FUS;Disordered;Basic and acidic residues	Carcinoma, Hepatocellular	FUS -[Inhibition]-> Carcinoma, Hepatocellular	32199908	1	31263	single nucleotide variant	NM_004960.4(FUS):c.1561C>T (p.Arg521Cys)	121909668	Amyotrophic lateral sclerosis type 6	Pathogenic	2.0	not provided			Tremor, hereditary essential, 4			FUS-related disorder																				
FUS	R521C	FUS_HUMAN	CHAIN;REGION;COMPBIAS	RNA-binding protein FUS;Disordered;Basic and acidic residues	Cell Survival	FUS -[Complex]-> PTE -[Activation]-> Cell Survival	24804206	1	31263	single nucleotide variant	NM_004960.4(FUS):c.1561C>T (p.Arg521Cys)	121909668	Amyotrophic lateral sclerosis type 6	Pathogenic	2.0	not provided			Tremor, hereditary essential, 4			FUS-related disorder																				
FUS	R521C	FUS_HUMAN	CHAIN;REGION;COMPBIAS	RNA-binding protein FUS;Disordered;Basic and acidic residues	DNA Breaks, Double-Stranded	FUS -[Activation]-> DNA Breaks, Double-Stranded	29140459	1	31263	single nucleotide variant	NM_004960.4(FUS):c.1561C>T (p.Arg521Cys)	121909668	Amyotrophic lateral sclerosis type 6	Pathogenic	2.0	not provided			Tremor, hereditary essential, 4			FUS-related disorder																				
FUS	R521C	FUS_HUMAN	CHAIN;REGION;COMPBIAS	RNA-binding protein FUS;Disordered;Basic and acidic residues	DNA Damage	FUS -[Activation]-> DNA Damage	24509083	1	31263	single nucleotide variant	NM_004960.4(FUS):c.1561C>T (p.Arg521Cys)	121909668	Amyotrophic lateral sclerosis type 6	Pathogenic	2.0	not provided			Tremor, hereditary essential, 4			FUS-related disorder																				
FUS	R521C	FUS_HUMAN	CHAIN;REGION;COMPBIAS	RNA-binding protein FUS;Disordered;Basic and acidic residues	DNA Damage	FUS -[Activation]-> DNA Damage	27033831	1	31263	single nucleotide variant	NM_004960.4(FUS):c.1561C>T (p.Arg521Cys)	121909668	Amyotrophic lateral sclerosis type 6	Pathogenic	2.0	not provided			Tremor, hereditary essential, 4			FUS-related disorder																				
FUS	R521C	FUS_HUMAN	CHAIN;REGION;COMPBIAS	RNA-binding protein FUS;Disordered;Basic and acidic residues	DNA Damage	FUS -[Activation]-> DNA Damage	30344044	1	31263	single nucleotide variant	NM_004960.4(FUS):c.1561C>T (p.Arg521Cys)	121909668	Amyotrophic lateral sclerosis type 6	Pathogenic	2.0	not provided			Tremor, hereditary essential, 4			FUS-related disorder																				
FUS	R521C	FUS_HUMAN	CHAIN;REGION;COMPBIAS	RNA-binding protein FUS;Disordered;Basic and acidic residues	DNA Damage	FUS -[Activation]-> DNA Damage	33792567	1	31263	single nucleotide variant	NM_004960.4(FUS):c.1561C>T (p.Arg521Cys)	121909668	Amyotrophic lateral sclerosis type 6	Pathogenic	2.0	not provided			Tremor, hereditary essential, 4			FUS-related disorder																				
FUS	R521C	FUS_HUMAN	CHAIN;REGION;COMPBIAS	RNA-binding protein FUS;Disordered;Basic and acidic residues	DNA damage checkpoint	FUS -[Inhibition]-> DNA damage checkpoint	29362359	1	31263	single nucleotide variant	NM_004960.4(FUS):c.1561C>T (p.Arg521Cys)	121909668	Amyotrophic lateral sclerosis type 6	Pathogenic	2.0	not provided			Tremor, hereditary essential, 4			FUS-related disorder																				
FUS	R521C	FUS_HUMAN	CHAIN;REGION;COMPBIAS	RNA-binding protein FUS;Disordered;Basic and acidic residues	DNA repair	FUS -[Activation]-> DNA repair	25494299	1	31263	single nucleotide variant	NM_004960.4(FUS):c.1561C>T (p.Arg521Cys)	121909668	Amyotrophic lateral sclerosis type 6	Pathogenic	2.0	not provided			Tremor, hereditary essential, 4			FUS-related disorder																				
FUS	R521C	FUS_HUMAN	CHAIN;REGION;COMPBIAS	RNA-binding protein FUS;Disordered;Basic and acidic residues	Frontotemporal Lobar Degeneration	FUS -[Activation]-> Frontotemporal Lobar Degeneration	25494299	1	31263	single nucleotide variant	NM_004960.4(FUS):c.1561C>T (p.Arg521Cys)	121909668	Amyotrophic lateral sclerosis type 6	Pathogenic	2.0	not provided			Tremor, hereditary essential, 4			FUS-related disorder																				
FUS	R521C	FUS_HUMAN	CHAIN;REGION;COMPBIAS	RNA-binding protein FUS;Disordered;Basic and acidic residues	Neurodegenerative Diseases	FUS -[Activation]-> Neurodegenerative Diseases	25494299	1	31263	single nucleotide variant	NM_004960.4(FUS):c.1561C>T (p.Arg521Cys)	121909668	Amyotrophic lateral sclerosis type 6	Pathogenic	2.0	not provided			Tremor, hereditary essential, 4			FUS-related disorder																				
FUS	R521C	FUS_HUMAN	CHAIN;REGION;COMPBIAS	RNA-binding protein FUS;Disordered;Basic and acidic residues	RNA splicing	FUS -[Activation]-> RNA splicing	24509083	1	31263	single nucleotide variant	NM_004960.4(FUS):c.1561C>T (p.Arg521Cys)	121909668	Amyotrophic lateral sclerosis type 6	Pathogenic	2.0	not provided			Tremor, hereditary essential, 4			FUS-related disorder																				
FUS	R521C	FUS_HUMAN	CHAIN;REGION;COMPBIAS	RNA-binding protein FUS;Disordered;Basic and acidic residues	RNA splicing	FUS -[Activation]-> RNA splicing	27033831	1	31263	single nucleotide variant	NM_004960.4(FUS):c.1561C>T (p.Arg521Cys)	121909668	Amyotrophic lateral sclerosis type 6	Pathogenic	2.0	not provided			Tremor, hereditary essential, 4			FUS-related disorder																				
FUS	R521C	FUS_HUMAN	CHAIN;REGION;COMPBIAS	RNA-binding protein FUS;Disordered;Basic and acidic residues	RNA splicing	FUS -[Activation]-> RNA splicing	30338063	1	31263	single nucleotide variant	NM_004960.4(FUS):c.1561C>T (p.Arg521Cys)	121909668	Amyotrophic lateral sclerosis type 6	Pathogenic	2.0	not provided			Tremor, hereditary essential, 4			FUS-related disorder																				
FUS	R521C	FUS_HUMAN	CHAIN;REGION;COMPBIAS	RNA-binding protein FUS;Disordered;Basic and acidic residues	RNA splicing	FUS -[Activation]-> RNA splicing	33792567	1	31263	single nucleotide variant	NM_004960.4(FUS):c.1561C>T (p.Arg521Cys)	121909668	Amyotrophic lateral sclerosis type 6	Pathogenic	2.0	not provided			Tremor, hereditary essential, 4			FUS-related disorder																				
FUS	R521C	FUS_HUMAN	CHAIN;REGION;COMPBIAS	RNA-binding protein FUS;Disordered;Basic and acidic residues	acetyltransferase activity	FUS -[Inhibition]-> acetyltransferase activity	25494299	1	31263	single nucleotide variant	NM_004960.4(FUS):c.1561C>T (p.Arg521Cys)	121909668	Amyotrophic lateral sclerosis type 6	Pathogenic	2.0	not provided			Tremor, hereditary essential, 4			FUS-related disorder																				
FUS	R521C	FUS_HUMAN	CHAIN;REGION;COMPBIAS	RNA-binding protein FUS;Disordered;Basic and acidic residues	cell cycle	FUS -[Complex]-> HDAC1 -[Inhibition]-> cell cycle	27033831	1	31263	single nucleotide variant	NM_004960.4(FUS):c.1561C>T (p.Arg521Cys)	121909668	Amyotrophic lateral sclerosis type 6	Pathogenic	2.0	not provided			Tremor, hereditary essential, 4			FUS-related disorder																				
FUS	R521C	FUS_HUMAN	CHAIN;REGION;COMPBIAS	RNA-binding protein FUS;Disordered;Basic and acidic residues	cell death	FUS -[Activation]-> cell death	26429862	1	31263	single nucleotide variant	NM_004960.4(FUS):c.1561C>T (p.Arg521Cys)	121909668	Amyotrophic lateral sclerosis type 6	Pathogenic	2.0	not provided			Tremor, hereditary essential, 4			FUS-related disorder																				
FUS	R521C	FUS_HUMAN	CHAIN;REGION;COMPBIAS	RNA-binding protein FUS;Disordered;Basic and acidic residues	cell death	FUS -[Inhibition]-> cell death	32199908	1	31263	single nucleotide variant	NM_004960.4(FUS):c.1561C>T (p.Arg521Cys)	121909668	Amyotrophic lateral sclerosis type 6	Pathogenic	2.0	not provided			Tremor, hereditary essential, 4			FUS-related disorder																				
FUS	R521C	FUS_HUMAN	CHAIN;REGION;COMPBIAS	RNA-binding protein FUS;Disordered;Basic and acidic residues	cell population proliferation	FUS -[Activation]-> GFER -[Inhibition]-> cell population proliferation	32199908	1	31263	single nucleotide variant	NM_004960.4(FUS):c.1561C>T (p.Arg521Cys)	121909668	Amyotrophic lateral sclerosis type 6	Pathogenic	2.0	not provided			Tremor, hereditary essential, 4			FUS-related disorder																				
FUS	R521C	FUS_HUMAN	CHAIN;REGION;COMPBIAS	RNA-binding protein FUS;Disordered;Basic and acidic residues	hippo signaling	FUS -[Activation]-> hippo signaling	32199908	1	31263	single nucleotide variant	NM_004960.4(FUS):c.1561C>T (p.Arg521Cys)	121909668	Amyotrophic lateral sclerosis type 6	Pathogenic	2.0	not provided			Tremor, hereditary essential, 4			FUS-related disorder																				
FUS	R521C	FUS_HUMAN	CHAIN;REGION;COMPBIAS	RNA-binding protein FUS;Disordered;Basic and acidic residues	homologous recombination	FUS -[Inhibition]-> RBM45 -[Activation]-> homologous recombination	29140459	1	31263	single nucleotide variant	NM_004960.4(FUS):c.1561C>T (p.Arg521Cys)	121909668	Amyotrophic lateral sclerosis type 6	Pathogenic	2.0	not provided			Tremor, hereditary essential, 4			FUS-related disorder																				
FUS	R521C	FUS_HUMAN	CHAIN;REGION;COMPBIAS	RNA-binding protein FUS;Disordered;Basic and acidic residues	localization	FUS -[Inhibition]-> localization	24804206	1	31263	single nucleotide variant	NM_004960.4(FUS):c.1561C>T (p.Arg521Cys)	121909668	Amyotrophic lateral sclerosis type 6	Pathogenic	2.0	not provided			Tremor, hereditary essential, 4			FUS-related disorder																				
FUS	R521C	FUS_HUMAN	CHAIN;REGION;COMPBIAS	RNA-binding protein FUS;Disordered;Basic and acidic residues	proteolysis	FUS -[Complex]-> PTE -[Inhibition]-> proteolysis	24804206	1	31263	single nucleotide variant	NM_004960.4(FUS):c.1561C>T (p.Arg521Cys)	121909668	Amyotrophic lateral sclerosis type 6	Pathogenic	2.0	not provided			Tremor, hereditary essential, 4			FUS-related disorder																				
FUS	R521C	FUS_HUMAN	CHAIN;REGION;COMPBIAS	RNA-binding protein FUS;Disordered;Basic and acidic residues	transcription, DNA-templated	FUS -[Activation]-> transcription, DNA-templated	25494299	1	31263	single nucleotide variant	NM_004960.4(FUS):c.1561C>T (p.Arg521Cys)	121909668	Amyotrophic lateral sclerosis type 6	Pathogenic	2.0	not provided			Tremor, hereditary essential, 4			FUS-related disorder																				
FUS	R521C	FUS_HUMAN	CHAIN;REGION;COMPBIAS	RNA-binding protein FUS;Disordered;Basic and acidic residues	translation	FUS -[Activation]-> cytoplasmic stress granule -[Inhibition]-> translation	26429862	1	31263	single nucleotide variant	NM_004960.4(FUS):c.1561C>T (p.Arg521Cys)	121909668	Amyotrophic lateral sclerosis type 6	Pathogenic	2.0	not provided			Tremor, hereditary essential, 4			FUS-related disorder																				
FUS	R521C	FUS_HUMAN	CHAIN;REGION;COMPBIAS	RNA-binding protein FUS;Disordered;Basic and acidic residues	transport	FUS -[Inhibition]-> transport	30344044	1	31263	single nucleotide variant	NM_004960.4(FUS):c.1561C>T (p.Arg521Cys)	121909668	Amyotrophic lateral sclerosis type 6	Pathogenic	2.0	not provided			Tremor, hereditary essential, 4			FUS-related disorder																				
FUS	R521G	FUS_HUMAN	CHAIN;REGION;COMPBIAS	RNA-binding protein FUS;Disordered;Basic and acidic residues	import into nucleus	FUS -[Activation]-> import into nucleus	33082139	1	31261	single nucleotide variant	NM_004960.4(FUS):c.1561C>G (p.Arg521Gly)	121909668	Amyotrophic lateral sclerosis type 6	Pathogenic	2.0	Tremor, hereditary essential, 4			FUS-related disorder			not provided																				
FUS	R521G	FUS_HUMAN	CHAIN;REGION;COMPBIAS	RNA-binding protein FUS;Disordered;Basic and acidic residues	translation	FUS -[Activation]-> translation	33082139	1	31261	single nucleotide variant	NM_004960.4(FUS):c.1561C>G (p.Arg521Gly)	121909668	Amyotrophic lateral sclerosis type 6	Pathogenic	2.0	Tremor, hereditary essential, 4			FUS-related disorder			not provided																				
FUS	R522G	FUS_HUMAN	CHAIN;REGION;COMPBIAS	RNA-binding protein FUS;Disordered;Basic and acidic residues	autophagy	FUS -[Inhibition]-> autophagy	28878620	1	530252	single nucleotide variant	NM_004960.4(FUS):c.1564A>G (p.Arg522Gly)	1555509693	Amyotrophic lateral sclerosis type 6	Uncertain significance	1.0	Tremor, hereditary essential, 4																										
FUS	S256D	FUS_HUMAN	CHAIN;REGION;COMPBIAS	RNA-binding protein FUS;Disordered;Gly residues	apoptotic process	FUS -[Activation]-> apoptotic process	10913197	0																																		
FUS	S256D	FUS_HUMAN	CHAIN;REGION;COMPBIAS	RNA-binding protein FUS;Disordered;Gly residues	cell differentiation	FUS -[Inhibition]-> cell differentiation	10913197	0																																		
