variant_protein	variant_info	DomainProteinID	DomainFeature	DomainNote	biological_process/disease	chain	pmid	clinvar_match	#AlleleID	Type	Name	RS# (dbSNP)	disease_1	significance_1	star_1	disease_2	significance_2	star_2	disease_3	significance_3	star_3	disease_4	significance_4	star_4	disease_5	significance_5	star_5	disease_6	significance_6	star_6	disease_7	significance_7	star_7	disease_8	significance_8	star_8	disease_9	significance_9	star_9	disease_10	significance_10	star_10
FZD4	G488D	FZD4_HUMAN	CHAIN	Frizzled-4	localization	FZD4 -[Inhibition]-> localization	28658627	0																																		
FZD4	G488D	FZD4_HUMAN	CHAIN	Frizzled-4	transport	FZD4 -[Activation]-> transport	28658627	0																																		
FZD4	M105V	FZD4_HUMAN	CHAIN;DOMAIN	Frizzled-4;FZ	localization	FZD4 -[Inhibition]-> localization	28658627	1	226404	single nucleotide variant	NM_012193.4(FZD4):c.313A>G (p.Met105Val)	80358284	Exudative retinopathy	Pathogenic	2.0	Familial exudative vitreoretinopathy			not provided			Exudative vitreoretinopathy 1			Retinal dystrophy			Atrophia bulborum hereditaria			FZD4-related disorder											
FZD4	M105V	FZD4_HUMAN	CHAIN;DOMAIN	Frizzled-4;FZ	transport	FZD4 -[Activation]-> transport	28658627	1	226404	single nucleotide variant	NM_012193.4(FZD4):c.313A>G (p.Met105Val)	80358284	Exudative retinopathy	Pathogenic	2.0	Familial exudative vitreoretinopathy			not provided			Exudative vitreoretinopathy 1			Retinal dystrophy			Atrophia bulborum hereditaria			FZD4-related disorder											
