variant_protein	variant_info	DomainProteinID	DomainFeature	DomainNote	biological_process/disease	chain	pmid	clinvar_match	#AlleleID	Type	Name	RS# (dbSNP)	disease_1	significance_1	star_1	disease_2	significance_2	star_2	disease_3	significance_3	star_3	disease_4	significance_4	star_4	disease_5	significance_5	star_5	disease_6	significance_6	star_6	disease_7	significance_7	star_7	disease_8	significance_8	star_8	disease_9	significance_9	star_9	disease_10	significance_10	star_10
GATA4	G295S	GATA4_HUMAN	CHAIN;ZN_FING	Transcription factor GATA-4;GATA-type 2	Autosomal dominant inheritance	GATA4 -[Complex]-> Autosomal dominant inheritance	22589735	0																																		
GATA4	G296S	GATA4_HUMAN	CHAIN	Transcription factor GATA-4	Autosomal dominant inheritance	GATA4 -[Complex]-> Autosomal dominant inheritance	22589735	0																																		
GATA4	G296S	GATA4_HUMAN	CHAIN	Transcription factor GATA-4	Heart Diseases	GATA4 -[Activation]-> Heart Diseases	35938400	0																																		
GATA4	G296S	GATA4_HUMAN	CHAIN	Transcription factor GATA-4	localization	GATA4 -[Activation]-> localization	27984724	0																																		
GATA4	G296S	GATA4_HUMAN	CHAIN	Transcription factor GATA-4	transcription, DNA-templated	GATA4 -[Complex]-> GATA4-TBX5 -[Activation]-> transcription, DNA-templated	27984724	0																																		
