variant_protein	variant_info	DomainProteinID	DomainFeature	DomainNote	biological_process/disease	chain	pmid	clinvar_match	#AlleleID	Type	Name	RS# (dbSNP)	disease_1	significance_1	star_1	disease_2	significance_2	star_2	disease_3	significance_3	star_3	disease_4	significance_4	star_4	disease_5	significance_5	star_5	disease_6	significance_6	star_6	disease_7	significance_7	star_7	disease_8	significance_8	star_8	disease_9	significance_9	star_9	disease_10	significance_10	star_10
GET3	D74N	GET3_HUMAN	CHAIN	ATPase GET3	apoptotic process	GET3 -[Complex]-> TP53 -[Activation]-> apoptotic process	29180572	0																																		
GET3	D74N	GET3_HUMAN	CHAIN	ATPase GET3	cell cycle	GET3 -[Complex]-> TP53 -[Activation]-> cell cycle	29180572	0																																		
GET3	D74N	GET3_HUMAN	CHAIN	ATPase GET3	cell death	GET3 -[Activation]-> cell death	29180572	0																																		
GET3	D74N	GET3_HUMAN	CHAIN	ATPase GET3	cell differentiation	GET3 -[Activation]-> cell differentiation	29180572	0																																		
GET3	D74N	GET3_HUMAN	CHAIN	ATPase GET3	localization	GET3 -[Complex]-> TP53 -[Activation]-> localization	29180572	0																																		
