variant_protein	variant_info	DomainProteinID	DomainFeature	DomainNote	biological_process/disease	chain	pmid	clinvar_match	#AlleleID	Type	Name	RS# (dbSNP)	disease_1	significance_1	star_1	disease_2	significance_2	star_2	disease_3	significance_3	star_3	disease_4	significance_4	star_4	disease_5	significance_5	star_5	disease_6	significance_6	star_6	disease_7	significance_7	star_7	disease_8	significance_8	star_8	disease_9	significance_9	star_9	disease_10	significance_10	star_10
GJB2	A88V	CXB2_HUMAN	CHAIN	Gap junction beta-2 protein	Hamartoma	GJB2 -[Activation]-> Hamartoma	36734293	1	1468063	single nucleotide variant	NM_004004.6(GJB2):c.263C>T (p.Ala88Val)	1555341945	not provided	Pathogenic	2.0	Autosomal dominant keratitis-ichthyosis-hearing loss syndrome																										
GJB2	A88V	CXB2_HUMAN	CHAIN	Gap junction beta-2 protein	cell death	GJB2 -[Activation]-> cell death	31598268	1	1468063	single nucleotide variant	NM_004004.6(GJB2):c.263C>T (p.Ala88Val)	1555341945	not provided	Pathogenic	2.0	Autosomal dominant keratitis-ichthyosis-hearing loss syndrome																										
GJB2	D50N	CXB2_HUMAN	CHAIN	Gap junction beta-2 protein	cell death	GJB2 -[Activation]-> cell death	30150638	1	32059	single nucleotide variant	NM_004004.6(GJB2):c.148G>A (p.Asp50Asn)	28931594	Autosomal dominant keratitis-ichthyosis-hearing loss syndrome	Pathogenic	2.0	Ichthyosis, hystrix-like, with hearing loss			not provided			Sensorineural hearing loss disorder			Mutilating keratoderma			Hearing loss														
GJB2	D50N	CXB2_HUMAN	CHAIN	Gap junction beta-2 protein	transport	GJB2 -[Inhibition]-> transport	15914609	1	32059	single nucleotide variant	NM_004004.6(GJB2):c.148G>A (p.Asp50Asn)	28931594	Autosomal dominant keratitis-ichthyosis-hearing loss syndrome	Pathogenic	2.0	Ichthyosis, hystrix-like, with hearing loss			not provided			Sensorineural hearing loss disorder			Mutilating keratoderma			Hearing loss														
GJB2	G45E	CXB2_HUMAN	CHAIN	Gap junction beta-2 protein	Death	GJB2 -[Activation]-> Death	24434538	1	32072	single nucleotide variant	NM_004004.6(GJB2):c.134G>A (p.Gly45Glu)	72561723	Autosomal dominant keratitis-ichthyosis-hearing loss syndrome	Pathogenic/Likely pathogenic	2.0	Autosomal recessive nonsyndromic hearing loss 1A			not provided			7 conditions																				
GJB2	G45E	CXB2_HUMAN	CHAIN	Gap junction beta-2 protein	Death	GJB2 -[Activation]-> KIF22 -[Activation]-> Death	25229253	1	32072	single nucleotide variant	NM_004004.6(GJB2):c.134G>A (p.Gly45Glu)	72561723	Autosomal dominant keratitis-ichthyosis-hearing loss syndrome	Pathogenic/Likely pathogenic	2.0	Autosomal recessive nonsyndromic hearing loss 1A			not provided			7 conditions																				
GJB2	G45E	CXB2_HUMAN	CHAIN	Gap junction beta-2 protein	apoptotic process	GJB2 -[Activation]-> apoptotic process	22430362	1	32072	single nucleotide variant	NM_004004.6(GJB2):c.134G>A (p.Gly45Glu)	72561723	Autosomal dominant keratitis-ichthyosis-hearing loss syndrome	Pathogenic/Likely pathogenic	2.0	Autosomal recessive nonsyndromic hearing loss 1A			not provided			7 conditions																				
GJB2	G45E	CXB2_HUMAN	CHAIN	Gap junction beta-2 protein	cell cycle	GJB2 -[Activation]-> HC -[Complex]-> GJA8 -[Complex]-> GJA3 -[Inhibition]-> calcium(2+) -[Activation]-> cell cycle	22430362	1	32072	single nucleotide variant	NM_004004.6(GJB2):c.134G>A (p.Gly45Glu)	72561723	Autosomal dominant keratitis-ichthyosis-hearing loss syndrome	Pathogenic/Likely pathogenic	2.0	Autosomal recessive nonsyndromic hearing loss 1A			not provided			7 conditions																				
GJB2	G45E	CXB2_HUMAN	CHAIN	Gap junction beta-2 protein	cell death	GJB2 -[Activation]-> HC -[Activation]-> ATP -[Activation]-> cell death	22430362	1	32072	single nucleotide variant	NM_004004.6(GJB2):c.134G>A (p.Gly45Glu)	72561723	Autosomal dominant keratitis-ichthyosis-hearing loss syndrome	Pathogenic/Likely pathogenic	2.0	Autosomal recessive nonsyndromic hearing loss 1A			not provided			7 conditions																				
GJB2	G45E	CXB2_HUMAN	CHAIN	Gap junction beta-2 protein	cell death	GJB2 -[Activation]-> cell death	18472371	1	32072	single nucleotide variant	NM_004004.6(GJB2):c.134G>A (p.Gly45Glu)	72561723	Autosomal dominant keratitis-ichthyosis-hearing loss syndrome	Pathogenic/Likely pathogenic	2.0	Autosomal recessive nonsyndromic hearing loss 1A			not provided			7 conditions																				
GJB2	G45E	CXB2_HUMAN	CHAIN	Gap junction beta-2 protein	cell differentiation	GJB2 -[Activation]-> HC -[Complex]-> GJA8 -[Activation]-> cell differentiation	22430362	1	32072	single nucleotide variant	NM_004004.6(GJB2):c.134G>A (p.Gly45Glu)	72561723	Autosomal dominant keratitis-ichthyosis-hearing loss syndrome	Pathogenic/Likely pathogenic	2.0	Autosomal recessive nonsyndromic hearing loss 1A			not provided			7 conditions																				
GJB2	G45E	CXB2_HUMAN	CHAIN	Gap junction beta-2 protein	cell differentiation	GJB2 -[Activation]-> cell differentiation	22031297	1	32072	single nucleotide variant	NM_004004.6(GJB2):c.134G>A (p.Gly45Glu)	72561723	Autosomal dominant keratitis-ichthyosis-hearing loss syndrome	Pathogenic/Likely pathogenic	2.0	Autosomal recessive nonsyndromic hearing loss 1A			not provided			7 conditions																				
GJB2	G45E	CXB2_HUMAN	CHAIN	Gap junction beta-2 protein	cell migration	GJB2 -[Activation]-> HC -[Complex]-> GJA1 -[Inhibition]-> cell migration	22430362	1	32072	single nucleotide variant	NM_004004.6(GJB2):c.134G>A (p.Gly45Glu)	72561723	Autosomal dominant keratitis-ichthyosis-hearing loss syndrome	Pathogenic/Likely pathogenic	2.0	Autosomal recessive nonsyndromic hearing loss 1A			not provided			7 conditions																				
GJB2	G45E	CXB2_HUMAN	CHAIN	Gap junction beta-2 protein	cell population proliferation	GJB2 -[Activation]-> cell population proliferation	22031297	1	32072	single nucleotide variant	NM_004004.6(GJB2):c.134G>A (p.Gly45Glu)	72561723	Autosomal dominant keratitis-ichthyosis-hearing loss syndrome	Pathogenic/Likely pathogenic	2.0	Autosomal recessive nonsyndromic hearing loss 1A			not provided			7 conditions																				
GJB2	G45E	CXB2_HUMAN	CHAIN	Gap junction beta-2 protein	cell population proliferation	GJB2 -[Activation]-> cell population proliferation	22430362	1	32072	single nucleotide variant	NM_004004.6(GJB2):c.134G>A (p.Gly45Glu)	72561723	Autosomal dominant keratitis-ichthyosis-hearing loss syndrome	Pathogenic/Likely pathogenic	2.0	Autosomal recessive nonsyndromic hearing loss 1A			not provided			7 conditions																				
GJB2	G45E	CXB2_HUMAN	CHAIN	Gap junction beta-2 protein	inflammatory response	GJB2 -[Activation]-> HC -[Inhibition]-> inflammatory response	22430362	1	32072	single nucleotide variant	NM_004004.6(GJB2):c.134G>A (p.Gly45Glu)	72561723	Autosomal dominant keratitis-ichthyosis-hearing loss syndrome	Pathogenic/Likely pathogenic	2.0	Autosomal recessive nonsyndromic hearing loss 1A			not provided			7 conditions																				
