variant_protein	variant_info	DomainProteinID	DomainFeature	DomainNote	biological_process/disease	chain	pmid	clinvar_match	#AlleleID	Type	Name	RS# (dbSNP)	disease_1	significance_1	star_1	disease_2	significance_2	star_2	disease_3	significance_3	star_3	disease_4	significance_4	star_4	disease_5	significance_5	star_5	disease_6	significance_6	star_6	disease_7	significance_7	star_7	disease_8	significance_8	star_8	disease_9	significance_9	star_9	disease_10	significance_10	star_10
GMNN	E1A	GEMI_HUMAN	CHAIN;REGION	Geminin;Disordered	DNA replication	GMNN -[Inhibition]-> DNA replication	15260975	0																																		
GMNN	E2A	GEMI_HUMAN	CHAIN;REGION	Geminin;Disordered	DNA replication	GMNN -[Inhibition]-> DNA replication	15260975	0																																		
GMNN	T25A	GEMI_HUMAN	CHAIN;REGION	Geminin;Disordered	DNA Damage	GMNN -[Activation]-> DNA Damage	23695679	1	2124758	single nucleotide variant	NM_015895.5(GMNN):c.73A>G (p.Thr25Ala)	-1	not provided	Uncertain significance	1.0																											
GMNN	T25A	GEMI_HUMAN	CHAIN;REGION	Geminin;Disordered	DNA damage checkpoint	GMNN -[Activation]-> DNA damage checkpoint	23695679	1	2124758	single nucleotide variant	NM_015895.5(GMNN):c.73A>G (p.Thr25Ala)	-1	not provided	Uncertain significance	1.0																											
GMNN	T25A	GEMI_HUMAN	CHAIN;REGION	Geminin;Disordered	DNA replication	GMNN -[Inhibition]-> DNA replication	23695679	1	2124758	single nucleotide variant	NM_015895.5(GMNN):c.73A>G (p.Thr25Ala)	-1	not provided	Uncertain significance	1.0																											
GMNN	T25A	GEMI_HUMAN	CHAIN;REGION	Geminin;Disordered	proteolysis	GMNN -[Inhibition]-> proteolysis	23695679	1	2124758	single nucleotide variant	NM_015895.5(GMNN):c.73A>G (p.Thr25Ala)	-1	not provided	Uncertain significance	1.0																											
GMNN	T25D	GEMI_HUMAN	CHAIN;REGION	Geminin;Disordered	DNA Damage	GMNN -[Activation]-> DNA Damage	23695679	0																																		
GMNN	T25D	GEMI_HUMAN	CHAIN;REGION	Geminin;Disordered	DNA damage checkpoint	GMNN -[Activation]-> DNA damage checkpoint	23695679	0																																		
GMNN	T25D	GEMI_HUMAN	CHAIN;REGION	Geminin;Disordered	DNA replication	GMNN -[Inhibition]-> DNA replication	23695679	0																																		
GMNN	T25D	GEMI_HUMAN	CHAIN;REGION	Geminin;Disordered	proteolysis	GMNN -[Inhibition]-> proteolysis	23695679	0																																		
