variant_protein	variant_info	DomainProteinID	DomainFeature	DomainNote	biological_process/disease	chain	pmid	clinvar_match	#AlleleID	Type	Name	RS# (dbSNP)	disease_1	significance_1	star_1	disease_2	significance_2	star_2	disease_3	significance_3	star_3	disease_4	significance_4	star_4	disease_5	significance_5	star_5	disease_6	significance_6	star_6	disease_7	significance_7	star_7	disease_8	significance_8	star_8	disease_9	significance_9	star_9	disease_10	significance_10	star_10
HCK	K269E	HCK_HUMAN	CHAIN;DOMAIN	Tyrosine-protein kinase HCK;Protein kinase	GAP	HCK -[DecreaseAmount]-> GAP	7782336	0																																		
HCK	K269E	HCK_HUMAN	CHAIN;DOMAIN	Tyrosine-protein kinase HCK;Protein kinase	cell growth	HCK -[Activation]-> cell growth	26619401	0																																		
HCK	K269E	HCK_HUMAN	CHAIN;DOMAIN	Tyrosine-protein kinase HCK;Protein kinase	cell population proliferation	HCK -[Complex]-> SHH -[Activation]-> cell population proliferation	26619401	0																																		
HCK	K269E	HCK_HUMAN	CHAIN;DOMAIN	Tyrosine-protein kinase HCK;Protein kinase	transcription, DNA-templated	HCK -[Activation]-> GLI1 -[Activation]-> transcription, DNA-templated	26619401	0																																		
HCK	T338M	HCK_HUMAN	CHAIN;DOMAIN	Tyrosine-protein kinase HCK;Protein kinase	apoptotic process	HCK -[Inhibition]-> apoptotic process	18794796	0																																		
HCK	T338M	HCK_HUMAN	CHAIN;DOMAIN	Tyrosine-protein kinase HCK;Protein kinase	cell population proliferation	HCK -[Activation]-> cell population proliferation	18794796	0																																		
