variant_protein	variant_info	DomainProteinID	DomainFeature	DomainNote	biological_process/disease	chain	pmid	clinvar_match	#AlleleID	Type	Name	RS# (dbSNP)	disease_1	significance_1	star_1	disease_2	significance_2	star_2	disease_3	significance_3	star_3	disease_4	significance_4	star_4	disease_5	significance_5	star_5	disease_6	significance_6	star_6	disease_7	significance_7	star_7	disease_8	significance_8	star_8	disease_9	significance_9	star_9	disease_10	significance_10	star_10
HIF1A	C1772T				Neoplasm Metastasis	HIF1A -[Activation]-> Neoplasm Metastasis	24015181	0																																		
HIF1A	C1772T				transcription, DNA-templated	HIF1A -[Activation]-> transcription, DNA-templated	24015181	0																																		
HIF1A	K32A	HIF1A_HUMAN	CHAIN;DOMAIN;REGION	Hypoxia-inducible factor 1-alpha;bHLH;Interaction with TSGA10	Neoplasms	HIF1A -[Activation]-> Neoplasms	26757928	0																																		
HIF1A	K32A	HIF1A_HUMAN	CHAIN;DOMAIN;REGION	Hypoxia-inducible factor 1-alpha;bHLH;Interaction with TSGA10	Neovascularization, Pathologic	HIF1A -[Activation]-> Neovascularization, Pathologic	26757928	0																																		
HIF1A	K32A	HIF1A_HUMAN	CHAIN;DOMAIN;REGION	Hypoxia-inducible factor 1-alpha;bHLH;Interaction with TSGA10	angiogenesis	HIF1A -[Inhibition]-> angiogenesis	26757928	0																																		
HIF1A	K32A	HIF1A_HUMAN	CHAIN;DOMAIN;REGION	Hypoxia-inducible factor 1-alpha;bHLH;Interaction with TSGA10	cell migration	HIF1A -[Activation]-> cell migration	26757928	0																																		
HIF1A	K32A	HIF1A_HUMAN	CHAIN;DOMAIN;REGION	Hypoxia-inducible factor 1-alpha;bHLH;Interaction with TSGA10	cell motility	HIF1A -[Complex]-> SETD7 -[Activation]-> cell motility	26757928	0																																		
HIF1A	K32A	HIF1A_HUMAN	CHAIN;DOMAIN;REGION	Hypoxia-inducible factor 1-alpha;bHLH;Interaction with TSGA10	cell population proliferation	HIF1A -[Complex]-> KDM1A -[Activation]-> cell population proliferation	26757928	0																																		
HIF1A	K32A	HIF1A_HUMAN	CHAIN;DOMAIN;REGION	Hypoxia-inducible factor 1-alpha;bHLH;Interaction with TSGA10	transcription, DNA-templated	HIF1A -[Activation]-> transcription, DNA-templated	26757928	0																																		
HIF1A	K674R	HIF1A_HUMAN	CHAIN;REGION;REGION	Hypoxia-inducible factor 1-alpha;ID;Disordered	Cell Survival	HIF1A -[Activation]-> trichostatin A -[Inhibition]-> Cell Survival	29416751	0																																		
HIF1A	K674R	HIF1A_HUMAN	CHAIN;REGION;REGION	Hypoxia-inducible factor 1-alpha;ID;Disordered	apoptotic process	HIF1A -[Activation]-> trichostatin A -[Inhibition]-> HDAC -[Activation]-> apoptotic process	29416751	0																																		
HIF1A	K674R	HIF1A_HUMAN	CHAIN;REGION;REGION	Hypoxia-inducible factor 1-alpha;ID;Disordered	cell cycle	HIF1A -[Activation]-> trichostatin A -[Inhibition]-> HDAC -[Activation]-> cell cycle	29416751	0																																		
HIF1A	K674R	HIF1A_HUMAN	CHAIN;REGION;REGION	Hypoxia-inducible factor 1-alpha;ID;Disordered	cell death	HIF1A -[Inhibition]-> cell death	29416751	0																																		
HIF1A	K674R	HIF1A_HUMAN	CHAIN;REGION;REGION	Hypoxia-inducible factor 1-alpha;ID;Disordered	cell population proliferation	HIF1A -[Activation]-> trichostatin A -[Inhibition]-> cell population proliferation	29416751	0																																		
HIF1A	K674R	HIF1A_HUMAN	CHAIN;REGION;REGION	Hypoxia-inducible factor 1-alpha;ID;Disordered	localization	HIF1A -[Activation]-> trichostatin A -[Activation]-> localization	29416751	0																																		
HIF1A	R30A	HIF1A_HUMAN	CHAIN;DOMAIN;REGION;REGION;REGION;COMPBIAS	Hypoxia-inducible factor 1-alpha;bHLH;Interaction with TSGA10;Disordered;DNA-binding;Basic and acidic residues	transcription, DNA-templated	HIF1A -[Activation]-> transcription, DNA-templated	32111982	0																																		
HIF1A	S668E	HIF1A_HUMAN	CHAIN;REGION;REGION;COMPBIAS	Hypoxia-inducible factor 1-alpha;ID;Disordered;Polar residues	angiogenesis	HIF1A -[Activation]-> angiogenesis	24189531	0																																		
HIF1A	S668E	HIF1A_HUMAN	CHAIN;REGION;REGION;COMPBIAS	Hypoxia-inducible factor 1-alpha;ID;Disordered;Polar residues	cell population proliferation	HIF1A -[Activation]-> cell population proliferation	24189531	0																																		
