variant_protein	variant_info	DomainProteinID	DomainFeature	DomainNote	biological_process/disease	chain	pmid	clinvar_match	#AlleleID	Type	Name	RS# (dbSNP)	disease_1	significance_1	star_1	disease_2	significance_2	star_2	disease_3	significance_3	star_3	disease_4	significance_4	star_4	disease_5	significance_5	star_5	disease_6	significance_6	star_6	disease_7	significance_7	star_7	disease_8	significance_8	star_8	disease_9	significance_9	star_9	disease_10	significance_10	star_10
IDH1	R132C	IDHC_HUMAN	CHAIN	Isocitrate dehydrogenase [NADP] cytoplasmic	cartilage development	IDH1 -[Activation]-> R-2HG -[Methylation]-> Hedgehog -[Inhibition]-> SHH -[Activation]-> cartilage development	33413208	1	362770	single nucleotide variant	NM_005896.4(IDH1):c.394C>T (p.Arg132Cys)	121913499	Acute myeloid leukemia	Pathogenic/Likely pathogenic	2.0	not provided			Maffucci syndrome			Enchondromatosis			Glioma susceptibility 1			Neoplasm														
IDH1	R132C	IDHC_HUMAN	CHAIN	Isocitrate dehydrogenase [NADP] cytoplasmic	cell death	IDH1 -[Activation]-> erastin -[Activation]-> cell death	31591388	1	362770	single nucleotide variant	NM_005896.4(IDH1):c.394C>T (p.Arg132Cys)	121913499	Acute myeloid leukemia	Pathogenic/Likely pathogenic	2.0	not provided			Maffucci syndrome			Enchondromatosis			Glioma susceptibility 1			Neoplasm														
IDH1	R132C	IDHC_HUMAN	CHAIN	Isocitrate dehydrogenase [NADP] cytoplasmic	cell differentiation	IDH1 -[Activation]-> R-2HG -[Inhibition]-> cell differentiation	33413208	1	362770	single nucleotide variant	NM_005896.4(IDH1):c.394C>T (p.Arg132Cys)	121913499	Acute myeloid leukemia	Pathogenic/Likely pathogenic	2.0	not provided			Maffucci syndrome			Enchondromatosis			Glioma susceptibility 1			Neoplasm														
IDH1	R132C	IDHC_HUMAN	CHAIN	Isocitrate dehydrogenase [NADP] cytoplasmic	cell differentiation	IDH1 -[Inhibition]-> cell differentiation	25825982	1	362770	single nucleotide variant	NM_005896.4(IDH1):c.394C>T (p.Arg132Cys)	121913499	Acute myeloid leukemia	Pathogenic/Likely pathogenic	2.0	not provided			Maffucci syndrome			Enchondromatosis			Glioma susceptibility 1			Neoplasm														
IDH1	R132C	IDHC_HUMAN	CHAIN	Isocitrate dehydrogenase [NADP] cytoplasmic	cell differentiation	IDH1 -[Inhibition]-> cell differentiation	26161668	1	362770	single nucleotide variant	NM_005896.4(IDH1):c.394C>T (p.Arg132Cys)	121913499	Acute myeloid leukemia	Pathogenic/Likely pathogenic	2.0	not provided			Maffucci syndrome			Enchondromatosis			Glioma susceptibility 1			Neoplasm														
IDH1	R132C	IDHC_HUMAN	CHAIN	Isocitrate dehydrogenase [NADP] cytoplasmic	cell differentiation	IDH1 -[Inhibition]-> cell differentiation	28711227	1	362770	single nucleotide variant	NM_005896.4(IDH1):c.394C>T (p.Arg132Cys)	121913499	Acute myeloid leukemia	Pathogenic/Likely pathogenic	2.0	not provided			Maffucci syndrome			Enchondromatosis			Glioma susceptibility 1			Neoplasm														
IDH1	R132C	IDHC_HUMAN	CHAIN	Isocitrate dehydrogenase [NADP] cytoplasmic	cell differentiation	IDH1 -[Inhibition]-> cell differentiation	29361725	1	362770	single nucleotide variant	NM_005896.4(IDH1):c.394C>T (p.Arg132Cys)	121913499	Acute myeloid leukemia	Pathogenic/Likely pathogenic	2.0	not provided			Maffucci syndrome			Enchondromatosis			Glioma susceptibility 1			Neoplasm														
IDH1	R132C	IDHC_HUMAN	CHAIN	Isocitrate dehydrogenase [NADP] cytoplasmic	cell growth	IDH1 -[Inhibition]-> cell growth	22885298	1	362770	single nucleotide variant	NM_005896.4(IDH1):c.394C>T (p.Arg132Cys)	121913499	Acute myeloid leukemia	Pathogenic/Likely pathogenic	2.0	not provided			Maffucci syndrome			Enchondromatosis			Glioma susceptibility 1			Neoplasm														
IDH1	R132C	IDHC_HUMAN	CHAIN	Isocitrate dehydrogenase [NADP] cytoplasmic	cell population proliferation	IDH1 -[Inhibition]-> cell population proliferation	22885298	1	362770	single nucleotide variant	NM_005896.4(IDH1):c.394C>T (p.Arg132Cys)	121913499	Acute myeloid leukemia	Pathogenic/Likely pathogenic	2.0	not provided			Maffucci syndrome			Enchondromatosis			Glioma susceptibility 1			Neoplasm														
IDH1	R132C	IDHC_HUMAN	CHAIN	Isocitrate dehydrogenase [NADP] cytoplasmic	chondrocyte proliferation	IDH1 -[Activation]-> chondrocyte proliferation	34790172	1	362770	single nucleotide variant	NM_005896.4(IDH1):c.394C>T (p.Arg132Cys)	121913499	Acute myeloid leukemia	Pathogenic/Likely pathogenic	2.0	not provided			Maffucci syndrome			Enchondromatosis			Glioma susceptibility 1			Neoplasm														
IDH1	R132C	IDHC_HUMAN	CHAIN	Isocitrate dehydrogenase [NADP] cytoplasmic	immune response	IDH1 -[Inhibition]-> immune response	28711227	1	362770	single nucleotide variant	NM_005896.4(IDH1):c.394C>T (p.Arg132Cys)	121913499	Acute myeloid leukemia	Pathogenic/Likely pathogenic	2.0	not provided			Maffucci syndrome			Enchondromatosis			Glioma susceptibility 1			Neoplasm														
IDH1	R132C	IDHC_HUMAN	CHAIN	Isocitrate dehydrogenase [NADP] cytoplasmic	lipid biosynthetic process	IDH1 -[Inhibition]-> lipid biosynthetic process	36355448	1	362770	single nucleotide variant	NM_005896.4(IDH1):c.394C>T (p.Arg132Cys)	121913499	Acute myeloid leukemia	Pathogenic/Likely pathogenic	2.0	not provided			Maffucci syndrome			Enchondromatosis			Glioma susceptibility 1			Neoplasm														
IDH1	R132C	IDHC_HUMAN	CHAIN	Isocitrate dehydrogenase [NADP] cytoplasmic	lipid metabolic process	IDH1 -[Inhibition]-> lipid metabolic process	36355448	1	362770	single nucleotide variant	NM_005896.4(IDH1):c.394C>T (p.Arg132Cys)	121913499	Acute myeloid leukemia	Pathogenic/Likely pathogenic	2.0	not provided			Maffucci syndrome			Enchondromatosis			Glioma susceptibility 1			Neoplasm														
IDH1	R132C	IDHC_HUMAN	CHAIN	Isocitrate dehydrogenase [NADP] cytoplasmic	ossification	IDH1 -[Activation]-> R-2HG -[Inhibition]-> ossification	33413208	1	362770	single nucleotide variant	NM_005896.4(IDH1):c.394C>T (p.Arg132Cys)	121913499	Acute myeloid leukemia	Pathogenic/Likely pathogenic	2.0	not provided			Maffucci syndrome			Enchondromatosis			Glioma susceptibility 1			Neoplasm														
IDH1	R132C	IDHC_HUMAN	CHAIN	Isocitrate dehydrogenase [NADP] cytoplasmic	osteoblast differentiation	IDH1 -[Activation]-> R-2HG -[Inhibition]-> osteoblast differentiation	33413208	1	362770	single nucleotide variant	NM_005896.4(IDH1):c.394C>T (p.Arg132Cys)	121913499	Acute myeloid leukemia	Pathogenic/Likely pathogenic	2.0	not provided			Maffucci syndrome			Enchondromatosis			Glioma susceptibility 1			Neoplasm														
IDH1	R132H	IDHC_HUMAN	CHAIN	Isocitrate dehydrogenase [NADP] cytoplasmic	Carcinogenesis	IDH1 -[Inhibition]-> GADD45A -[Inhibition]-> Carcinogenesis	28445981	1	166215	single nucleotide variant	NM_005896.4(IDH1):c.395G>A (p.Arg132His)	121913500	Glioblastoma multiforme, somatic	Pathogenic/Likely pathogenic	2.0	Glioma susceptibility 1			Metaphyseal chondromatosis with D-2-hydroxyglutaric aciduria			not provided			Neoplasm			Enchondromatosis			Metaphyseal chondromatosis											
IDH1	R132H	IDHC_HUMAN	CHAIN	Isocitrate dehydrogenase [NADP] cytoplasmic	DNA Damage	IDH1 -[Activation]-> DNA Damage	32291392	1	166215	single nucleotide variant	NM_005896.4(IDH1):c.395G>A (p.Arg132His)	121913500	Glioblastoma multiforme, somatic	Pathogenic/Likely pathogenic	2.0	Glioma susceptibility 1			Metaphyseal chondromatosis with D-2-hydroxyglutaric aciduria			not provided			Neoplasm			Enchondromatosis			Metaphyseal chondromatosis											
IDH1	R132H	IDHC_HUMAN	CHAIN	Isocitrate dehydrogenase [NADP] cytoplasmic	DNA Damage	IDH1 -[Activation]-> temozolomide -[Activation]-> DNA Damage	28427200	1	166215	single nucleotide variant	NM_005896.4(IDH1):c.395G>A (p.Arg132His)	121913500	Glioblastoma multiforme, somatic	Pathogenic/Likely pathogenic	2.0	Glioma susceptibility 1			Metaphyseal chondromatosis with D-2-hydroxyglutaric aciduria			not provided			Neoplasm			Enchondromatosis			Metaphyseal chondromatosis											
IDH1	R132H	IDHC_HUMAN	CHAIN	Isocitrate dehydrogenase [NADP] cytoplasmic	DNA Damage	IDH1 -[Inhibition]-> DNA Damage	29439493	1	166215	single nucleotide variant	NM_005896.4(IDH1):c.395G>A (p.Arg132His)	121913500	Glioblastoma multiforme, somatic	Pathogenic/Likely pathogenic	2.0	Glioma susceptibility 1			Metaphyseal chondromatosis with D-2-hydroxyglutaric aciduria			not provided			Neoplasm			Enchondromatosis			Metaphyseal chondromatosis											
IDH1	R132H	IDHC_HUMAN	CHAIN	Isocitrate dehydrogenase [NADP] cytoplasmic	DNA damage checkpoint	IDH1 -[Activation]-> DNA damage checkpoint	30760578	1	166215	single nucleotide variant	NM_005896.4(IDH1):c.395G>A (p.Arg132His)	121913500	Glioblastoma multiforme, somatic	Pathogenic/Likely pathogenic	2.0	Glioma susceptibility 1			Metaphyseal chondromatosis with D-2-hydroxyglutaric aciduria			not provided			Neoplasm			Enchondromatosis			Metaphyseal chondromatosis											
IDH1	R132H	IDHC_HUMAN	CHAIN	Isocitrate dehydrogenase [NADP] cytoplasmic	DNA demethylation	IDH1 -[Inhibition]-> DNA demethylation	31652645	1	166215	single nucleotide variant	NM_005896.4(IDH1):c.395G>A (p.Arg132His)	121913500	Glioblastoma multiforme, somatic	Pathogenic/Likely pathogenic	2.0	Glioma susceptibility 1			Metaphyseal chondromatosis with D-2-hydroxyglutaric aciduria			not provided			Neoplasm			Enchondromatosis			Metaphyseal chondromatosis											
IDH1	R132H	IDHC_HUMAN	CHAIN	Isocitrate dehydrogenase [NADP] cytoplasmic	DNA repair	IDH1 -[Demethylation]-> Histone -[Inhibition]-> DNA repair	29439493	1	166215	single nucleotide variant	NM_005896.4(IDH1):c.395G>A (p.Arg132His)	121913500	Glioblastoma multiforme, somatic	Pathogenic/Likely pathogenic	2.0	Glioma susceptibility 1			Metaphyseal chondromatosis with D-2-hydroxyglutaric aciduria			not provided			Neoplasm			Enchondromatosis			Metaphyseal chondromatosis											
IDH1	R132H	IDHC_HUMAN	CHAIN	Isocitrate dehydrogenase [NADP] cytoplasmic	DNA repair	IDH1 -[Inhibition]-> DNA repair	30760578	1	166215	single nucleotide variant	NM_005896.4(IDH1):c.395G>A (p.Arg132His)	121913500	Glioblastoma multiforme, somatic	Pathogenic/Likely pathogenic	2.0	Glioma susceptibility 1			Metaphyseal chondromatosis with D-2-hydroxyglutaric aciduria			not provided			Neoplasm			Enchondromatosis			Metaphyseal chondromatosis											
IDH1	R132H	IDHC_HUMAN	CHAIN	Isocitrate dehydrogenase [NADP] cytoplasmic	DNA replication	IDH1 -[Complex]-> TERT -[Activation]-> cellular senescence -[Inhibition]-> DNA replication	33547950	1	166215	single nucleotide variant	NM_005896.4(IDH1):c.395G>A (p.Arg132His)	121913500	Glioblastoma multiforme, somatic	Pathogenic/Likely pathogenic	2.0	Glioma susceptibility 1			Metaphyseal chondromatosis with D-2-hydroxyglutaric aciduria			not provided			Neoplasm			Enchondromatosis			Metaphyseal chondromatosis											
IDH1	R132H	IDHC_HUMAN	CHAIN	Isocitrate dehydrogenase [NADP] cytoplasmic	Death	IDH1 -[Activation]-> Death	27693047	1	166215	single nucleotide variant	NM_005896.4(IDH1):c.395G>A (p.Arg132His)	121913500	Glioblastoma multiforme, somatic	Pathogenic/Likely pathogenic	2.0	Glioma susceptibility 1			Metaphyseal chondromatosis with D-2-hydroxyglutaric aciduria			not provided			Neoplasm			Enchondromatosis			Metaphyseal chondromatosis											
IDH1	R132H	IDHC_HUMAN	CHAIN	Isocitrate dehydrogenase [NADP] cytoplasmic	Death	IDH1 -[Activation]-> Death	33860275	1	166215	single nucleotide variant	NM_005896.4(IDH1):c.395G>A (p.Arg132His)	121913500	Glioblastoma multiforme, somatic	Pathogenic/Likely pathogenic	2.0	Glioma susceptibility 1			Metaphyseal chondromatosis with D-2-hydroxyglutaric aciduria			not provided			Neoplasm			Enchondromatosis			Metaphyseal chondromatosis											
IDH1	R132H	IDHC_HUMAN	CHAIN	Isocitrate dehydrogenase [NADP] cytoplasmic	Drug Resistance, Multiple	IDH1 -[Activation]-> NANOG -[Activation]-> Drug Resistance, Multiple	31151327	1	166215	single nucleotide variant	NM_005896.4(IDH1):c.395G>A (p.Arg132His)	121913500	Glioblastoma multiforme, somatic	Pathogenic/Likely pathogenic	2.0	Glioma susceptibility 1			Metaphyseal chondromatosis with D-2-hydroxyglutaric aciduria			not provided			Neoplasm			Enchondromatosis			Metaphyseal chondromatosis											
IDH1	R132H	IDHC_HUMAN	CHAIN	Isocitrate dehydrogenase [NADP] cytoplasmic	G1 phase	IDH1 -[Activation]-> G1 phase	33760141	1	166215	single nucleotide variant	NM_005896.4(IDH1):c.395G>A (p.Arg132His)	121913500	Glioblastoma multiforme, somatic	Pathogenic/Likely pathogenic	2.0	Glioma susceptibility 1			Metaphyseal chondromatosis with D-2-hydroxyglutaric aciduria			not provided			Neoplasm			Enchondromatosis			Metaphyseal chondromatosis											
IDH1	R132H	IDHC_HUMAN	CHAIN	Isocitrate dehydrogenase [NADP] cytoplasmic	Genomic Instability	IDH1 -[Activation]-> Genomic Instability	30760578	1	166215	single nucleotide variant	NM_005896.4(IDH1):c.395G>A (p.Arg132His)	121913500	Glioblastoma multiforme, somatic	Pathogenic/Likely pathogenic	2.0	Glioma susceptibility 1			Metaphyseal chondromatosis with D-2-hydroxyglutaric aciduria			not provided			Neoplasm			Enchondromatosis			Metaphyseal chondromatosis											
IDH1	R132H	IDHC_HUMAN	CHAIN	Isocitrate dehydrogenase [NADP] cytoplasmic	Glioma	IDH1 -[Activation]-> Glioma	30416682	1	166215	single nucleotide variant	NM_005896.4(IDH1):c.395G>A (p.Arg132His)	121913500	Glioblastoma multiforme, somatic	Pathogenic/Likely pathogenic	2.0	Glioma susceptibility 1			Metaphyseal chondromatosis with D-2-hydroxyglutaric aciduria			not provided			Neoplasm			Enchondromatosis			Metaphyseal chondromatosis											
IDH1	R132H	IDHC_HUMAN	CHAIN	Isocitrate dehydrogenase [NADP] cytoplasmic	Glioma	IDH1 -[Activation]-> Glioma	35606087	1	166215	single nucleotide variant	NM_005896.4(IDH1):c.395G>A (p.Arg132His)	121913500	Glioblastoma multiforme, somatic	Pathogenic/Likely pathogenic	2.0	Glioma susceptibility 1			Metaphyseal chondromatosis with D-2-hydroxyglutaric aciduria			not provided			Neoplasm			Enchondromatosis			Metaphyseal chondromatosis											
IDH1	R132H	IDHC_HUMAN	CHAIN	Isocitrate dehydrogenase [NADP] cytoplasmic	Glioma	IDH1 -[Activation]-> Glioma	35882906	1	166215	single nucleotide variant	NM_005896.4(IDH1):c.395G>A (p.Arg132His)	121913500	Glioblastoma multiforme, somatic	Pathogenic/Likely pathogenic	2.0	Glioma susceptibility 1			Metaphyseal chondromatosis with D-2-hydroxyglutaric aciduria			not provided			Neoplasm			Enchondromatosis			Metaphyseal chondromatosis											
IDH1	R132H	IDHC_HUMAN	CHAIN	Isocitrate dehydrogenase [NADP] cytoplasmic	Glioma	IDH1 -[Activation]-> Glioma	36792291	1	166215	single nucleotide variant	NM_005896.4(IDH1):c.395G>A (p.Arg132His)	121913500	Glioblastoma multiforme, somatic	Pathogenic/Likely pathogenic	2.0	Glioma susceptibility 1			Metaphyseal chondromatosis with D-2-hydroxyglutaric aciduria			not provided			Neoplasm			Enchondromatosis			Metaphyseal chondromatosis											
IDH1	R132H	IDHC_HUMAN	CHAIN	Isocitrate dehydrogenase [NADP] cytoplasmic	Neoplasm Invasiveness	IDH1 -[Activation]-> Neoplasm Invasiveness	31846689	1	166215	single nucleotide variant	NM_005896.4(IDH1):c.395G>A (p.Arg132His)	121913500	Glioblastoma multiforme, somatic	Pathogenic/Likely pathogenic	2.0	Glioma susceptibility 1			Metaphyseal chondromatosis with D-2-hydroxyglutaric aciduria			not provided			Neoplasm			Enchondromatosis			Metaphyseal chondromatosis											
IDH1	R132H	IDHC_HUMAN	CHAIN	Isocitrate dehydrogenase [NADP] cytoplasmic	Neoplasm Invasiveness	IDH1 -[Activation]-> Neoplasm Invasiveness	34814054	1	166215	single nucleotide variant	NM_005896.4(IDH1):c.395G>A (p.Arg132His)	121913500	Glioblastoma multiforme, somatic	Pathogenic/Likely pathogenic	2.0	Glioma susceptibility 1			Metaphyseal chondromatosis with D-2-hydroxyglutaric aciduria			not provided			Neoplasm			Enchondromatosis			Metaphyseal chondromatosis											
IDH1	R132H	IDHC_HUMAN	CHAIN	Isocitrate dehydrogenase [NADP] cytoplasmic	Neoplasm Invasiveness	IDH1 -[Inhibition]-> Neoplasm Invasiveness	28445981	1	166215	single nucleotide variant	NM_005896.4(IDH1):c.395G>A (p.Arg132His)	121913500	Glioblastoma multiforme, somatic	Pathogenic/Likely pathogenic	2.0	Glioma susceptibility 1			Metaphyseal chondromatosis with D-2-hydroxyglutaric aciduria			not provided			Neoplasm			Enchondromatosis			Metaphyseal chondromatosis											
IDH1	R132H	IDHC_HUMAN	CHAIN	Isocitrate dehydrogenase [NADP] cytoplasmic	Neoplasm Invasiveness	IDH1 -[Inhibition]-> Neoplasm Invasiveness	29453678	1	166215	single nucleotide variant	NM_005896.4(IDH1):c.395G>A (p.Arg132His)	121913500	Glioblastoma multiforme, somatic	Pathogenic/Likely pathogenic	2.0	Glioma susceptibility 1			Metaphyseal chondromatosis with D-2-hydroxyglutaric aciduria			not provided			Neoplasm			Enchondromatosis			Metaphyseal chondromatosis											
IDH1	R132H	IDHC_HUMAN	CHAIN	Isocitrate dehydrogenase [NADP] cytoplasmic	Neoplasms	IDH1 -[Activation]-> Neoplasms	30416682	1	166215	single nucleotide variant	NM_005896.4(IDH1):c.395G>A (p.Arg132His)	121913500	Glioblastoma multiforme, somatic	Pathogenic/Likely pathogenic	2.0	Glioma susceptibility 1			Metaphyseal chondromatosis with D-2-hydroxyglutaric aciduria			not provided			Neoplasm			Enchondromatosis			Metaphyseal chondromatosis											
IDH1	R132H	IDHC_HUMAN	CHAIN	Isocitrate dehydrogenase [NADP] cytoplasmic	Neoplasms	IDH1 -[DecreaseAmount]-> TNC -[Activation]-> Neoplasms	36792291	1	166215	single nucleotide variant	NM_005896.4(IDH1):c.395G>A (p.Arg132His)	121913500	Glioblastoma multiforme, somatic	Pathogenic/Likely pathogenic	2.0	Glioma susceptibility 1			Metaphyseal chondromatosis with D-2-hydroxyglutaric aciduria			not provided			Neoplasm			Enchondromatosis			Metaphyseal chondromatosis											
IDH1	R132H	IDHC_HUMAN	CHAIN	Isocitrate dehydrogenase [NADP] cytoplasmic	Precursor T-Cell Lymphoblastic Leukemia-Lymphoma	IDH1 -[Activation]-> Precursor T-Cell Lymphoblastic Leukemia-Lymphoma	34814054	1	166215	single nucleotide variant	NM_005896.4(IDH1):c.395G>A (p.Arg132His)	121913500	Glioblastoma multiforme, somatic	Pathogenic/Likely pathogenic	2.0	Glioma susceptibility 1			Metaphyseal chondromatosis with D-2-hydroxyglutaric aciduria			not provided			Neoplasm			Enchondromatosis			Metaphyseal chondromatosis											
IDH1	R132H	IDHC_HUMAN	CHAIN	Isocitrate dehydrogenase [NADP] cytoplasmic	Recurrence	IDH1 -[Activation]-> Recurrence	30416682	1	166215	single nucleotide variant	NM_005896.4(IDH1):c.395G>A (p.Arg132His)	121913500	Glioblastoma multiforme, somatic	Pathogenic/Likely pathogenic	2.0	Glioma susceptibility 1			Metaphyseal chondromatosis with D-2-hydroxyglutaric aciduria			not provided			Neoplasm			Enchondromatosis			Metaphyseal chondromatosis											
IDH1	R132H	IDHC_HUMAN	CHAIN	Isocitrate dehydrogenase [NADP] cytoplasmic	apoptotic process	IDH1 -[Activation]-> R)-2-HG -[Inhibition]-> COX -[Inhibition]-> BCL2 -[Activation]-> apoptotic process	25599133	1	166215	single nucleotide variant	NM_005896.4(IDH1):c.395G>A (p.Arg132His)	121913500	Glioblastoma multiforme, somatic	Pathogenic/Likely pathogenic	2.0	Glioma susceptibility 1			Metaphyseal chondromatosis with D-2-hydroxyglutaric aciduria			not provided			Neoplasm			Enchondromatosis			Metaphyseal chondromatosis											
IDH1	R132H	IDHC_HUMAN	CHAIN	Isocitrate dehydrogenase [NADP] cytoplasmic	apoptotic process	IDH1 -[Activation]-> apoptotic process	28564604	1	166215	single nucleotide variant	NM_005896.4(IDH1):c.395G>A (p.Arg132His)	121913500	Glioblastoma multiforme, somatic	Pathogenic/Likely pathogenic	2.0	Glioma susceptibility 1			Metaphyseal chondromatosis with D-2-hydroxyglutaric aciduria			not provided			Neoplasm			Enchondromatosis			Metaphyseal chondromatosis											
IDH1	R132H	IDHC_HUMAN	CHAIN	Isocitrate dehydrogenase [NADP] cytoplasmic	apoptotic process	IDH1 -[Activation]-> apoptotic process	29417954	1	166215	single nucleotide variant	NM_005896.4(IDH1):c.395G>A (p.Arg132His)	121913500	Glioblastoma multiforme, somatic	Pathogenic/Likely pathogenic	2.0	Glioma susceptibility 1			Metaphyseal chondromatosis with D-2-hydroxyglutaric aciduria			not provided			Neoplasm			Enchondromatosis			Metaphyseal chondromatosis											
IDH1	R132H	IDHC_HUMAN	CHAIN	Isocitrate dehydrogenase [NADP] cytoplasmic	apoptotic process	IDH1 -[Activation]-> temozolomide -[Activation]-> apoptotic process	28427200	1	166215	single nucleotide variant	NM_005896.4(IDH1):c.395G>A (p.Arg132His)	121913500	Glioblastoma multiforme, somatic	Pathogenic/Likely pathogenic	2.0	Glioma susceptibility 1			Metaphyseal chondromatosis with D-2-hydroxyglutaric aciduria			not provided			Neoplasm			Enchondromatosis			Metaphyseal chondromatosis											
IDH1	R132H	IDHC_HUMAN	CHAIN	Isocitrate dehydrogenase [NADP] cytoplasmic	apoptotic process	IDH1 -[Inhibition]-> GADD45A -[Inhibition]-> apoptotic process	28445981	1	166215	single nucleotide variant	NM_005896.4(IDH1):c.395G>A (p.Arg132His)	121913500	Glioblastoma multiforme, somatic	Pathogenic/Likely pathogenic	2.0	Glioma susceptibility 1			Metaphyseal chondromatosis with D-2-hydroxyglutaric aciduria			not provided			Neoplasm			Enchondromatosis			Metaphyseal chondromatosis											
IDH1	R132H	IDHC_HUMAN	CHAIN	Isocitrate dehydrogenase [NADP] cytoplasmic	apoptotic process	IDH1 -[Inhibition]-> PAWR -[Activation]-> apoptotic process	25135281	1	166215	single nucleotide variant	NM_005896.4(IDH1):c.395G>A (p.Arg132His)	121913500	Glioblastoma multiforme, somatic	Pathogenic/Likely pathogenic	2.0	Glioma susceptibility 1			Metaphyseal chondromatosis with D-2-hydroxyglutaric aciduria			not provided			Neoplasm			Enchondromatosis			Metaphyseal chondromatosis											
IDH1	R132H	IDHC_HUMAN	CHAIN	Isocitrate dehydrogenase [NADP] cytoplasmic	apoptotic process	IDH1 -[Inhibition]-> apoptotic process	27145078	1	166215	single nucleotide variant	NM_005896.4(IDH1):c.395G>A (p.Arg132His)	121913500	Glioblastoma multiforme, somatic	Pathogenic/Likely pathogenic	2.0	Glioma susceptibility 1			Metaphyseal chondromatosis with D-2-hydroxyglutaric aciduria			not provided			Neoplasm			Enchondromatosis			Metaphyseal chondromatosis											
IDH1	R132H	IDHC_HUMAN	CHAIN	Isocitrate dehydrogenase [NADP] cytoplasmic	apoptotic process	IDH1 -[Inhibition]-> apoptotic process	34814054	1	166215	single nucleotide variant	NM_005896.4(IDH1):c.395G>A (p.Arg132His)	121913500	Glioblastoma multiforme, somatic	Pathogenic/Likely pathogenic	2.0	Glioma susceptibility 1			Metaphyseal chondromatosis with D-2-hydroxyglutaric aciduria			not provided			Neoplasm			Enchondromatosis			Metaphyseal chondromatosis											
IDH1	R132H	IDHC_HUMAN	CHAIN	Isocitrate dehydrogenase [NADP] cytoplasmic	apoptotic process	IDH1 -[Inhibition]-> cell differentiation -[Activation]-> apoptotic process	26032956	1	166215	single nucleotide variant	NM_005896.4(IDH1):c.395G>A (p.Arg132His)	121913500	Glioblastoma multiforme, somatic	Pathogenic/Likely pathogenic	2.0	Glioma susceptibility 1			Metaphyseal chondromatosis with D-2-hydroxyglutaric aciduria			not provided			Neoplasm			Enchondromatosis			Metaphyseal chondromatosis											
IDH1	R132H	IDHC_HUMAN	CHAIN	Isocitrate dehydrogenase [NADP] cytoplasmic	biosynthetic process	IDH1 -[Activation]-> biosynthetic process	28564604	1	166215	single nucleotide variant	NM_005896.4(IDH1):c.395G>A (p.Arg132His)	121913500	Glioblastoma multiforme, somatic	Pathogenic/Likely pathogenic	2.0	Glioma susceptibility 1			Metaphyseal chondromatosis with D-2-hydroxyglutaric aciduria			not provided			Neoplasm			Enchondromatosis			Metaphyseal chondromatosis											
IDH1	R132H	IDHC_HUMAN	CHAIN	Isocitrate dehydrogenase [NADP] cytoplasmic	biosynthetic process	IDH1 -[Activation]-> dihydronicotinamide formycin dinucleotide -[Activation]-> NAD(+) -[Activation]-> biosynthetic process	29562167	1	166215	single nucleotide variant	NM_005896.4(IDH1):c.395G>A (p.Arg132His)	121913500	Glioblastoma multiforme, somatic	Pathogenic/Likely pathogenic	2.0	Glioma susceptibility 1			Metaphyseal chondromatosis with D-2-hydroxyglutaric aciduria			not provided			Neoplasm			Enchondromatosis			Metaphyseal chondromatosis											
IDH1	R132H	IDHC_HUMAN	CHAIN	Isocitrate dehydrogenase [NADP] cytoplasmic	biosynthetic process	IDH1 -[Inhibition]-> D-2HG -[Activation]-> biosynthetic process	29439493	1	166215	single nucleotide variant	NM_005896.4(IDH1):c.395G>A (p.Arg132His)	121913500	Glioblastoma multiforme, somatic	Pathogenic/Likely pathogenic	2.0	Glioma susceptibility 1			Metaphyseal chondromatosis with D-2-hydroxyglutaric aciduria			not provided			Neoplasm			Enchondromatosis			Metaphyseal chondromatosis											
IDH1	R132H	IDHC_HUMAN	CHAIN	Isocitrate dehydrogenase [NADP] cytoplasmic	cell cycle	IDH1 -[Activation]-> cell cycle	24889528	1	166215	single nucleotide variant	NM_005896.4(IDH1):c.395G>A (p.Arg132His)	121913500	Glioblastoma multiforme, somatic	Pathogenic/Likely pathogenic	2.0	Glioma susceptibility 1			Metaphyseal chondromatosis with D-2-hydroxyglutaric aciduria			not provided			Neoplasm			Enchondromatosis			Metaphyseal chondromatosis											
IDH1	R132H	IDHC_HUMAN	CHAIN	Isocitrate dehydrogenase [NADP] cytoplasmic	cell cycle	IDH1 -[Activation]-> cell cycle	33760141	1	166215	single nucleotide variant	NM_005896.4(IDH1):c.395G>A (p.Arg132His)	121913500	Glioblastoma multiforme, somatic	Pathogenic/Likely pathogenic	2.0	Glioma susceptibility 1			Metaphyseal chondromatosis with D-2-hydroxyglutaric aciduria			not provided			Neoplasm			Enchondromatosis			Metaphyseal chondromatosis											
IDH1	R132H	IDHC_HUMAN	CHAIN	Isocitrate dehydrogenase [NADP] cytoplasmic	cell cycle	IDH1 -[Inhibition]-> cell cycle	31151327	1	166215	single nucleotide variant	NM_005896.4(IDH1):c.395G>A (p.Arg132His)	121913500	Glioblastoma multiforme, somatic	Pathogenic/Likely pathogenic	2.0	Glioma susceptibility 1			Metaphyseal chondromatosis with D-2-hydroxyglutaric aciduria			not provided			Neoplasm			Enchondromatosis			Metaphyseal chondromatosis											
IDH1	R132H	IDHC_HUMAN	CHAIN	Isocitrate dehydrogenase [NADP] cytoplasmic	cell cycle	IDH1 -[Inhibition]-> cell differentiation -[Activation]-> cell cycle	26032956	1	166215	single nucleotide variant	NM_005896.4(IDH1):c.395G>A (p.Arg132His)	121913500	Glioblastoma multiforme, somatic	Pathogenic/Likely pathogenic	2.0	Glioma susceptibility 1			Metaphyseal chondromatosis with D-2-hydroxyglutaric aciduria			not provided			Neoplasm			Enchondromatosis			Metaphyseal chondromatosis											
IDH1	R132H	IDHC_HUMAN	CHAIN	Isocitrate dehydrogenase [NADP] cytoplasmic	cell death	IDH1 -[Activation]-> BCL2 -[Inhibition]-> cell death	31768950	1	166215	single nucleotide variant	NM_005896.4(IDH1):c.395G>A (p.Arg132His)	121913500	Glioblastoma multiforme, somatic	Pathogenic/Likely pathogenic	2.0	Glioma susceptibility 1			Metaphyseal chondromatosis with D-2-hydroxyglutaric aciduria			not provided			Neoplasm			Enchondromatosis			Metaphyseal chondromatosis											
IDH1	R132H	IDHC_HUMAN	CHAIN	Isocitrate dehydrogenase [NADP] cytoplasmic	cell death	IDH1 -[Activation]-> cell death	29091765	1	166215	single nucleotide variant	NM_005896.4(IDH1):c.395G>A (p.Arg132His)	121913500	Glioblastoma multiforme, somatic	Pathogenic/Likely pathogenic	2.0	Glioma susceptibility 1			Metaphyseal chondromatosis with D-2-hydroxyglutaric aciduria			not provided			Neoplasm			Enchondromatosis			Metaphyseal chondromatosis											
IDH1	R132H	IDHC_HUMAN	CHAIN	Isocitrate dehydrogenase [NADP] cytoplasmic	cell death	IDH1 -[IncreaseAmount]-> TFEB -[Activation]-> cell death	33860275	1	166215	single nucleotide variant	NM_005896.4(IDH1):c.395G>A (p.Arg132His)	121913500	Glioblastoma multiforme, somatic	Pathogenic/Likely pathogenic	2.0	Glioma susceptibility 1			Metaphyseal chondromatosis with D-2-hydroxyglutaric aciduria			not provided			Neoplasm			Enchondromatosis			Metaphyseal chondromatosis											
IDH1	R132H	IDHC_HUMAN	CHAIN	Isocitrate dehydrogenase [NADP] cytoplasmic	cell death	IDH1 -[Inhibition]-> ATRX -[Inhibition]-> cell death	29719265	1	166215	single nucleotide variant	NM_005896.4(IDH1):c.395G>A (p.Arg132His)	121913500	Glioblastoma multiforme, somatic	Pathogenic/Likely pathogenic	2.0	Glioma susceptibility 1			Metaphyseal chondromatosis with D-2-hydroxyglutaric aciduria			not provided			Neoplasm			Enchondromatosis			Metaphyseal chondromatosis											
IDH1	R132H	IDHC_HUMAN	CHAIN	Isocitrate dehydrogenase [NADP] cytoplasmic	cell differentiation	IDH1 -[Activation]-> cell differentiation	26951332	1	166215	single nucleotide variant	NM_005896.4(IDH1):c.395G>A (p.Arg132His)	121913500	Glioblastoma multiforme, somatic	Pathogenic/Likely pathogenic	2.0	Glioma susceptibility 1			Metaphyseal chondromatosis with D-2-hydroxyglutaric aciduria			not provided			Neoplasm			Enchondromatosis			Metaphyseal chondromatosis											
IDH1	R132H	IDHC_HUMAN	CHAIN	Isocitrate dehydrogenase [NADP] cytoplasmic	cell differentiation	IDH1 -[Activation]-> cell differentiation	27145078	1	166215	single nucleotide variant	NM_005896.4(IDH1):c.395G>A (p.Arg132His)	121913500	Glioblastoma multiforme, somatic	Pathogenic/Likely pathogenic	2.0	Glioma susceptibility 1			Metaphyseal chondromatosis with D-2-hydroxyglutaric aciduria			not provided			Neoplasm			Enchondromatosis			Metaphyseal chondromatosis											
IDH1	R132H	IDHC_HUMAN	CHAIN	Isocitrate dehydrogenase [NADP] cytoplasmic	cell differentiation	IDH1 -[Activation]-> cell differentiation	29439493	1	166215	single nucleotide variant	NM_005896.4(IDH1):c.395G>A (p.Arg132His)	121913500	Glioblastoma multiforme, somatic	Pathogenic/Likely pathogenic	2.0	Glioma susceptibility 1			Metaphyseal chondromatosis with D-2-hydroxyglutaric aciduria			not provided			Neoplasm			Enchondromatosis			Metaphyseal chondromatosis											
IDH1	R132H	IDHC_HUMAN	CHAIN	Isocitrate dehydrogenase [NADP] cytoplasmic	cell differentiation	IDH1 -[Activation]-> cell differentiation	30510501	1	166215	single nucleotide variant	NM_005896.4(IDH1):c.395G>A (p.Arg132His)	121913500	Glioblastoma multiforme, somatic	Pathogenic/Likely pathogenic	2.0	Glioma susceptibility 1			Metaphyseal chondromatosis with D-2-hydroxyglutaric aciduria			not provided			Neoplasm			Enchondromatosis			Metaphyseal chondromatosis											
IDH1	R132H	IDHC_HUMAN	CHAIN	Isocitrate dehydrogenase [NADP] cytoplasmic	cell differentiation	IDH1 -[Inhibition]-> cell differentiation	21130701	1	166215	single nucleotide variant	NM_005896.4(IDH1):c.395G>A (p.Arg132His)	121913500	Glioblastoma multiforme, somatic	Pathogenic/Likely pathogenic	2.0	Glioma susceptibility 1			Metaphyseal chondromatosis with D-2-hydroxyglutaric aciduria			not provided			Neoplasm			Enchondromatosis			Metaphyseal chondromatosis											
IDH1	R132H	IDHC_HUMAN	CHAIN	Isocitrate dehydrogenase [NADP] cytoplasmic	cell differentiation	IDH1 -[Inhibition]-> cell differentiation	22763442	1	166215	single nucleotide variant	NM_005896.4(IDH1):c.395G>A (p.Arg132His)	121913500	Glioblastoma multiforme, somatic	Pathogenic/Likely pathogenic	2.0	Glioma susceptibility 1			Metaphyseal chondromatosis with D-2-hydroxyglutaric aciduria			not provided			Neoplasm			Enchondromatosis			Metaphyseal chondromatosis											
IDH1	R132H	IDHC_HUMAN	CHAIN	Isocitrate dehydrogenase [NADP] cytoplasmic	cell differentiation	IDH1 -[Inhibition]-> cell differentiation	23393090	1	166215	single nucleotide variant	NM_005896.4(IDH1):c.395G>A (p.Arg132His)	121913500	Glioblastoma multiforme, somatic	Pathogenic/Likely pathogenic	2.0	Glioma susceptibility 1			Metaphyseal chondromatosis with D-2-hydroxyglutaric aciduria			not provided			Neoplasm			Enchondromatosis			Metaphyseal chondromatosis											
IDH1	R132H	IDHC_HUMAN	CHAIN	Isocitrate dehydrogenase [NADP] cytoplasmic	cell differentiation	IDH1 -[Inhibition]-> cell differentiation	23949914	1	166215	single nucleotide variant	NM_005896.4(IDH1):c.395G>A (p.Arg132His)	121913500	Glioblastoma multiforme, somatic	Pathogenic/Likely pathogenic	2.0	Glioma susceptibility 1			Metaphyseal chondromatosis with D-2-hydroxyglutaric aciduria			not provided			Neoplasm			Enchondromatosis			Metaphyseal chondromatosis											
IDH1	R132H	IDHC_HUMAN	CHAIN	Isocitrate dehydrogenase [NADP] cytoplasmic	cell differentiation	IDH1 -[Inhibition]-> cell differentiation	24889528	1	166215	single nucleotide variant	NM_005896.4(IDH1):c.395G>A (p.Arg132His)	121913500	Glioblastoma multiforme, somatic	Pathogenic/Likely pathogenic	2.0	Glioma susceptibility 1			Metaphyseal chondromatosis with D-2-hydroxyglutaric aciduria			not provided			Neoplasm			Enchondromatosis			Metaphyseal chondromatosis											
IDH1	R132H	IDHC_HUMAN	CHAIN	Isocitrate dehydrogenase [NADP] cytoplasmic	cell differentiation	IDH1 -[Inhibition]-> cell differentiation	25135281	1	166215	single nucleotide variant	NM_005896.4(IDH1):c.395G>A (p.Arg132His)	121913500	Glioblastoma multiforme, somatic	Pathogenic/Likely pathogenic	2.0	Glioma susceptibility 1			Metaphyseal chondromatosis with D-2-hydroxyglutaric aciduria			not provided			Neoplasm			Enchondromatosis			Metaphyseal chondromatosis											
IDH1	R132H	IDHC_HUMAN	CHAIN	Isocitrate dehydrogenase [NADP] cytoplasmic	cell differentiation	IDH1 -[Inhibition]-> cell differentiation	25416506	1	166215	single nucleotide variant	NM_005896.4(IDH1):c.395G>A (p.Arg132His)	121913500	Glioblastoma multiforme, somatic	Pathogenic/Likely pathogenic	2.0	Glioma susceptibility 1			Metaphyseal chondromatosis with D-2-hydroxyglutaric aciduria			not provided			Neoplasm			Enchondromatosis			Metaphyseal chondromatosis											
IDH1	R132H	IDHC_HUMAN	CHAIN	Isocitrate dehydrogenase [NADP] cytoplasmic	cell differentiation	IDH1 -[Inhibition]-> cell differentiation	26032956	1	166215	single nucleotide variant	NM_005896.4(IDH1):c.395G>A (p.Arg132His)	121913500	Glioblastoma multiforme, somatic	Pathogenic/Likely pathogenic	2.0	Glioma susceptibility 1			Metaphyseal chondromatosis with D-2-hydroxyglutaric aciduria			not provided			Neoplasm			Enchondromatosis			Metaphyseal chondromatosis											
IDH1	R132H	IDHC_HUMAN	CHAIN	Isocitrate dehydrogenase [NADP] cytoplasmic	cell differentiation	IDH1 -[Inhibition]-> cell differentiation	27316347	1	166215	single nucleotide variant	NM_005896.4(IDH1):c.395G>A (p.Arg132His)	121913500	Glioblastoma multiforme, somatic	Pathogenic/Likely pathogenic	2.0	Glioma susceptibility 1			Metaphyseal chondromatosis with D-2-hydroxyglutaric aciduria			not provided			Neoplasm			Enchondromatosis			Metaphyseal chondromatosis											
IDH1	R132H	IDHC_HUMAN	CHAIN	Isocitrate dehydrogenase [NADP] cytoplasmic	cell differentiation	IDH1 -[Inhibition]-> cell differentiation	29091765	1	166215	single nucleotide variant	NM_005896.4(IDH1):c.395G>A (p.Arg132His)	121913500	Glioblastoma multiforme, somatic	Pathogenic/Likely pathogenic	2.0	Glioma susceptibility 1			Metaphyseal chondromatosis with D-2-hydroxyglutaric aciduria			not provided			Neoplasm			Enchondromatosis			Metaphyseal chondromatosis											
IDH1	R132H	IDHC_HUMAN	CHAIN	Isocitrate dehydrogenase [NADP] cytoplasmic	cell differentiation	IDH1 -[Inhibition]-> cell differentiation	29355841	1	166215	single nucleotide variant	NM_005896.4(IDH1):c.395G>A (p.Arg132His)	121913500	Glioblastoma multiforme, somatic	Pathogenic/Likely pathogenic	2.0	Glioma susceptibility 1			Metaphyseal chondromatosis with D-2-hydroxyglutaric aciduria			not provided			Neoplasm			Enchondromatosis			Metaphyseal chondromatosis											
IDH1	R132H	IDHC_HUMAN	CHAIN	Isocitrate dehydrogenase [NADP] cytoplasmic	cell differentiation	IDH1 -[Inhibition]-> cell differentiation	31768950	1	166215	single nucleotide variant	NM_005896.4(IDH1):c.395G>A (p.Arg132His)	121913500	Glioblastoma multiforme, somatic	Pathogenic/Likely pathogenic	2.0	Glioma susceptibility 1			Metaphyseal chondromatosis with D-2-hydroxyglutaric aciduria			not provided			Neoplasm			Enchondromatosis			Metaphyseal chondromatosis											
IDH1	R132H	IDHC_HUMAN	CHAIN	Isocitrate dehydrogenase [NADP] cytoplasmic	cell differentiation	IDH1 -[Inhibition]-> cell differentiation	32859092	1	166215	single nucleotide variant	NM_005896.4(IDH1):c.395G>A (p.Arg132His)	121913500	Glioblastoma multiforme, somatic	Pathogenic/Likely pathogenic	2.0	Glioma susceptibility 1			Metaphyseal chondromatosis with D-2-hydroxyglutaric aciduria			not provided			Neoplasm			Enchondromatosis			Metaphyseal chondromatosis											
IDH1	R132H	IDHC_HUMAN	CHAIN	Isocitrate dehydrogenase [NADP] cytoplasmic	cell differentiation	IDH1 -[Inhibition]-> cell differentiation	33860275	1	166215	single nucleotide variant	NM_005896.4(IDH1):c.395G>A (p.Arg132His)	121913500	Glioblastoma multiforme, somatic	Pathogenic/Likely pathogenic	2.0	Glioma susceptibility 1			Metaphyseal chondromatosis with D-2-hydroxyglutaric aciduria			not provided			Neoplasm			Enchondromatosis			Metaphyseal chondromatosis											
IDH1	R132H	IDHC_HUMAN	CHAIN	Isocitrate dehydrogenase [NADP] cytoplasmic	cell differentiation	IDH1 -[Methylation]-> Histone -[Inhibition]-> cell differentiation	25271760	1	166215	single nucleotide variant	NM_005896.4(IDH1):c.395G>A (p.Arg132His)	121913500	Glioblastoma multiforme, somatic	Pathogenic/Likely pathogenic	2.0	Glioma susceptibility 1			Metaphyseal chondromatosis with D-2-hydroxyglutaric aciduria			not provided			Neoplasm			Enchondromatosis			Metaphyseal chondromatosis											
IDH1	R132H	IDHC_HUMAN	CHAIN	Isocitrate dehydrogenase [NADP] cytoplasmic	cell growth	IDH1 -[Activation]-> cell growth	24077277	1	166215	single nucleotide variant	NM_005896.4(IDH1):c.395G>A (p.Arg132His)	121913500	Glioblastoma multiforme, somatic	Pathogenic/Likely pathogenic	2.0	Glioma susceptibility 1			Metaphyseal chondromatosis with D-2-hydroxyglutaric aciduria			not provided			Neoplasm			Enchondromatosis			Metaphyseal chondromatosis											
IDH1	R132H	IDHC_HUMAN	CHAIN	Isocitrate dehydrogenase [NADP] cytoplasmic	cell growth	IDH1 -[Inhibition]-> cell growth	28564604	1	166215	single nucleotide variant	NM_005896.4(IDH1):c.395G>A (p.Arg132His)	121913500	Glioblastoma multiforme, somatic	Pathogenic/Likely pathogenic	2.0	Glioma susceptibility 1			Metaphyseal chondromatosis with D-2-hydroxyglutaric aciduria			not provided			Neoplasm			Enchondromatosis			Metaphyseal chondromatosis											
IDH1	R132H	IDHC_HUMAN	CHAIN	Isocitrate dehydrogenase [NADP] cytoplasmic	cell growth	IDH1 -[Inhibition]-> cell growth	31151327	1	166215	single nucleotide variant	NM_005896.4(IDH1):c.395G>A (p.Arg132His)	121913500	Glioblastoma multiforme, somatic	Pathogenic/Likely pathogenic	2.0	Glioma susceptibility 1			Metaphyseal chondromatosis with D-2-hydroxyglutaric aciduria			not provided			Neoplasm			Enchondromatosis			Metaphyseal chondromatosis											
IDH1	R132H	IDHC_HUMAN	CHAIN	Isocitrate dehydrogenase [NADP] cytoplasmic	cell growth	IDH1 -[Inhibition]-> cell growth	33799798	1	166215	single nucleotide variant	NM_005896.4(IDH1):c.395G>A (p.Arg132His)	121913500	Glioblastoma multiforme, somatic	Pathogenic/Likely pathogenic	2.0	Glioma susceptibility 1			Metaphyseal chondromatosis with D-2-hydroxyglutaric aciduria			not provided			Neoplasm			Enchondromatosis			Metaphyseal chondromatosis											
IDH1	R132H	IDHC_HUMAN	CHAIN	Isocitrate dehydrogenase [NADP] cytoplasmic	cell migration	IDH1 -[Activation]-> cell migration	28052098	1	166215	single nucleotide variant	NM_005896.4(IDH1):c.395G>A (p.Arg132His)	121913500	Glioblastoma multiforme, somatic	Pathogenic/Likely pathogenic	2.0	Glioma susceptibility 1			Metaphyseal chondromatosis with D-2-hydroxyglutaric aciduria			not provided			Neoplasm			Enchondromatosis			Metaphyseal chondromatosis											
IDH1	R132H	IDHC_HUMAN	CHAIN	Isocitrate dehydrogenase [NADP] cytoplasmic	cell motility	IDH1 -[Inhibition]-> cell motility	26328938	1	166215	single nucleotide variant	NM_005896.4(IDH1):c.395G>A (p.Arg132His)	121913500	Glioblastoma multiforme, somatic	Pathogenic/Likely pathogenic	2.0	Glioma susceptibility 1			Metaphyseal chondromatosis with D-2-hydroxyglutaric aciduria			not provided			Neoplasm			Enchondromatosis			Metaphyseal chondromatosis											
IDH1	R132H	IDHC_HUMAN	CHAIN	Isocitrate dehydrogenase [NADP] cytoplasmic	cell population proliferation	IDH1 -[Activation]-> Glioma -[Activation]-> cell population proliferation	30416682	1	166215	single nucleotide variant	NM_005896.4(IDH1):c.395G>A (p.Arg132His)	121913500	Glioblastoma multiforme, somatic	Pathogenic/Likely pathogenic	2.0	Glioma susceptibility 1			Metaphyseal chondromatosis with D-2-hydroxyglutaric aciduria			not provided			Neoplasm			Enchondromatosis			Metaphyseal chondromatosis											
IDH1	R132H	IDHC_HUMAN	CHAIN	Isocitrate dehydrogenase [NADP] cytoplasmic	cell population proliferation	IDH1 -[Activation]-> cell population proliferation	23011765	1	166215	single nucleotide variant	NM_005896.4(IDH1):c.395G>A (p.Arg132His)	121913500	Glioblastoma multiforme, somatic	Pathogenic/Likely pathogenic	2.0	Glioma susceptibility 1			Metaphyseal chondromatosis with D-2-hydroxyglutaric aciduria			not provided			Neoplasm			Enchondromatosis			Metaphyseal chondromatosis											
IDH1	R132H	IDHC_HUMAN	CHAIN	Isocitrate dehydrogenase [NADP] cytoplasmic	cell population proliferation	IDH1 -[Activation]-> cell population proliferation	24626950	1	166215	single nucleotide variant	NM_005896.4(IDH1):c.395G>A (p.Arg132His)	121913500	Glioblastoma multiforme, somatic	Pathogenic/Likely pathogenic	2.0	Glioma susceptibility 1			Metaphyseal chondromatosis with D-2-hydroxyglutaric aciduria			not provided			Neoplasm			Enchondromatosis			Metaphyseal chondromatosis											
IDH1	R132H	IDHC_HUMAN	CHAIN	Isocitrate dehydrogenase [NADP] cytoplasmic	cell population proliferation	IDH1 -[Activation]-> cell population proliferation	25586175	1	166215	single nucleotide variant	NM_005896.4(IDH1):c.395G>A (p.Arg132His)	121913500	Glioblastoma multiforme, somatic	Pathogenic/Likely pathogenic	2.0	Glioma susceptibility 1			Metaphyseal chondromatosis with D-2-hydroxyglutaric aciduria			not provided			Neoplasm			Enchondromatosis			Metaphyseal chondromatosis											
IDH1	R132H	IDHC_HUMAN	CHAIN	Isocitrate dehydrogenase [NADP] cytoplasmic	cell population proliferation	IDH1 -[Activation]-> cell population proliferation	26359776	1	166215	single nucleotide variant	NM_005896.4(IDH1):c.395G>A (p.Arg132His)	121913500	Glioblastoma multiforme, somatic	Pathogenic/Likely pathogenic	2.0	Glioma susceptibility 1			Metaphyseal chondromatosis with D-2-hydroxyglutaric aciduria			not provided			Neoplasm			Enchondromatosis			Metaphyseal chondromatosis											
IDH1	R132H	IDHC_HUMAN	CHAIN	Isocitrate dehydrogenase [NADP] cytoplasmic	cell population proliferation	IDH1 -[Activation]-> cell population proliferation	26960449	1	166215	single nucleotide variant	NM_005896.4(IDH1):c.395G>A (p.Arg132His)	121913500	Glioblastoma multiforme, somatic	Pathogenic/Likely pathogenic	2.0	Glioma susceptibility 1			Metaphyseal chondromatosis with D-2-hydroxyglutaric aciduria			not provided			Neoplasm			Enchondromatosis			Metaphyseal chondromatosis											
IDH1	R132H	IDHC_HUMAN	CHAIN	Isocitrate dehydrogenase [NADP] cytoplasmic	cell population proliferation	IDH1 -[Activation]-> cell population proliferation	29439493	1	166215	single nucleotide variant	NM_005896.4(IDH1):c.395G>A (p.Arg132His)	121913500	Glioblastoma multiforme, somatic	Pathogenic/Likely pathogenic	2.0	Glioma susceptibility 1			Metaphyseal chondromatosis with D-2-hydroxyglutaric aciduria			not provided			Neoplasm			Enchondromatosis			Metaphyseal chondromatosis											
IDH1	R132H	IDHC_HUMAN	CHAIN	Isocitrate dehydrogenase [NADP] cytoplasmic	cell population proliferation	IDH1 -[Activation]-> cell population proliferation	29562167	1	166215	single nucleotide variant	NM_005896.4(IDH1):c.395G>A (p.Arg132His)	121913500	Glioblastoma multiforme, somatic	Pathogenic/Likely pathogenic	2.0	Glioma susceptibility 1			Metaphyseal chondromatosis with D-2-hydroxyglutaric aciduria			not provided			Neoplasm			Enchondromatosis			Metaphyseal chondromatosis											
IDH1	R132H	IDHC_HUMAN	CHAIN	Isocitrate dehydrogenase [NADP] cytoplasmic	cell population proliferation	IDH1 -[Activation]-> cell population proliferation	30305430	1	166215	single nucleotide variant	NM_005896.4(IDH1):c.395G>A (p.Arg132His)	121913500	Glioblastoma multiforme, somatic	Pathogenic/Likely pathogenic	2.0	Glioma susceptibility 1			Metaphyseal chondromatosis with D-2-hydroxyglutaric aciduria			not provided			Neoplasm			Enchondromatosis			Metaphyseal chondromatosis											
IDH1	R132H	IDHC_HUMAN	CHAIN	Isocitrate dehydrogenase [NADP] cytoplasmic	cell population proliferation	IDH1 -[Activation]-> cell population proliferation	31768950	1	166215	single nucleotide variant	NM_005896.4(IDH1):c.395G>A (p.Arg132His)	121913500	Glioblastoma multiforme, somatic	Pathogenic/Likely pathogenic	2.0	Glioma susceptibility 1			Metaphyseal chondromatosis with D-2-hydroxyglutaric aciduria			not provided			Neoplasm			Enchondromatosis			Metaphyseal chondromatosis											
IDH1	R132H	IDHC_HUMAN	CHAIN	Isocitrate dehydrogenase [NADP] cytoplasmic	cell population proliferation	IDH1 -[Activation]-> cell population proliferation	31888244	1	166215	single nucleotide variant	NM_005896.4(IDH1):c.395G>A (p.Arg132His)	121913500	Glioblastoma multiforme, somatic	Pathogenic/Likely pathogenic	2.0	Glioma susceptibility 1			Metaphyseal chondromatosis with D-2-hydroxyglutaric aciduria			not provided			Neoplasm			Enchondromatosis			Metaphyseal chondromatosis											
IDH1	R132H	IDHC_HUMAN	CHAIN	Isocitrate dehydrogenase [NADP] cytoplasmic	cell population proliferation	IDH1 -[Activation]-> cell population proliferation	34814054	1	166215	single nucleotide variant	NM_005896.4(IDH1):c.395G>A (p.Arg132His)	121913500	Glioblastoma multiforme, somatic	Pathogenic/Likely pathogenic	2.0	Glioma susceptibility 1			Metaphyseal chondromatosis with D-2-hydroxyglutaric aciduria			not provided			Neoplasm			Enchondromatosis			Metaphyseal chondromatosis											
IDH1	R132H	IDHC_HUMAN	CHAIN	Isocitrate dehydrogenase [NADP] cytoplasmic	cell population proliferation	IDH1 -[IncreaseAmount]-> TFEB -[Inhibition]-> cell population proliferation	33860275	1	166215	single nucleotide variant	NM_005896.4(IDH1):c.395G>A (p.Arg132His)	121913500	Glioblastoma multiforme, somatic	Pathogenic/Likely pathogenic	2.0	Glioma susceptibility 1			Metaphyseal chondromatosis with D-2-hydroxyglutaric aciduria			not provided			Neoplasm			Enchondromatosis			Metaphyseal chondromatosis											
IDH1	R132H	IDHC_HUMAN	CHAIN	Isocitrate dehydrogenase [NADP] cytoplasmic	cell population proliferation	IDH1 -[Inhibition]-> cell population proliferation	21446021	1	166215	single nucleotide variant	NM_005896.4(IDH1):c.395G>A (p.Arg132His)	121913500	Glioblastoma multiforme, somatic	Pathogenic/Likely pathogenic	2.0	Glioma susceptibility 1			Metaphyseal chondromatosis with D-2-hydroxyglutaric aciduria			not provided			Neoplasm			Enchondromatosis			Metaphyseal chondromatosis											
IDH1	R132H	IDHC_HUMAN	CHAIN	Isocitrate dehydrogenase [NADP] cytoplasmic	cell population proliferation	IDH1 -[Inhibition]-> cell population proliferation	24077277	1	166215	single nucleotide variant	NM_005896.4(IDH1):c.395G>A (p.Arg132His)	121913500	Glioblastoma multiforme, somatic	Pathogenic/Likely pathogenic	2.0	Glioma susceptibility 1			Metaphyseal chondromatosis with D-2-hydroxyglutaric aciduria			not provided			Neoplasm			Enchondromatosis			Metaphyseal chondromatosis											
IDH1	R132H	IDHC_HUMAN	CHAIN	Isocitrate dehydrogenase [NADP] cytoplasmic	cell population proliferation	IDH1 -[Inhibition]-> cell population proliferation	24889528	1	166215	single nucleotide variant	NM_005896.4(IDH1):c.395G>A (p.Arg132His)	121913500	Glioblastoma multiforme, somatic	Pathogenic/Likely pathogenic	2.0	Glioma susceptibility 1			Metaphyseal chondromatosis with D-2-hydroxyglutaric aciduria			not provided			Neoplasm			Enchondromatosis			Metaphyseal chondromatosis											
IDH1	R132H	IDHC_HUMAN	CHAIN	Isocitrate dehydrogenase [NADP] cytoplasmic	cell population proliferation	IDH1 -[Inhibition]-> cell population proliferation	26324126	1	166215	single nucleotide variant	NM_005896.4(IDH1):c.395G>A (p.Arg132His)	121913500	Glioblastoma multiforme, somatic	Pathogenic/Likely pathogenic	2.0	Glioma susceptibility 1			Metaphyseal chondromatosis with D-2-hydroxyglutaric aciduria			not provided			Neoplasm			Enchondromatosis			Metaphyseal chondromatosis											
IDH1	R132H	IDHC_HUMAN	CHAIN	Isocitrate dehydrogenase [NADP] cytoplasmic	cell population proliferation	IDH1 -[Inhibition]-> cell population proliferation	26328938	1	166215	single nucleotide variant	NM_005896.4(IDH1):c.395G>A (p.Arg132His)	121913500	Glioblastoma multiforme, somatic	Pathogenic/Likely pathogenic	2.0	Glioma susceptibility 1			Metaphyseal chondromatosis with D-2-hydroxyglutaric aciduria			not provided			Neoplasm			Enchondromatosis			Metaphyseal chondromatosis											
IDH1	R132H	IDHC_HUMAN	CHAIN	Isocitrate dehydrogenase [NADP] cytoplasmic	cell population proliferation	IDH1 -[Inhibition]-> cell population proliferation	27241729	1	166215	single nucleotide variant	NM_005896.4(IDH1):c.395G>A (p.Arg132His)	121913500	Glioblastoma multiforme, somatic	Pathogenic/Likely pathogenic	2.0	Glioma susceptibility 1			Metaphyseal chondromatosis with D-2-hydroxyglutaric aciduria			not provided			Neoplasm			Enchondromatosis			Metaphyseal chondromatosis											
IDH1	R132H	IDHC_HUMAN	CHAIN	Isocitrate dehydrogenase [NADP] cytoplasmic	cell population proliferation	IDH1 -[Inhibition]-> cell population proliferation	28052098	1	166215	single nucleotide variant	NM_005896.4(IDH1):c.395G>A (p.Arg132His)	121913500	Glioblastoma multiforme, somatic	Pathogenic/Likely pathogenic	2.0	Glioma susceptibility 1			Metaphyseal chondromatosis with D-2-hydroxyglutaric aciduria			not provided			Neoplasm			Enchondromatosis			Metaphyseal chondromatosis											
IDH1	R132H	IDHC_HUMAN	CHAIN	Isocitrate dehydrogenase [NADP] cytoplasmic	cell population proliferation	IDH1 -[Inhibition]-> cell population proliferation	28445981	1	166215	single nucleotide variant	NM_005896.4(IDH1):c.395G>A (p.Arg132His)	121913500	Glioblastoma multiforme, somatic	Pathogenic/Likely pathogenic	2.0	Glioma susceptibility 1			Metaphyseal chondromatosis with D-2-hydroxyglutaric aciduria			not provided			Neoplasm			Enchondromatosis			Metaphyseal chondromatosis											
IDH1	R132H	IDHC_HUMAN	CHAIN	Isocitrate dehydrogenase [NADP] cytoplasmic	cell population proliferation	IDH1 -[Inhibition]-> cell population proliferation	28564604	1	166215	single nucleotide variant	NM_005896.4(IDH1):c.395G>A (p.Arg132His)	121913500	Glioblastoma multiforme, somatic	Pathogenic/Likely pathogenic	2.0	Glioma susceptibility 1			Metaphyseal chondromatosis with D-2-hydroxyglutaric aciduria			not provided			Neoplasm			Enchondromatosis			Metaphyseal chondromatosis											
IDH1	R132H	IDHC_HUMAN	CHAIN	Isocitrate dehydrogenase [NADP] cytoplasmic	cell population proliferation	IDH1 -[Inhibition]-> cell population proliferation	28948065	1	166215	single nucleotide variant	NM_005896.4(IDH1):c.395G>A (p.Arg132His)	121913500	Glioblastoma multiforme, somatic	Pathogenic/Likely pathogenic	2.0	Glioma susceptibility 1			Metaphyseal chondromatosis with D-2-hydroxyglutaric aciduria			not provided			Neoplasm			Enchondromatosis			Metaphyseal chondromatosis											
IDH1	R132H	IDHC_HUMAN	CHAIN	Isocitrate dehydrogenase [NADP] cytoplasmic	cellular senescence	IDH1 -[Activation]-> MTOR -[Complex]-> KDM4A -[Activation]-> cellular senescence	27624942	1	166215	single nucleotide variant	NM_005896.4(IDH1):c.395G>A (p.Arg132His)	121913500	Glioblastoma multiforme, somatic	Pathogenic/Likely pathogenic	2.0	Glioma susceptibility 1			Metaphyseal chondromatosis with D-2-hydroxyglutaric aciduria			not provided			Neoplasm			Enchondromatosis			Metaphyseal chondromatosis											
IDH1	R132H	IDHC_HUMAN	CHAIN	Isocitrate dehydrogenase [NADP] cytoplasmic	cellular senescence	IDH1 -[Complex]-> TERT -[Activation]-> cellular senescence	33547950	1	166215	single nucleotide variant	NM_005896.4(IDH1):c.395G>A (p.Arg132His)	121913500	Glioblastoma multiforme, somatic	Pathogenic/Likely pathogenic	2.0	Glioma susceptibility 1			Metaphyseal chondromatosis with D-2-hydroxyglutaric aciduria			not provided			Neoplasm			Enchondromatosis			Metaphyseal chondromatosis											
IDH1	R132H	IDHC_HUMAN	CHAIN	Isocitrate dehydrogenase [NADP] cytoplasmic	epithelial to mesenchymal transition	IDH1 -[Inhibition]-> GADD45A -[DecreaseAmount]-> epithelial to mesenchymal transition	28445981	1	166215	single nucleotide variant	NM_005896.4(IDH1):c.395G>A (p.Arg132His)	121913500	Glioblastoma multiforme, somatic	Pathogenic/Likely pathogenic	2.0	Glioma susceptibility 1			Metaphyseal chondromatosis with D-2-hydroxyglutaric aciduria			not provided			Neoplasm			Enchondromatosis			Metaphyseal chondromatosis											
IDH1	R132H	IDHC_HUMAN	CHAIN	Isocitrate dehydrogenase [NADP] cytoplasmic	evasion of host immune response	IDH1 -[Activation]-> NANOG -[Activation]-> evasion of host immune response	31151327	1	166215	single nucleotide variant	NM_005896.4(IDH1):c.395G>A (p.Arg132His)	121913500	Glioblastoma multiforme, somatic	Pathogenic/Likely pathogenic	2.0	Glioma susceptibility 1			Metaphyseal chondromatosis with D-2-hydroxyglutaric aciduria			not provided			Neoplasm			Enchondromatosis			Metaphyseal chondromatosis											
IDH1	R132H	IDHC_HUMAN	CHAIN	Isocitrate dehydrogenase [NADP] cytoplasmic	generation of precursor metabolites and energy	IDH1 -[Activation]-> generation of precursor metabolites and energy	28427200	1	166215	single nucleotide variant	NM_005896.4(IDH1):c.395G>A (p.Arg132His)	121913500	Glioblastoma multiforme, somatic	Pathogenic/Likely pathogenic	2.0	Glioma susceptibility 1			Metaphyseal chondromatosis with D-2-hydroxyglutaric aciduria			not provided			Neoplasm			Enchondromatosis			Metaphyseal chondromatosis											
IDH1	R132H	IDHC_HUMAN	CHAIN	Isocitrate dehydrogenase [NADP] cytoplasmic	hemopoiesis	IDH1 -[Inhibition]-> hemopoiesis	33860275	1	166215	single nucleotide variant	NM_005896.4(IDH1):c.395G>A (p.Arg132His)	121913500	Glioblastoma multiforme, somatic	Pathogenic/Likely pathogenic	2.0	Glioma susceptibility 1			Metaphyseal chondromatosis with D-2-hydroxyglutaric aciduria			not provided			Neoplasm			Enchondromatosis			Metaphyseal chondromatosis											
IDH1	R132H	IDHC_HUMAN	CHAIN	Isocitrate dehydrogenase [NADP] cytoplasmic	homeostatic process	IDH1 -[Activation]-> homeostatic process	29562167	1	166215	single nucleotide variant	NM_005896.4(IDH1):c.395G>A (p.Arg132His)	121913500	Glioblastoma multiforme, somatic	Pathogenic/Likely pathogenic	2.0	Glioma susceptibility 1			Metaphyseal chondromatosis with D-2-hydroxyglutaric aciduria			not provided			Neoplasm			Enchondromatosis			Metaphyseal chondromatosis											
IDH1	R132H	IDHC_HUMAN	CHAIN	Isocitrate dehydrogenase [NADP] cytoplasmic	homologous recombination	IDH1 -[Activation]-> homologous recombination	32859092	1	166215	single nucleotide variant	NM_005896.4(IDH1):c.395G>A (p.Arg132His)	121913500	Glioblastoma multiforme, somatic	Pathogenic/Likely pathogenic	2.0	Glioma susceptibility 1			Metaphyseal chondromatosis with D-2-hydroxyglutaric aciduria			not provided			Neoplasm			Enchondromatosis			Metaphyseal chondromatosis											
IDH1	R132H	IDHC_HUMAN	CHAIN	Isocitrate dehydrogenase [NADP] cytoplasmic	metabolic process	IDH1 -[Activation]-> metabolic process	24077277	1	166215	single nucleotide variant	NM_005896.4(IDH1):c.395G>A (p.Arg132His)	121913500	Glioblastoma multiforme, somatic	Pathogenic/Likely pathogenic	2.0	Glioma susceptibility 1			Metaphyseal chondromatosis with D-2-hydroxyglutaric aciduria			not provided			Neoplasm			Enchondromatosis			Metaphyseal chondromatosis											
IDH1	R132H	IDHC_HUMAN	CHAIN	Isocitrate dehydrogenase [NADP] cytoplasmic	metabolic process	IDH1 -[Activation]-> metabolic process	31960518	1	166215	single nucleotide variant	NM_005896.4(IDH1):c.395G>A (p.Arg132His)	121913500	Glioblastoma multiforme, somatic	Pathogenic/Likely pathogenic	2.0	Glioma susceptibility 1			Metaphyseal chondromatosis with D-2-hydroxyglutaric aciduria			not provided			Neoplasm			Enchondromatosis			Metaphyseal chondromatosis											
IDH1	R132H	IDHC_HUMAN	CHAIN	Isocitrate dehydrogenase [NADP] cytoplasmic	pentose-phosphate shunt	IDH1 -[DecreaseAmount]-> NADPH -[Activation]-> pentose-phosphate shunt	28564604	1	166215	single nucleotide variant	NM_005896.4(IDH1):c.395G>A (p.Arg132His)	121913500	Glioblastoma multiforme, somatic	Pathogenic/Likely pathogenic	2.0	Glioma susceptibility 1			Metaphyseal chondromatosis with D-2-hydroxyglutaric aciduria			not provided			Neoplasm			Enchondromatosis			Metaphyseal chondromatosis											
IDH1	R132H	IDHC_HUMAN	CHAIN	Isocitrate dehydrogenase [NADP] cytoplasmic	tricarboxylic acid cycle	IDH1 -[Activation]-> MTOR -[Activation]-> tricarboxylic acid cycle	27624942	1	166215	single nucleotide variant	NM_005896.4(IDH1):c.395G>A (p.Arg132His)	121913500	Glioblastoma multiforme, somatic	Pathogenic/Likely pathogenic	2.0	Glioma susceptibility 1			Metaphyseal chondromatosis with D-2-hydroxyglutaric aciduria			not provided			Neoplasm			Enchondromatosis			Metaphyseal chondromatosis											
IDH1	R132H	IDHC_HUMAN	CHAIN	Isocitrate dehydrogenase [NADP] cytoplasmic	tricarboxylic acid cycle	IDH1 -[Activation]-> tricarboxylic acid cycle	24077277	1	166215	single nucleotide variant	NM_005896.4(IDH1):c.395G>A (p.Arg132His)	121913500	Glioblastoma multiforme, somatic	Pathogenic/Likely pathogenic	2.0	Glioma susceptibility 1			Metaphyseal chondromatosis with D-2-hydroxyglutaric aciduria			not provided			Neoplasm			Enchondromatosis			Metaphyseal chondromatosis											
IDH1	R132H	IDHC_HUMAN	CHAIN	Isocitrate dehydrogenase [NADP] cytoplasmic	tricarboxylic acid cycle	IDH1 -[Activation]-> tricarboxylic acid cycle	29562167	1	166215	single nucleotide variant	NM_005896.4(IDH1):c.395G>A (p.Arg132His)	121913500	Glioblastoma multiforme, somatic	Pathogenic/Likely pathogenic	2.0	Glioma susceptibility 1			Metaphyseal chondromatosis with D-2-hydroxyglutaric aciduria			not provided			Neoplasm			Enchondromatosis			Metaphyseal chondromatosis											
IDH1	R314C	IDHC_HUMAN	CHAIN	Isocitrate dehydrogenase [NADP] cytoplasmic	transcription, DNA-templated	IDH1 -[Activation]-> D-2-HG -[Inhibition]-> transcription, DNA-templated	27460417	0																																		
