variant_protein	variant_info	DomainProteinID	DomainFeature	DomainNote	biological_process/disease	chain	pmid	clinvar_match	#AlleleID	Type	Name	RS# (dbSNP)	disease_1	significance_1	star_1	disease_2	significance_2	star_2	disease_3	significance_3	star_3	disease_4	significance_4	star_4	disease_5	significance_5	star_5	disease_6	significance_6	star_6	disease_7	significance_7	star_7	disease_8	significance_8	star_8	disease_9	significance_9	star_9	disease_10	significance_10	star_10
IL13	C1055T				Carcinoma, Renal Cell	IL13 -[Inhibition]-> Carcinoma, Renal Cell	22317767	0																																		
IL13	M2A				autophagy	IL13 -[Inhibition]-> autophagy	22566833	0																																		
IL13	M2A				inflammatory response	IL13 -[Activation]-> immune complexes -[Activation]-> inflammatory response	23223452	0																																		
IL13	R110Q	IL13_HUMAN	CHAIN	Interleukin-13	Eosinophilia	IL13 -[Activation]-> Eosinophilia	20358028	0																																		
IL13	R110Q	IL13_HUMAN	CHAIN	Interleukin-13	Respiratory Hypersensitivity	IL13 -[Activation]-> Respiratory Hypersensitivity	20358028	0																																		
IL13	R110Q	IL13_HUMAN	CHAIN	Interleukin-13	inflammatory response	IL13 -[Activation]-> inflammatory response	20358028	0																																		
IL13	R110Q	IL13_HUMAN	CHAIN	Interleukin-13	signal transduction	IL13 -[Complex]-> IL13RA2 -[Inhibition]-> signal transduction	24179684	0																																		
IL13	R130Q	IL13_HUMAN	CHAIN	Interleukin-13	Glioma	IL13 -[Inhibition]-> Glioma	21196282	0																																		
