variant_protein	variant_info	DomainProteinID	DomainFeature	DomainNote	biological_process/disease	chain	pmid	clinvar_match	#AlleleID	Type	Name	RS# (dbSNP)	disease_1	significance_1	star_1	disease_2	significance_2	star_2	disease_3	significance_3	star_3	disease_4	significance_4	star_4	disease_5	significance_5	star_5	disease_6	significance_6	star_6	disease_7	significance_7	star_7	disease_8	significance_8	star_8	disease_9	significance_9	star_9	disease_10	significance_10	star_10
IL4R	D67A	IL4RA_HUMAN	CHAIN	Interleukin-4 receptor subunit alpha	cell differentiation	IL4R -[Inhibition]-> IL4 -[Activation]-> cell differentiation	16640778	0																																		
IL4R	I75V	IL4RA_HUMAN	CHAIN	Interleukin-4 receptor subunit alpha	signal transduction	IL4R -[Inhibition]-> signal transduction	24294607	1	29705	single nucleotide variant	NM_000418.4(IL4R):c.223A>G (p.Ile75Val)	1805010	RECLASSIFIED - PLA2G7 POLYMORPHISM	Uncertain significance	1.0	IL4R-related disorder																										
IL4R	Q551R	IL4RA_HUMAN	CHAIN;REGION	Interleukin-4 receptor subunit alpha;	immune response	IL4R -[Activation]-> IL4 -[Activation]-> immune response	21733492	0																																		
IL4R	Q551R	IL4RA_HUMAN	CHAIN;REGION	Interleukin-4 receptor subunit alpha;	signal transduction	IL4R -[Activation]-> signal transduction	21733492	0																																		
IL4R	Q576R	IL4RA_HUMAN	CHAIN;REGION	Interleukin-4 receptor subunit alpha;Required for IL4-induced gene expression	Asthma	IL4R -[Inhibition]-> Asthma	25867440	1	29704	single nucleotide variant	NM_000418.4(IL4R):c.1727A>G (p.Gln576Arg)	1801275	RECLASSIFIED - PLA2G7 POLYMORPHISM	Benign	0.0																											
IL4R	Q576R	IL4RA_HUMAN	CHAIN;REGION	Interleukin-4 receptor subunit alpha;Required for IL4-induced gene expression	Glioma	IL4R -[Inhibition]-> Glioma	21196282	1	29704	single nucleotide variant	NM_000418.4(IL4R):c.1727A>G (p.Gln576Arg)	1801275	RECLASSIFIED - PLA2G7 POLYMORPHISM	Benign	0.0																											
IL4R	Q576R	IL4RA_HUMAN	CHAIN;REGION	Interleukin-4 receptor subunit alpha;Required for IL4-induced gene expression	signal transduction	IL4R -[Inhibition]-> signal transduction	24294607	1	29704	single nucleotide variant	NM_000418.4(IL4R):c.1727A>G (p.Gln576Arg)	1801275	RECLASSIFIED - PLA2G7 POLYMORPHISM	Benign	0.0																											
IL4R	S503P	IL4RA_HUMAN	CHAIN;REGION	Interleukin-4 receptor subunit alpha;	signal transduction	IL4R -[Inhibition]-> signal transduction	24294607	1	29706	single nucleotide variant	NM_000418.4(IL4R):c.1507T>C (p.Ser503Pro)	1805015	RECLASSIFIED - PLA2G7 POLYMORPHISM	not provided	0.0																											
IL4R	Y500F	IL4RA_HUMAN	CHAIN;REGION	Interleukin-4 receptor subunit alpha;	cell population proliferation	IL4R -[IncreaseAmount]-> IL4 -[Activation]-> cell population proliferation	14557412	0																																		
