variant_protein	variant_info	DomainProteinID	DomainFeature	DomainNote	biological_process/disease	chain	pmid	clinvar_match	#AlleleID	Type	Name	RS# (dbSNP)	disease_1	significance_1	star_1	disease_2	significance_2	star_2	disease_3	significance_3	star_3	disease_4	significance_4	star_4	disease_5	significance_5	star_5	disease_6	significance_6	star_6	disease_7	significance_7	star_7	disease_8	significance_8	star_8	disease_9	significance_9	star_9	disease_10	significance_10	star_10
KAT5	E431Q	KAT5_HUMAN	CHAIN;DOMAIN;REGION	Histone acetyltransferase KAT5;MYST-type HAT;Interaction with ATF2	Death	KAT5 -[Complex]-> Death	22848598	0																																		
KAT5	E431Q	KAT5_HUMAN	CHAIN;DOMAIN;REGION	Histone acetyltransferase KAT5;MYST-type HAT;Interaction with ATF2	apoptotic process	KAT5 -[Activation]-> apoptotic process	22848598	0																																		
KAT5	E431Q	KAT5_HUMAN	CHAIN;DOMAIN;REGION	Histone acetyltransferase KAT5;MYST-type HAT;Interaction with ATF2	cell death	KAT5 -[Activation]-> cell death	22848598	0																																		
KAT5	E431Q	KAT5_HUMAN	CHAIN;DOMAIN;REGION	Histone acetyltransferase KAT5;MYST-type HAT;Interaction with ATF2	cell differentiation	KAT5 -[Inhibition]-> cell differentiation	28196077	0																																		
KAT5	E431Q	KAT5_HUMAN	CHAIN;DOMAIN;REGION	Histone acetyltransferase KAT5;MYST-type HAT;Interaction with ATF2	localization	KAT5 -[Complex]-> AICD -[Activation]-> localization	22848598	0																																		
KAT5	G380E	KAT5_HUMAN	CHAIN;DOMAIN;REGION	Histone acetyltransferase KAT5;MYST-type HAT;Interaction with ATF2	apoptotic process	KAT5 -[Inhibition]-> APP -[Activation]-> apoptotic process	23028730	0																																		
KAT5	G380E	KAT5_HUMAN	CHAIN;DOMAIN;REGION	Histone acetyltransferase KAT5;MYST-type HAT;Interaction with ATF2	cell death	KAT5 -[Inhibition]-> cell death	23028730	0																																		
KAT5	G380E	KAT5_HUMAN	CHAIN;DOMAIN;REGION	Histone acetyltransferase KAT5;MYST-type HAT;Interaction with ATF2	transcription, DNA-templated	KAT5 -[Activation]-> transcription, DNA-templated	23028730	0																																		
KAT5	K104R	KAT5_HUMAN	CHAIN;REGION	Histone acetyltransferase KAT5;Disordered	Cell Survival	KAT5 -[Activation]-> Cell Survival	29174981	0																																		
KAT5	K104R	KAT5_HUMAN	CHAIN;REGION	Histone acetyltransferase KAT5;Disordered	apoptotic process	KAT5 -[Activation]-> TP53 -[Activation]-> apoptotic process	29174981	0																																		
KAT5	K104R	KAT5_HUMAN	CHAIN;REGION	Histone acetyltransferase KAT5;Disordered	autophagy	KAT5 -[Activation]-> autophagy	29174981	0																																		
KAT5	K430R	KAT5_HUMAN	CHAIN;DOMAIN;REGION	Histone acetyltransferase KAT5;MYST-type HAT;Interaction with ATF2	DNA Damage	KAT5 -[Activation]-> DNA Damage	32832608	0																																		
KAT5	K430R	KAT5_HUMAN	CHAIN;DOMAIN;REGION	Histone acetyltransferase KAT5;MYST-type HAT;Interaction with ATF2	DNA repair	KAT5 -[Activation]-> DNA repair	32832608	0																																		
KAT5	Q377E	KAT5_HUMAN	CHAIN;DOMAIN;REGION	Histone acetyltransferase KAT5;MYST-type HAT;Interaction with ATF2	Cell Transformation, Neoplastic	KAT5 -[Acetylation]-> MYC -[Activation]-> Cell Transformation, Neoplastic	25569455	0																																		
KAT5	Q377E	KAT5_HUMAN	CHAIN;DOMAIN;REGION	Histone acetyltransferase KAT5;MYST-type HAT;Interaction with ATF2	Genomic Instability	KAT5 -[Acetylation]-> MYC -[Activation]-> apoptotic process -[Activation]-> Genomic Instability	25569455	0																																		
KAT5	Q377E	KAT5_HUMAN	CHAIN;DOMAIN;REGION	Histone acetyltransferase KAT5;MYST-type HAT;Interaction with ATF2	apoptotic process	KAT5 -[Acetylation]-> MYC -[Activation]-> apoptotic process	25569455	0																																		
KAT5	Q377E	KAT5_HUMAN	CHAIN;DOMAIN;REGION	Histone acetyltransferase KAT5;MYST-type HAT;Interaction with ATF2	cellular senescence	KAT5 -[Activation]-> p30 -[Inhibition]-> Tax -[Activation]-> cellular senescence	25569455	0																																		
KAT5	Q377E	KAT5_HUMAN	CHAIN;DOMAIN;REGION	Histone acetyltransferase KAT5;MYST-type HAT;Interaction with ATF2	transcription, DNA-templated	KAT5 -[Activation]-> p30 -[Activation]-> transcription, DNA-templated	25569455	0																																		
KAT5	S86A	KAT5_HUMAN	CHAIN;REGION	Histone acetyltransferase KAT5;Disordered	Cell Survival	KAT5 -[Activation]-> Cell Survival	28032867	0																																		
KAT5	S86A	KAT5_HUMAN	CHAIN;REGION	Histone acetyltransferase KAT5;Disordered	DNA repair	KAT5 -[Activation]-> TP53 -[Activation]-> DNA repair	21658600	0																																		
KAT5	S86A	KAT5_HUMAN	CHAIN;REGION	Histone acetyltransferase KAT5;Disordered	Death	KAT5 -[Activation]-> Death	28032867	0																																		
KAT5	S86A	KAT5_HUMAN	CHAIN;REGION	Histone acetyltransferase KAT5;Disordered	apoptotic process	KAT5 -[Activation]-> apoptotic process	21658600	0																																		
KAT5	S86A	KAT5_HUMAN	CHAIN;REGION	Histone acetyltransferase KAT5;Disordered	autophagy	KAT5 -[Activation]-> autophagy	28032867	0																																		
KAT5	S86A	KAT5_HUMAN	CHAIN;REGION	Histone acetyltransferase KAT5;Disordered	cell cycle	KAT5 -[Activation]-> TP53 -[Activation]-> cell cycle	21658600	0																																		
KAT5	S86A	KAT5_HUMAN	CHAIN;REGION	Histone acetyltransferase KAT5;Disordered	cell death	KAT5 -[Activation]-> cell death	28032867	0																																		
KAT5	T158A	KAT5_HUMAN	CHAIN;REGION	Histone acetyltransferase KAT5;Disordered	DNA Damage	KAT5 -[Activation]-> DNA Damage	25544752	0																																		
KAT5	T158A	KAT5_HUMAN	CHAIN;REGION	Histone acetyltransferase KAT5;Disordered	Neoplasms	KAT5 -[Inhibition]-> Neoplasms	25544752	0																																		
KAT5	T158A	KAT5_HUMAN	CHAIN;REGION	Histone acetyltransferase KAT5;Disordered	apoptotic process	KAT5 -[Inhibition]-> apoptotic process	25544752	0																																		
KAT5	T158A	KAT5_HUMAN	CHAIN;REGION	Histone acetyltransferase KAT5;Disordered	transcription, DNA-templated	KAT5 -[Activation]-> transcription, DNA-templated	25544752	0																																		
