variant_protein	variant_info	DomainProteinID	DomainFeature	DomainNote	biological_process/disease	chain	pmid	clinvar_match	#AlleleID	Type	Name	RS# (dbSNP)	disease_1	significance_1	star_1	disease_2	significance_2	star_2	disease_3	significance_3	star_3	disease_4	significance_4	star_4	disease_5	significance_5	star_5	disease_6	significance_6	star_6	disease_7	significance_7	star_7	disease_8	significance_8	star_8	disease_9	significance_9	star_9	disease_10	significance_10	star_10
KCNE1	D76N	KCNE1_HUMAN	CHAIN		localization	KCNE1 -[Activation]-> localization	32833978	1	28516	single nucleotide variant	NM_000219.6(KCNE1):c.226G>A (p.Asp76Asn)	74315445	Congenital long QT syndrome	Conflicting classifications of pathogenicity	0.0	Long QT syndrome 5			Jervell and Lange-Nielsen syndrome 2			not specified			Jervell and Lange-Nielsen syndrome 1			not provided			Cardiovascular phenotype			Long QT syndrome			Jervell and Lange-Nielsen syndrome			Arrhythmogenic right ventricular cardiomyopathy		
KCNE1	D85N	KCNE1_HUMAN	CHAIN		channel regulator activity	KCNE1 -[Inhibition]-> channel regulator activity	21244686	1	28518	single nucleotide variant	NM_000219.6(KCNE1):c.253G>A (p.Asp85Asn)	1805128	Long QT syndrome 2/5, digenic	Conflicting classifications of pathogenicity; other; risk factor	0.0	Long QT syndrome 5, acquired, susceptibility to			not provided			Long QT syndrome			Cardiovascular phenotype			Jervell and Lange-Nielsen syndrome 2			not specified			Long QT syndrome 5			Cardiomyopathy			Congenital long QT syndrome		
KCNE1	G38S	KCNE1_HUMAN	CHAIN		Atrial Fibrillation	KCNE1 -[Activation]-> Atrial Fibrillation	28640127	0																																		
KCNE1	S102A	KCNE1_HUMAN	CHAIN		localization	KCNE1 -[Activation]-> localization	32833978	0																																		
KCNE1	T58V	KCNE1_HUMAN	CHAIN		endocytosis	KCNE1 -[Activation]-> PKC -[Activation]-> endocytosis	26410412	0																																		
KCNE1	T58V	KCNE1_HUMAN	CHAIN		homeostatic process	KCNE1 -[Inhibition]-> KCNQ1 -[Activation]-> homeostatic process	26410412	0																																		
