variant_protein	variant_info	DomainProteinID	DomainFeature	DomainNote	biological_process/disease	chain	pmid	clinvar_match	#AlleleID	Type	Name	RS# (dbSNP)	disease_1	significance_1	star_1	disease_2	significance_2	star_2	disease_3	significance_3	star_3	disease_4	significance_4	star_4	disease_5	significance_5	star_5	disease_6	significance_6	star_6	disease_7	significance_7	star_7	disease_8	significance_8	star_8	disease_9	significance_9	star_9	disease_10	significance_10	star_10
KCNJ2	C122Y	KCNJ2_HUMAN	CHAIN	Inward rectifier potassium channel 2	Arrhythmias, Cardiac	KCNJ2 -[Activation]-> Arrhythmias, Cardiac	37333254	1	510755	single nucleotide variant	NM_000891.3(KCNJ2):c.365G>A (p.Cys122Tyr)	1555603931	Cardiovascular phenotype	Uncertain significance	1.0																											
KCNJ2	E299V	KCNJ2_HUMAN	CHAIN	Inward rectifier potassium channel 2	Death	KCNJ2 -[Activation]-> Death	32328155	1	188658	single nucleotide variant	NM_000891.3(KCNJ2):c.896A>T (p.Glu299Val)	786205817	not provided	Likely pathogenic	1.0	Short QT syndrome type 3																										
KCNJ2	V93I	KCNJ2_HUMAN	CHAIN	Inward rectifier potassium channel 2	Atrial Fibrillation	KCNJ2 -[Complex]-> Atrial Fibrillation	15922306	1	39077	single nucleotide variant	NM_000891.3(KCNJ2):c.277G>A (p.Val93Ile)	147750704	Atrial fibrillation, familial, 9	Conflicting classifications of pathogenicity	0.0	Atrial fibrillation			not provided			Short QT syndrome type 3			Andersen Tawil syndrome			Cardiovascular phenotype			Long QT syndrome											
KCNJ2	V93I	KCNJ2_HUMAN	CHAIN	Inward rectifier potassium channel 2	inward rectifier potassium channel activity	KCNJ2 -[Activation]-> inward rectifier potassium channel activity	15922306	1	39077	single nucleotide variant	NM_000891.3(KCNJ2):c.277G>A (p.Val93Ile)	147750704	Atrial fibrillation, familial, 9	Conflicting classifications of pathogenicity	0.0	Atrial fibrillation			not provided			Short QT syndrome type 3			Andersen Tawil syndrome			Cardiovascular phenotype			Long QT syndrome											
