variant_protein	variant_info	DomainProteinID	DomainFeature	DomainNote	biological_process/disease	chain	pmid	clinvar_match	#AlleleID	Type	Name	RS# (dbSNP)	disease_1	significance_1	star_1	disease_2	significance_2	star_2	disease_3	significance_3	star_3	disease_4	significance_4	star_4	disease_5	significance_5	star_5	disease_6	significance_6	star_6	disease_7	significance_7	star_7	disease_8	significance_8	star_8	disease_9	significance_9	star_9	disease_10	significance_10	star_10
KDR	C1192T	VGFR2_HUMAN	CHAIN	Vascular endothelial growth factor receptor 2	Urologic Diseases	KDR -[Inhibition]-> Urologic Diseases	27836223	0																																		
KDR	C482R	VGFR2_HUMAN	CHAIN;DOMAIN	Vascular endothelial growth factor receptor 2;Ig-like C2-type 5	cell adhesion	KDR -[Inhibition]-> FLT1 -[Complex]-> Integrins -[Activation]-> cell adhesion	18931684	1	27357	single nucleotide variant	NM_002253.4(KDR):c.1444T>C (p.Cys482Arg)	34231037	Capillary infantile hemangioma	Likely benign	2.0	not specified			not provided																							
KDR	K1041R	VGFR2_HUMAN	CHAIN;DOMAIN	Vascular endothelial growth factor receptor 2;Protein kinase	angiogenesis	KDR -[Activation]-> angiogenesis	24300896	0																																		
KDR	K1041R	VGFR2_HUMAN	CHAIN;DOMAIN	Vascular endothelial growth factor receptor 2;Protein kinase	signal transduction	KDR -[Activation]-> signal transduction	24300896	0																																		
KDR	Q472H	VGFR2_HUMAN	CHAIN;DOMAIN	Vascular endothelial growth factor receptor 2;Ig-like C2-type 5	Neoplasm Invasiveness	KDR -[Activation]-> Neoplasm Invasiveness	26631613	1	138342	single nucleotide variant	NM_002253.4(KDR):c.1416A>T (p.Gln472His)	1870377	not specified	Benign	0.0	KDR-related disorder																										
KDR	Q472H	VGFR2_HUMAN	CHAIN;DOMAIN	Vascular endothelial growth factor receptor 2;Ig-like C2-type 5	angiogenesis	KDR -[Activation]-> angiogenesis	26631613	1	138342	single nucleotide variant	NM_002253.4(KDR):c.1416A>T (p.Gln472His)	1870377	not specified	Benign	0.0	KDR-related disorder																										
KDR	Q472H	VGFR2_HUMAN	CHAIN;DOMAIN	Vascular endothelial growth factor receptor 2;Ig-like C2-type 5	angiogenesis	KDR -[Activation]-> angiogenesis	33721621	1	138342	single nucleotide variant	NM_002253.4(KDR):c.1416A>T (p.Gln472His)	1870377	not specified	Benign	0.0	KDR-related disorder																										
KDR	Q472H	VGFR2_HUMAN	CHAIN;DOMAIN	Vascular endothelial growth factor receptor 2;Ig-like C2-type 5	cell population proliferation	KDR -[Activation]-> cell population proliferation	26631613	1	138342	single nucleotide variant	NM_002253.4(KDR):c.1416A>T (p.Gln472His)	1870377	not specified	Benign	0.0	KDR-related disorder																										
KDR	R1051Q	VGFR2_HUMAN	CHAIN;DOMAIN	Vascular endothelial growth factor receptor 2;Protein kinase	Neoplasm Metastasis	KDR -[Activation]-> Neoplasm Metastasis	33035615	0																																		
KDR	R1051Q	VGFR2_HUMAN	CHAIN;DOMAIN	Vascular endothelial growth factor receptor 2;Protein kinase	generation of precursor metabolites and energy	KDR -[Activation]-> generation of precursor metabolites and energy	33744390	0																																		
KDR	Y1173F	VGFR2_HUMAN	CHAIN	Vascular endothelial growth factor receptor 2	MAPK cascade	KDR -[Activation]-> MAPK cascade	34344833	0																																		
KDR	Y1173F	VGFR2_HUMAN	CHAIN	Vascular endothelial growth factor receptor 2	Renin-Angiotensin System	KDR -[Activation]-> ERK -[Complex]-> VEGF -[Activation]-> Renin-Angiotensin System	34344833	0																																		
KDR	Y1173F	VGFR2_HUMAN	CHAIN	Vascular endothelial growth factor receptor 2	angiogenesis	KDR -[Activation]-> ERK -[Complex]-> VEGF -[Activation]-> angiogenesis	34344833	0																																		
KDR	Y1173F	VGFR2_HUMAN	CHAIN	Vascular endothelial growth factor receptor 2	cell adhesion	KDR -[Activation]-> PLC -[Activation]-> cell adhesion	34344833	0																																		
KDR	Y1173F	VGFR2_HUMAN	CHAIN	Vascular endothelial growth factor receptor 2	cell population proliferation	KDR -[Activation]-> ERK -[Complex]-> VEGF -[Activation]-> cell population proliferation	34344833	0																																		
KDR	Y1173F	VGFR2_HUMAN	CHAIN	Vascular endothelial growth factor receptor 2	hemopoiesis	KDR -[Activation]-> ERK -[Complex]-> VEGF -[Activation]-> hemopoiesis	34344833	0																																		
KDR	Y1173F	VGFR2_HUMAN	CHAIN	Vascular endothelial growth factor receptor 2	regulation of angiogenesis	KDR -[Activation]-> regulation of angiogenesis	34344833	0																																		
KDR	Y1173F	VGFR2_HUMAN	CHAIN	Vascular endothelial growth factor receptor 2	signal transduction	KDR -[Complex]-> FLT4 -[Activation]-> signal transduction	34344833	0																																		
