variant_protein	variant_info	DomainProteinID	DomainFeature	DomainNote	biological_process/disease	chain	pmid	clinvar_match	#AlleleID	Type	Name	RS# (dbSNP)	disease_1	significance_1	star_1	disease_2	significance_2	star_2	disease_3	significance_3	star_3	disease_4	significance_4	star_4	disease_5	significance_5	star_5	disease_6	significance_6	star_6	disease_7	significance_7	star_7	disease_8	significance_8	star_8	disease_9	significance_9	star_9	disease_10	significance_10	star_10
LCK	Y192E	LCK_HUMAN	CHAIN;DOMAIN;REGION	Tyrosine-protein kinase Lck;SH2;Interaction with PTPRH	signaling receptor activity	LCK -[Phosphorylation]-> signaling receptor activity	33225946	0																																		
LCK	Y192F	LCK_HUMAN	CHAIN;DOMAIN;REGION	Tyrosine-protein kinase Lck;SH2;Interaction with PTPRH	signaling receptor activity	LCK -[Phosphorylation]-> signaling receptor activity	27014263	0																																		
LCK	Y505F	LCK_HUMAN	CHAIN	Tyrosine-protein kinase Lck	Neoplasm Metastasis	LCK -[Inhibition]-> SOCS3 -[Inhibition]-> cell migration -[Inhibition]-> Neoplasm Metastasis	20372794	0																																		
LCK	Y505F	LCK_HUMAN	CHAIN	Tyrosine-protein kinase Lck	apoptotic process	LCK -[Activation]-> apoptotic process	20372794	0																																		
LCK	Y505F	LCK_HUMAN	CHAIN	Tyrosine-protein kinase Lck	cell migration	LCK -[Inhibition]-> SOCS3 -[Inhibition]-> cell migration	20372794	0																																		
LCK	Y505F	LCK_HUMAN	CHAIN	Tyrosine-protein kinase Lck	coreceptor activity	LCK -[Complex]-> coreceptor activity	20346773	0																																		
LCK	Y505F	LCK_HUMAN	CHAIN	Tyrosine-protein kinase Lck	signaling receptor activity	LCK -[Phosphorylation]-> signaling receptor activity	27014263	0																																		
