variant_protein	variant_info	DomainProteinID	DomainFeature	DomainNote	biological_process/disease	chain	pmid	clinvar_match	#AlleleID	Type	Name	RS# (dbSNP)	disease_1	significance_1	star_1	disease_2	significance_2	star_2	disease_3	significance_3	star_3	disease_4	significance_4	star_4	disease_5	significance_5	star_5	disease_6	significance_6	star_6	disease_7	significance_7	star_7	disease_8	significance_8	star_8	disease_9	significance_9	star_9	disease_10	significance_10	star_10
LDLR	A1413G				Hypercholesterolemia	LDLR -[Activation]-> Hypercholesterolemia	36158920	0																																		
LDLR	C52T	LDLR_HUMAN	CHAIN;DOMAIN	Low-density lipoprotein receptor;LDL-receptor class A 1	Hypercholesterolemia	LDLR -[Activation]-> Hypercholesterolemia	36158920	0																																		
LDLR	D151Y	LDLR_HUMAN	CHAIN;DOMAIN;REGION	Low-density lipoprotein receptor;LDL-receptor class A 4;Binding to Getah virus E1-E2 spike glycoproteins	transport	LDLR -[Activation]-> transport	20599862	0																																		
LDLR	D331E	LDLR_HUMAN	CHAIN;DOMAIN	Low-density lipoprotein receptor;EGF-like 1	Coronary Disease	LDLR -[Activation]-> PCSK9 -[Inhibition]-> Coronary Disease	27280970	0																																		
LDLR	D331E	LDLR_HUMAN	CHAIN;DOMAIN	Low-density lipoprotein receptor;EGF-like 1	Stroke	LDLR -[Activation]-> PCSK9 -[Inhibition]-> Stroke	27280970	0																																		
LDLR	D331E	LDLR_HUMAN	CHAIN;DOMAIN	Low-density lipoprotein receptor;EGF-like 1	coreceptor activity	LDLR -[Activation]-> PCSK9 -[Complex]-> coreceptor activity	27280970	0																																		
LDLR	D331E	LDLR_HUMAN	CHAIN;DOMAIN	Low-density lipoprotein receptor;EGF-like 1	endocytosis	LDLR -[Activation]-> endocytosis	27280970	0																																		
LDLR	H306Y	LDLR_HUMAN	CHAIN;DOMAIN	Low-density lipoprotein receptor;LDL-receptor class A 7	Autosomal dominant inheritance	LDLR -[Activation]-> PCSK9 -[Complex]-> Autosomal dominant inheritance	24296664	0																																		
LDLR	H306Y	LDLR_HUMAN	CHAIN;DOMAIN	Low-density lipoprotein receptor;LDL-receptor class A 7	endocytosis	LDLR -[Activation]-> endocytosis	24296664	0																																		
LDLR	M391T	LDLR_HUMAN	CHAIN;DOMAIN	Low-density lipoprotein receptor;EGF-like 2; calcium-binding	transport	LDLR -[Activation]-> transport	20599862	0																																		
