variant_protein	variant_info	DomainProteinID	DomainFeature	DomainNote	biological_process/disease	chain	pmid	clinvar_match	#AlleleID	Type	Name	RS# (dbSNP)	disease_1	significance_1	star_1	disease_2	significance_2	star_2	disease_3	significance_3	star_3	disease_4	significance_4	star_4	disease_5	significance_5	star_5	disease_6	significance_6	star_6	disease_7	significance_7	star_7	disease_8	significance_8	star_8	disease_9	significance_9	star_9	disease_10	significance_10	star_10
LIPG	S149A	LIPG_HUMAN	CHAIN	Endothelial lipase	Neoplasm Invasiveness	LIPG -[Activation]-> lipase -[Activation]-> Neoplasm Invasiveness	29350614	0																																		
LIPG	S149A	LIPG_HUMAN	CHAIN	Endothelial lipase	Neoplasm Metastasis	LIPG -[Activation]-> Neoplasm Metastasis	29350614	0																																		
LIPG	S149A	LIPG_HUMAN	CHAIN	Endothelial lipase	cell growth	LIPG -[Inhibition]-> cell growth	29350614	0																																		
LIPG	S149A	LIPG_HUMAN	CHAIN	Endothelial lipase	cell population proliferation	LIPG -[Activation]-> lipase -[Activation]-> cell population proliferation	29350614	0																																		
LIPG	S149A	LIPG_HUMAN	CHAIN	Endothelial lipase	epithelial to mesenchymal transition	LIPG -[IncreaseAmount]-> epithelial to mesenchymal transition	29350614	0																																		
