variant_protein	variant_info	DomainProteinID	DomainFeature	DomainNote	biological_process/disease	chain	pmid	clinvar_match	#AlleleID	Type	Name	RS# (dbSNP)	disease_1	significance_1	star_1	disease_2	significance_2	star_2	disease_3	significance_3	star_3	disease_4	significance_4	star_4	disease_5	significance_5	star_5	disease_6	significance_6	star_6	disease_7	significance_7	star_7	disease_8	significance_8	star_8	disease_9	significance_9	star_9	disease_10	significance_10	star_10
LMNA	D192G	LMNA_HUMAN	CHAIN;CHAIN;DOMAIN;REGION	Prelamin-A/C;Lamin-A/C;IF rod;Coil 1B	cell adhesion	LMNA -[Inhibition]-> cell adhesion	26323789	1	77808	single nucleotide variant	NM_170707.4(LMNA):c.575A>G (p.Asp192Gly)	57045855	not provided	Uncertain significance	1.0	Charcot-Marie-Tooth disease type 2																										
LMNA	D300N	LMNA_HUMAN	CHAIN;CHAIN;DOMAIN;REGION;REGION	Prelamin-A/C;Lamin-A/C;IF rod;Coil 2;	Death	LMNA -[Activation]-> Death	30696354	1	77849	single nucleotide variant	NM_170707.4(LMNA):c.898G>A (p.Asp300Asn)	267607591	not provided	Pathogenic/Likely pathogenic	2.0	Lipodystrophy			Charcot-Marie-Tooth disease type 2			Dilated cardiomyopathy 1A																				
LMNA	D300N	LMNA_HUMAN	CHAIN;CHAIN;DOMAIN;REGION;REGION	Prelamin-A/C;Lamin-A/C;IF rod;Coil 2;	apoptotic process	LMNA -[Activation]-> apoptotic process	30696354	1	77849	single nucleotide variant	NM_170707.4(LMNA):c.898G>A (p.Asp300Asn)	267607591	not provided	Pathogenic/Likely pathogenic	2.0	Lipodystrophy			Charcot-Marie-Tooth disease type 2			Dilated cardiomyopathy 1A																				
LMNA	D300N	LMNA_HUMAN	CHAIN;CHAIN;DOMAIN;REGION;REGION	Prelamin-A/C;Lamin-A/C;IF rod;Coil 2;	cell cycle	LMNA -[Activation]-> apoptotic process -[Inhibition]-> cell cycle	30696354	1	77849	single nucleotide variant	NM_170707.4(LMNA):c.898G>A (p.Asp300Asn)	267607591	not provided	Pathogenic/Likely pathogenic	2.0	Lipodystrophy			Charcot-Marie-Tooth disease type 2			Dilated cardiomyopathy 1A																				
LMNA	D300N	LMNA_HUMAN	CHAIN;CHAIN;DOMAIN;REGION;REGION	Prelamin-A/C;Lamin-A/C;IF rod;Coil 2;	cell population proliferation	LMNA -[Activation]-> cell population proliferation	30696354	1	77849	single nucleotide variant	NM_170707.4(LMNA):c.898G>A (p.Asp300Asn)	267607591	not provided	Pathogenic/Likely pathogenic	2.0	Lipodystrophy			Charcot-Marie-Tooth disease type 2			Dilated cardiomyopathy 1A																				
LMNA	E82K	LMNA_HUMAN	CHAIN;CHAIN;DOMAIN;REGION;REGION	Prelamin-A/C;Lamin-A/C;IF rod;Interaction with MLIP;Coil 1B	Cardiomyopathies	LMNA -[Activation]-> Cardiomyopathies	30319452	1	77779	single nucleotide variant	NM_170707.4(LMNA):c.244G>A (p.Glu82Lys)	59270054	not provided	Pathogenic	2.0	Primary dilated cardiomyopathy			Charcot-Marie-Tooth disease type 2																							
LMNA	E82K	LMNA_HUMAN	CHAIN;CHAIN;DOMAIN;REGION;REGION	Prelamin-A/C;Lamin-A/C;IF rod;Interaction with MLIP;Coil 1B	Muscular Dystrophies	LMNA -[Activation]-> Muscular Dystrophies	30319452	1	77779	single nucleotide variant	NM_170707.4(LMNA):c.244G>A (p.Glu82Lys)	59270054	not provided	Pathogenic	2.0	Primary dilated cardiomyopathy			Charcot-Marie-Tooth disease type 2																							
LMNA	E82K	LMNA_HUMAN	CHAIN;CHAIN;DOMAIN;REGION;REGION	Prelamin-A/C;Lamin-A/C;IF rod;Interaction with MLIP;Coil 1B	apoptotic process	LMNA -[Activation]-> apoptotic process	21151901	1	77779	single nucleotide variant	NM_170707.4(LMNA):c.244G>A (p.Glu82Lys)	59270054	not provided	Pathogenic	2.0	Primary dilated cardiomyopathy			Charcot-Marie-Tooth disease type 2																							
LMNA	E82K	LMNA_HUMAN	CHAIN;CHAIN;DOMAIN;REGION;REGION	Prelamin-A/C;Lamin-A/C;IF rod;Interaction with MLIP;Coil 1B	apoptotic process	LMNA -[Activation]-> apoptotic process	30319452	1	77779	single nucleotide variant	NM_170707.4(LMNA):c.244G>A (p.Glu82Lys)	59270054	not provided	Pathogenic	2.0	Primary dilated cardiomyopathy			Charcot-Marie-Tooth disease type 2																							
LMNA	E82K	LMNA_HUMAN	CHAIN;CHAIN;DOMAIN;REGION;REGION	Prelamin-A/C;Lamin-A/C;IF rod;Interaction with MLIP;Coil 1B	release of cytochrome c from mitochondria	LMNA -[Activation]-> release of cytochrome c from mitochondria	30319452	1	77779	single nucleotide variant	NM_170707.4(LMNA):c.244G>A (p.Glu82Lys)	59270054	not provided	Pathogenic	2.0	Primary dilated cardiomyopathy			Charcot-Marie-Tooth disease type 2																							
LMNA	G232E	LMNA_HUMAN	CHAIN;CHAIN;DOMAIN;REGION	Prelamin-A/C;Lamin-A/C;IF rod;Linker 2	cell differentiation	LMNA -[Inhibition]-> cell differentiation	32906763	1	77822	single nucleotide variant	NM_170707.4(LMNA):c.695G>A (p.Gly232Glu)	57207746	not provided	Pathogenic/Likely pathogenic	2.0	Emery-Dreifuss muscular dystrophy 2, autosomal dominant			Charcot-Marie-Tooth disease type 2																							
LMNA	G232E	LMNA_HUMAN	CHAIN;CHAIN;DOMAIN;REGION	Prelamin-A/C;Lamin-A/C;IF rod;Linker 2	generation of precursor metabolites and energy	LMNA -[Inhibition]-> generation of precursor metabolites and energy	32906763	1	77822	single nucleotide variant	NM_170707.4(LMNA):c.695G>A (p.Gly232Glu)	57207746	not provided	Pathogenic/Likely pathogenic	2.0	Emery-Dreifuss muscular dystrophy 2, autosomal dominant			Charcot-Marie-Tooth disease type 2																							
LMNA	G609G	LMNA_HUMAN	CHAIN;CHAIN;REGION;REGION	Prelamin-A/C;Lamin-A/C;Tail;Disordered	DNA repair	LMNA -[Inhibition]-> DNA repair	30157432	0																																		
LMNA	G609G	LMNA_HUMAN	CHAIN;CHAIN;REGION;REGION	Prelamin-A/C;Lamin-A/C;Tail;Disordered	Genomic Instability	LMNA -[Activation]-> Genomic Instability	29703891	0																																		
LMNA	G609G	LMNA_HUMAN	CHAIN;CHAIN;REGION;REGION	Prelamin-A/C;Lamin-A/C;Tail;Disordered	apoptotic process	LMNA -[Inhibition]-> apoptotic process	30157432	0																																		
LMNA	G609G	LMNA_HUMAN	CHAIN;CHAIN;REGION;REGION	Prelamin-A/C;Lamin-A/C;Tail;Disordered	metabolic process	LMNA -[Inhibition]-> metabolic process	30157432	0																																		
LMNA	H222P	LMNA_HUMAN	CHAIN;CHAIN;DOMAIN;REGION	Prelamin-A/C;Lamin-A/C;IF rod;Linker 2	Cardiomyopathies	LMNA -[Activation]-> Cardiomyopathies	34408666	1	77820	single nucleotide variant	NM_170707.4(LMNA):c.665A>C (p.His222Pro)	58034145	not provided	not provided	0.0																											
LMNA	H222P	LMNA_HUMAN	CHAIN;CHAIN;DOMAIN;REGION	Prelamin-A/C;Lamin-A/C;IF rod;Linker 2	Cell Survival	LMNA -[Inhibition]-> Cell Survival	31844279	1	77820	single nucleotide variant	NM_170707.4(LMNA):c.665A>C (p.His222Pro)	58034145	not provided	not provided	0.0																											
LMNA	H222P	LMNA_HUMAN	CHAIN;CHAIN;DOMAIN;REGION	Prelamin-A/C;Lamin-A/C;IF rod;Linker 2	DNA Damage	LMNA -[Activation]-> DNA Damage	31844279	1	77820	single nucleotide variant	NM_170707.4(LMNA):c.665A>C (p.His222Pro)	58034145	not provided	not provided	0.0																											
LMNA	H222P	LMNA_HUMAN	CHAIN;CHAIN;DOMAIN;REGION	Prelamin-A/C;Lamin-A/C;IF rod;Linker 2	Death	LMNA -[Activation]-> Death	23362510	1	77820	single nucleotide variant	NM_170707.4(LMNA):c.665A>C (p.His222Pro)	58034145	not provided	not provided	0.0																											
LMNA	H222P	LMNA_HUMAN	CHAIN;CHAIN;DOMAIN;REGION	Prelamin-A/C;Lamin-A/C;IF rod;Linker 2	Disease	LMNA -[Activation]-> Disease	31844279	1	77820	single nucleotide variant	NM_170707.4(LMNA):c.665A>C (p.His222Pro)	58034145	not provided	not provided	0.0																											
LMNA	H222P	LMNA_HUMAN	CHAIN;CHAIN;DOMAIN;REGION	Prelamin-A/C;Lamin-A/C;IF rod;Linker 2	Muscle Weakness	LMNA -[Activation]-> Muscle Weakness	31844279	1	77820	single nucleotide variant	NM_170707.4(LMNA):c.665A>C (p.His222Pro)	58034145	not provided	not provided	0.0																											
LMNA	H222P	LMNA_HUMAN	CHAIN;CHAIN;DOMAIN;REGION	Prelamin-A/C;Lamin-A/C;IF rod;Linker 2	Muscular Dystrophies	LMNA -[Activation]-> Muscular Dystrophies	31844279	1	77820	single nucleotide variant	NM_170707.4(LMNA):c.665A>C (p.His222Pro)	58034145	not provided	not provided	0.0																											
LMNA	H222P	LMNA_HUMAN	CHAIN;CHAIN;DOMAIN;REGION	Prelamin-A/C;Lamin-A/C;IF rod;Linker 2	Muscular Dystrophy, Emery-Dreifuss	LMNA -[Activation]-> Muscular Dystrophy, Emery-Dreifuss	31844279	1	77820	single nucleotide variant	NM_170707.4(LMNA):c.665A>C (p.His222Pro)	58034145	not provided	not provided	0.0																											
LMNA	H222P	LMNA_HUMAN	CHAIN;CHAIN;DOMAIN;REGION	Prelamin-A/C;Lamin-A/C;IF rod;Linker 2	Rupture	LMNA -[Activation]-> Rupture	31844279	1	77820	single nucleotide variant	NM_170707.4(LMNA):c.665A>C (p.His222Pro)	58034145	not provided	not provided	0.0																											
LMNA	H222P	LMNA_HUMAN	CHAIN;CHAIN;DOMAIN;REGION	Prelamin-A/C;Lamin-A/C;IF rod;Linker 2	apoptotic process	LMNA -[Inhibition]-> apoptotic process	23362510	1	77820	single nucleotide variant	NM_170707.4(LMNA):c.665A>C (p.His222Pro)	58034145	not provided	not provided	0.0																											
LMNA	H222P	LMNA_HUMAN	CHAIN;CHAIN;DOMAIN;REGION	Prelamin-A/C;Lamin-A/C;IF rod;Linker 2	cell death	LMNA -[Activation]-> nuclear envelope -[Activation]-> cell death	31844279	1	77820	single nucleotide variant	NM_170707.4(LMNA):c.665A>C (p.His222Pro)	58034145	not provided	not provided	0.0																											
LMNA	H222P	LMNA_HUMAN	CHAIN;CHAIN;DOMAIN;REGION	Prelamin-A/C;Lamin-A/C;IF rod;Linker 2	cellular senescence	LMNA -[Activation]-> cellular senescence	23362510	1	77820	single nucleotide variant	NM_170707.4(LMNA):c.665A>C (p.His222Pro)	58034145	not provided	not provided	0.0																											
LMNA	H222P	LMNA_HUMAN	CHAIN;CHAIN;DOMAIN;REGION	Prelamin-A/C;Lamin-A/C;IF rod;Linker 2	localization	LMNA -[Activation]-> localization	31844279	1	77820	single nucleotide variant	NM_170707.4(LMNA):c.665A>C (p.His222Pro)	58034145	not provided	not provided	0.0																											
LMNA	H506P	LMNA_HUMAN	CHAIN;CHAIN;DOMAIN;REGION	Prelamin-A/C;Lamin-A/C;LTD;Tail	localization	LMNA -[Inhibition]-> localization	30326651	1	238151	single nucleotide variant	NM_170707.4(LMNA):c.1517A>C (p.His506Pro)	878855233	Charcot-Marie-Tooth disease type 2	Uncertain significance	2.0	Hypertrophic cardiomyopathy			not provided			Lipoatrophy with Diabetes, Hepatic Steatosis, Hypertrophic Cardiomyopathy, and Leukomelanodermic Papules			Emery-Dreifuss muscular dystrophy 2, autosomal dominant			Charcot-Marie-Tooth disease type 2B1			Lethal tight skin contracture syndrome			Congenital muscular dystrophy due to LMNA mutation			Emery-Dreifuss muscular dystrophy			Cardiomyopathy		
LMNA	K219T	LMNA_HUMAN	CHAIN;CHAIN;DOMAIN;REGION	Prelamin-A/C;Lamin-A/C;IF rod;Linker 2	Cardiomyopathies	LMNA -[Activation]-> Cardiomyopathies	34408666	1	77819	single nucleotide variant	NM_170707.4(LMNA):c.656A>C (p.Lys219Thr)	267607584	not provided	Likely pathogenic	2.0	Charcot-Marie-Tooth disease type 2																										
LMNA	K542N	LMNA_HUMAN	CHAIN;CHAIN;DOMAIN;REGION	Prelamin-A/C;Lamin-A/C;LTD;Tail	cellular senescence	LMNA -[Activation]-> cellular senescence	21738662	1	29548	single nucleotide variant	NM_170707.4(LMNA):c.1626G>C (p.Lys542Asn)	56673169	Mandibuloacral dysplasia with type A lipodystrophy	Pathogenic	0.0	not provided																										
LMNA	K542N	LMNA_HUMAN	CHAIN;CHAIN;DOMAIN;REGION	Prelamin-A/C;Lamin-A/C;LTD;Tail	homeostatic process	LMNA -[Inhibition]-> INS -[Activation]-> homeostatic process	21738662	1	29548	single nucleotide variant	NM_170707.4(LMNA):c.1626G>C (p.Lys542Asn)	56673169	Mandibuloacral dysplasia with type A lipodystrophy	Pathogenic	0.0	not provided																										
LMNA	L530P	LMNA_HUMAN	CHAIN;CHAIN;DOMAIN;REGION	Prelamin-A/C;Lamin-A/C;LTD;Tail	DNA Damage	LMNA -[Activation]-> prelamin A -[Inhibition]-> DNA Damage	28125396	1	29521	single nucleotide variant	NM_170707.4(LMNA):c.1589T>C (p.Leu530Pro)	60934003	Emery-Dreifuss muscular dystrophy 2, autosomal dominant	Pathogenic	0.0	not provided																										
LMNA	M371K	LMNA_HUMAN	CHAIN;CHAIN;DOMAIN;REGION	Prelamin-A/C;Lamin-A/C;IF rod;Coil 2	DNA Damage	LMNA -[Activation]-> prelamin A -[Inhibition]-> DNA Damage	28125396	1	77673	single nucleotide variant	NM_170707.4(LMNA):c.1112T>A (p.Met371Lys)	59653062	not provided	not provided	0.0																											
LMNA	N195K	LMNA_HUMAN	CHAIN;CHAIN;DOMAIN;REGION	Prelamin-A/C;Lamin-A/C;IF rod;Coil 1B	DNA Damage	LMNA -[Activation]-> prelamin A -[Inhibition]-> DNA Damage	28125396	1	29522	single nucleotide variant	NM_170707.4(LMNA):c.585C>G (p.Asn195Lys)	28933091	Dilated cardiomyopathy 1A	Pathogenic	2.0	not provided	not provided	0.0	Primary dilated cardiomyopathy			Charcot-Marie-Tooth disease type 2																				
LMNA	R133L	LMNA_HUMAN	CHAIN;CHAIN;DOMAIN;REGION	Prelamin-A/C;Lamin-A/C;IF rod;Coil 1B	Progeria	LMNA -[Activation]-> Progeria	36583724	1	29527	single nucleotide variant	NM_170707.4(LMNA):c.398G>T (p.Arg133Leu)	60864230	Familial partial lipodystrophy, Dunnigan type	Pathogenic	1.0	Hutchinson-Gilford progeria syndrome, childhood-onset			not provided			Charcot-Marie-Tooth disease type 2																				
LMNA	R133L	LMNA_HUMAN	CHAIN;CHAIN;DOMAIN;REGION	Prelamin-A/C;Lamin-A/C;IF rod;Coil 1B	Syndrome	LMNA -[Activation]-> Syndrome	36583724	1	29527	single nucleotide variant	NM_170707.4(LMNA):c.398G>T (p.Arg133Leu)	60864230	Familial partial lipodystrophy, Dunnigan type	Pathogenic	1.0	Hutchinson-Gilford progeria syndrome, childhood-onset			not provided			Charcot-Marie-Tooth disease type 2																				
LMNA	R190Q	LMNA_HUMAN	CHAIN;CHAIN;DOMAIN;REGION	Prelamin-A/C;Lamin-A/C;IF rod;Coil 1B	localization	LMNA -[Inhibition]-> localization	30326651	1	77807	single nucleotide variant	NM_170707.4(LMNA):c.569G>A (p.Arg190Gln)	267607571	not provided	Pathogenic/Likely pathogenic	2.0	Cardiovascular phenotype			Charcot-Marie-Tooth disease type 2			Cardiomyopathy			Primary dilated cardiomyopathy			Dilated cardiomyopathy 1A														
LMNA	R249Q	LMNA_HUMAN	CHAIN;CHAIN;DOMAIN;REGION	Prelamin-A/C;Lamin-A/C;IF rod;Coil 2	localization	LMNA -[Inhibition]-> localization	30326651	1	77828	single nucleotide variant	NM_170707.4(LMNA):c.746G>A (p.Arg249Gln)	59332535	not provided	Pathogenic/Likely pathogenic	2.0	Emery-Dreifuss muscular dystrophy 2, autosomal dominant			Dilated cardiomyopathy 1A			Muscular dystrophy			Charcot-Marie-Tooth disease type 2			Charcot-Marie-Tooth disease type 2B1			Abnormality of the musculature			Cardiomyopathy			11 conditions			Congenital muscular dystrophy		
LMNA	R249W	LMNA_HUMAN	CHAIN;CHAIN;DOMAIN;REGION	Prelamin-A/C;Lamin-A/C;IF rod;Coil 2	DNA Damage	LMNA -[Activation]-> DNA Damage	32455813	1	29563	single nucleotide variant	NM_170707.4(LMNA):c.745C>T (p.Arg249Trp)	121912496	Congenital muscular dystrophy due to LMNA mutation	Pathogenic/Likely pathogenic	2.0	not provided	Pathogenic	1.0	Charcot-Marie-Tooth disease type 2			LMNA-related disorder																				
LMNA	R249W	LMNA_HUMAN	CHAIN;CHAIN;DOMAIN;REGION	Prelamin-A/C;Lamin-A/C;IF rod;Coil 2	cell differentiation	LMNA -[Activation]-> cell differentiation	32455813	1	29563	single nucleotide variant	NM_170707.4(LMNA):c.745C>T (p.Arg249Trp)	121912496	Congenital muscular dystrophy due to LMNA mutation	Pathogenic/Likely pathogenic	2.0	not provided	Pathogenic	1.0	Charcot-Marie-Tooth disease type 2			LMNA-related disorder																				
LMNA	R453W	LMNA_HUMAN	CHAIN;CHAIN;DOMAIN;REGION	Prelamin-A/C;Lamin-A/C;LTD;Tail	cell differentiation	LMNA -[Inhibition]-> cell differentiation	28751304	1	29517	single nucleotide variant	NM_170707.4(LMNA):c.1357C>T (p.Arg453Trp)	58932704	Emery-Dreifuss muscular dystrophy 2, autosomal dominant	Pathogenic/Likely pathogenic	2.0	not provided			Charcot-Marie-Tooth disease type 2			Dilated cardiomyopathy 1A			Abnormality of the musculature			Congenital muscular dystrophy due to LMNA mutation			Muscular dystrophy			Cardiovascular phenotype								
LMNA	R453W	LMNA_HUMAN	CHAIN;CHAIN;DOMAIN;REGION	Prelamin-A/C;Lamin-A/C;LTD;Tail	translation	LMNA -[IncreaseAmount]-> miR-335 -[Activation]-> translation	28751304	1	29517	single nucleotide variant	NM_170707.4(LMNA):c.1357C>T (p.Arg453Trp)	58932704	Emery-Dreifuss muscular dystrophy 2, autosomal dominant	Pathogenic/Likely pathogenic	2.0	not provided			Charcot-Marie-Tooth disease type 2			Dilated cardiomyopathy 1A			Abnormality of the musculature			Congenital muscular dystrophy due to LMNA mutation			Muscular dystrophy			Cardiovascular phenotype								
LMNA	R482L	LMNA_HUMAN	CHAIN;CHAIN;DOMAIN;REGION	Prelamin-A/C;Lamin-A/C;LTD;Tail	cell differentiation	LMNA -[Activation]-> cell differentiation	29040816	1	29529	single nucleotide variant	NM_170707.4(LMNA):c.1445G>T (p.Arg482Leu)	11575937	Familial partial lipodystrophy, Dunnigan type	Uncertain significance	1.0	not provided			Hutchinson-Gilford syndrome			Charcot-Marie-Tooth disease type 2B1			Emery-Dreifuss muscular dystrophy			Lethal tight skin contracture syndrome			Dilated cardiomyopathy 1A			Lipoatrophy with Diabetes, Hepatic Steatosis, Hypertrophic Cardiomyopathy, and Leukomelanodermic Papules			Congenital muscular dystrophy due to LMNA mutation			Mandibuloacral dysplasia with type A lipodystrophy		
LMNA	R482L	LMNA_HUMAN	CHAIN;CHAIN;DOMAIN;REGION	Prelamin-A/C;Lamin-A/C;LTD;Tail	cell differentiation	LMNA -[Inhibition]-> cell differentiation	32906763	1	29529	single nucleotide variant	NM_170707.4(LMNA):c.1445G>T (p.Arg482Leu)	11575937	Familial partial lipodystrophy, Dunnigan type	Uncertain significance	1.0	not provided			Hutchinson-Gilford syndrome			Charcot-Marie-Tooth disease type 2B1			Emery-Dreifuss muscular dystrophy			Lethal tight skin contracture syndrome			Dilated cardiomyopathy 1A			Lipoatrophy with Diabetes, Hepatic Steatosis, Hypertrophic Cardiomyopathy, and Leukomelanodermic Papules			Congenital muscular dystrophy due to LMNA mutation			Mandibuloacral dysplasia with type A lipodystrophy		
LMNA	R482L	LMNA_HUMAN	CHAIN;CHAIN;DOMAIN;REGION	Prelamin-A/C;Lamin-A/C;LTD;Tail	generation of precursor metabolites and energy	LMNA -[Inhibition]-> generation of precursor metabolites and energy	32906763	1	29529	single nucleotide variant	NM_170707.4(LMNA):c.1445G>T (p.Arg482Leu)	11575937	Familial partial lipodystrophy, Dunnigan type	Uncertain significance	1.0	not provided			Hutchinson-Gilford syndrome			Charcot-Marie-Tooth disease type 2B1			Emery-Dreifuss muscular dystrophy			Lethal tight skin contracture syndrome			Dilated cardiomyopathy 1A			Lipoatrophy with Diabetes, Hepatic Steatosis, Hypertrophic Cardiomyopathy, and Leukomelanodermic Papules			Congenital muscular dystrophy due to LMNA mutation			Mandibuloacral dysplasia with type A lipodystrophy		
LMNA	R482W	LMNA_HUMAN	CHAIN;CHAIN;DOMAIN;REGION	Prelamin-A/C;Lamin-A/C;LTD;Tail	cell differentiation	LMNA -[Inhibition]-> cell differentiation	28751304	1	29528	single nucleotide variant	NM_170707.4(LMNA):c.1444C>T (p.Arg482Trp)	57920071	Familial partial lipodystrophy, Dunnigan type	Pathogenic/Likely pathogenic	2.0	not provided			Charcot-Marie-Tooth disease			Familial partial lipodystrophy			Charcot-Marie-Tooth disease type 2			11 conditions			Cardiovascular phenotype			LMNA-related disorder								
LMNA	R482W	LMNA_HUMAN	CHAIN;CHAIN;DOMAIN;REGION	Prelamin-A/C;Lamin-A/C;LTD;Tail	translation	LMNA -[IncreaseAmount]-> miR-335 -[Activation]-> translation	28751304	1	29528	single nucleotide variant	NM_170707.4(LMNA):c.1444C>T (p.Arg482Trp)	57920071	Familial partial lipodystrophy, Dunnigan type	Pathogenic/Likely pathogenic	2.0	not provided			Charcot-Marie-Tooth disease			Familial partial lipodystrophy			Charcot-Marie-Tooth disease type 2			11 conditions			Cardiovascular phenotype			LMNA-related disorder								
LMNA	R527C	LMNA_HUMAN	CHAIN;CHAIN;DOMAIN;REGION	Prelamin-A/C;Lamin-A/C;LTD;Tail	cell differentiation	LMNA -[Activation]-> cell differentiation	30901896	1	29526	single nucleotide variant	NM_170707.4(LMNA):c.1579C>T (p.Arg527Cys)	57318642	Mandibuloacral dysplasia with type A lipodystrophy	Conflicting classifications of pathogenicity	0.0	not provided			Hutchinson-Gilford syndrome			Cardiomyopathy			Charcot-Marie-Tooth disease type 2			Congenital muscular dystrophy due to LMNA mutation			Dilated cardiomyopathy 1A			Primary dilated cardiomyopathy								
LMNA	R89L	LMNA_HUMAN	CHAIN;CHAIN;DOMAIN;REGION;REGION	Prelamin-A/C;Lamin-A/C;IF rod;Interaction with MLIP;Coil 1B	DNA Damage	LMNA -[Activation]-> prelamin A -[Inhibition]-> DNA Damage	28125396	1	77781	single nucleotide variant	NM_170707.4(LMNA):c.266G>T (p.Arg89Leu)	59040894	not provided	Pathogenic/Likely pathogenic	2.0	Charcot-Marie-Tooth disease type 2			Cardiovascular phenotype																							
LMNA	R89L	LMNA_HUMAN	CHAIN;CHAIN;DOMAIN;REGION;REGION	Prelamin-A/C;Lamin-A/C;IF rod;Interaction with MLIP;Coil 1B	Lipodystrophy	LMNA -[Activation]-> Lipodystrophy	31622279	1	77781	single nucleotide variant	NM_170707.4(LMNA):c.266G>T (p.Arg89Leu)	59040894	not provided	Pathogenic/Likely pathogenic	2.0	Charcot-Marie-Tooth disease type 2			Cardiovascular phenotype																							
