variant_protein	variant_info	DomainProteinID	DomainFeature	DomainNote	biological_process/disease	chain	pmid	clinvar_match	#AlleleID	Type	Name	RS# (dbSNP)	disease_1	significance_1	star_1	disease_2	significance_2	star_2	disease_3	significance_3	star_3	disease_4	significance_4	star_4	disease_5	significance_5	star_5	disease_6	significance_6	star_6	disease_7	significance_7	star_7	disease_8	significance_8	star_8	disease_9	significance_9	star_9	disease_10	significance_10	star_10
LOX	G473A				Neoplasms	LOX -[Inhibition]-> Neoplasms	27367711	0																																		
LOX	G473A				cell population proliferation	LOX -[Activation]-> cell population proliferation	34695437	0																																		
LOX	G473A				cell population proliferation	LOX -[DecreaseAmount]-> FGF2 -[Inhibition]-> cell population proliferation	27367711	0																																		
LOX	G473A				epithelial to mesenchymal transition	LOX -[Activation]-> epithelial to mesenchymal transition	27367711	0																																		
LOX	R158Q	LYOX_HUMAN	REGION	Disordered	Oral Submucous Fibrosis	LOX -[Activation]-> Oral Submucous Fibrosis	18764858	1	29402	single nucleotide variant	NM_002317.7(LOX):c.473G>A (p.Arg158Gln)	1800449	LOX POLYMORPHISM	Benign	2.0	not provided			not specified			Familial thoracic aortic aneurysm and aortic dissection			Cardiovascular phenotype																	
