variant_protein	variant_info	DomainProteinID	DomainFeature	DomainNote	biological_process/disease	chain	pmid	clinvar_match	#AlleleID	Type	Name	RS# (dbSNP)	disease_1	significance_1	star_1	disease_2	significance_2	star_2	disease_3	significance_3	star_3	disease_4	significance_4	star_4	disease_5	significance_5	star_5	disease_6	significance_6	star_6	disease_7	significance_7	star_7	disease_8	significance_8	star_8	disease_9	significance_9	star_9	disease_10	significance_10	star_10
LPAR2	C311A	LPAR2_HUMAN	CHAIN	Lysophosphatidic acid receptor 2	Neoplasm Invasiveness	LPAR2 -[Activation]-> Neoplasm Invasiveness	27134758	0																																		
LPAR2	C311A	LPAR2_HUMAN	CHAIN	Lysophosphatidic acid receptor 2	cell migration	LPAR2 -[Activation]-> cell migration	27134758	0																																		
LPAR2	C311A	LPAR2_HUMAN	CHAIN	Lysophosphatidic acid receptor 2	cell population proliferation	LPAR2 -[Complex]-> NFkappaB -[Activation]-> cell population proliferation	27134758	0																																		
LPAR2	C311A	LPAR2_HUMAN	CHAIN	Lysophosphatidic acid receptor 2	inflammatory response	LPAR2 -[Activation]-> inflammatory response	27134758	0																																		
LPAR2	C314A	LPAR2_HUMAN	CHAIN	Lysophosphatidic acid receptor 2	Neoplasm Invasiveness	LPAR2 -[Activation]-> Neoplasm Invasiveness	27134758	0																																		
LPAR2	C314A	LPAR2_HUMAN	CHAIN	Lysophosphatidic acid receptor 2	cell migration	LPAR2 -[Activation]-> cell migration	27134758	0																																		
LPAR2	C314A	LPAR2_HUMAN	CHAIN	Lysophosphatidic acid receptor 2	cell population proliferation	LPAR2 -[Complex]-> NFkappaB -[Activation]-> cell population proliferation	27134758	0																																		
LPAR2	C314A	LPAR2_HUMAN	CHAIN	Lysophosphatidic acid receptor 2	inflammatory response	LPAR2 -[Activation]-> inflammatory response	27134758	0																																		
