variant_protein	variant_info	DomainProteinID	DomainFeature	DomainNote	biological_process/disease	chain	pmid	clinvar_match	#AlleleID	Type	Name	RS# (dbSNP)	disease_1	significance_1	star_1	disease_2	significance_2	star_2	disease_3	significance_3	star_3	disease_4	significance_4	star_4	disease_5	significance_5	star_5	disease_6	significance_6	star_6	disease_7	significance_7	star_7	disease_8	significance_8	star_8	disease_9	significance_9	star_9	disease_10	significance_10	star_10
MAFA	S14A	MAFA_HUMAN	CHAIN	Transcription factor MafA	cell differentiation	MAFA -[Activation]-> cell differentiation	11416124	0																																		
MAFA	S64F	MAFA_HUMAN	CHAIN;REGION;COMPBIAS	Transcription factor MafA;Disordered;Low complexity	Aging, Premature	MAFA -[Activation]-> Aging, Premature	34644565	1	488127	single nucleotide variant	NM_201589.4(MAFA):c.191C>T (p.Ser64Phe)	1554635488	Islet cell adenomatosis	Likely pathogenic	1.0																											
MAFA	S64F	MAFA_HUMAN	CHAIN;REGION;COMPBIAS	Transcription factor MafA;Disordered;Low complexity	cellular senescence	MAFA -[Activation]-> cellular senescence	34644565	1	488127	single nucleotide variant	NM_201589.4(MAFA):c.191C>T (p.Ser64Phe)	1554635488	Islet cell adenomatosis	Likely pathogenic	1.0																											
MAFA	S65A	MAFA_HUMAN	CHAIN;REGION;COMPBIAS	Transcription factor MafA;Disordered;Low complexity	cell differentiation	MAFA -[Activation]-> cell differentiation	11416124	0																																		
