variant_protein	variant_info	DomainProteinID	DomainFeature	DomainNote	biological_process/disease	chain	pmid	clinvar_match	#AlleleID	Type	Name	RS# (dbSNP)	disease_1	significance_1	star_1	disease_2	significance_2	star_2	disease_3	significance_3	star_3	disease_4	significance_4	star_4	disease_5	significance_5	star_5	disease_6	significance_6	star_6	disease_7	significance_7	star_7	disease_8	significance_8	star_8	disease_9	significance_9	star_9	disease_10	significance_10	star_10
MAP2K6	K82A	MP2K6_HUMAN	CHAIN;DOMAIN	;Protein kinase	apoptotic process	MAP2K6 -[Activation]-> p38 -[Activation]-> apoptotic process	9314533	0																																		
MAP2K6	K82A	MP2K6_HUMAN	CHAIN;DOMAIN	;Protein kinase	cell growth	MAP2K6 -[Activation]-> p38 -[Activation]-> cell growth	9314533	0																																		
MAP2K6	K82A	MP2K6_HUMAN	CHAIN;DOMAIN	;Protein kinase	transcription, DNA-templated	MAP2K6 -[Activation]-> transcription, DNA-templated	9314533	0																																		
MAP2K6	S207E	MP2K6_HUMAN	CHAIN;DOMAIN	;Protein kinase	Neoplasms	MAP2K6 -[Activation]-> p38 -[Inhibition]-> TP73 -[Inhibition]-> Neoplasms	23717592	0																																		
MAP2K6	T211E	MP2K6_HUMAN	CHAIN;DOMAIN	;Protein kinase	Neoplasms	MAP2K6 -[Activation]-> p38 -[Inhibition]-> TP73 -[Inhibition]-> Neoplasms	23717592	0																																		
