variant_protein	variant_info	DomainProteinID	DomainFeature	DomainNote	biological_process/disease	chain	pmid	clinvar_match	#AlleleID	Type	Name	RS# (dbSNP)	disease_1	significance_1	star_1	disease_2	significance_2	star_2	disease_3	significance_3	star_3	disease_4	significance_4	star_4	disease_5	significance_5	star_5	disease_6	significance_6	star_6	disease_7	significance_7	star_7	disease_8	significance_8	star_8	disease_9	significance_9	star_9	disease_10	significance_10	star_10
MAP2K7	K149M	MP2K7_HUMAN	CHAIN;DOMAIN	;Protein kinase	Cell Survival	MAP2K7 -[Activation]-> JNK -[Activation]-> Cell Survival	14967141	0																																		
MAP2K7	K149M	MP2K7_HUMAN	CHAIN;DOMAIN	;Protein kinase	apoptotic process	MAP2K7 -[Inhibition]-> apoptotic process	14967141	0																																		
MAP2K7	K18R	MP2K7_HUMAN	CHAIN;REGION;COILED;COMPBIAS	;Disordered;;Basic and acidic residues	cytokine production	MAP2K7 -[Activation]-> lipopolysaccharide -[Activation]-> cytokine production	29352108	0																																		
MAP2K7	K18R	MP2K7_HUMAN	CHAIN;REGION;COILED;COMPBIAS	;Disordered;;Basic and acidic residues	inflammatory response	MAP2K7 -[Activation]-> lipopolysaccharide -[Activation]-> inflammatory response	29352108	0																																		
MAP2K7	K18R	MP2K7_HUMAN	CHAIN;REGION;COILED;COMPBIAS	;Disordered;;Basic and acidic residues	transcription, DNA-templated	MAP2K7 -[Activation]-> lipopolysaccharide -[Activation]-> NFkappaB -[Activation]-> transcription, DNA-templated	29352108	0																																		
