variant_protein	variant_info	DomainProteinID	DomainFeature	DomainNote	biological_process/disease	chain	pmid	clinvar_match	#AlleleID	Type	Name	RS# (dbSNP)	disease_1	significance_1	star_1	disease_2	significance_2	star_2	disease_3	significance_3	star_3	disease_4	significance_4	star_4	disease_5	significance_5	star_5	disease_6	significance_6	star_6	disease_7	significance_7	star_7	disease_8	significance_8	star_8	disease_9	significance_9	star_9	disease_10	significance_10	star_10
MAP3K7	K63W	M3K7_HUMAN	CHAIN;DOMAIN;REGION	Mitogen-activated protein kinase kinase kinase 7;Protein kinase;Interaction with MAPK8IP1	cell death	MAP3K7 -[Inhibition]-> cell death	26353931	0																																		
MAP3K7	K63W	M3K7_HUMAN	CHAIN;DOMAIN;REGION	Mitogen-activated protein kinase kinase kinase 7;Protein kinase;Interaction with MAPK8IP1	cell differentiation	MAP3K7 -[Activation]-> cell differentiation	26353931	0																																		
MAP3K7	K63W	M3K7_HUMAN	CHAIN;DOMAIN;REGION	Mitogen-activated protein kinase kinase kinase 7;Protein kinase;Interaction with MAPK8IP1	cell differentiation	MAP3K7 -[Inhibition]-> IL1B -[Activation]-> TRAF6 -[Inhibition]-> cell differentiation	22427868	0																																		
MAP3K7	K63W	M3K7_HUMAN	CHAIN;DOMAIN;REGION	Mitogen-activated protein kinase kinase kinase 7;Protein kinase;Interaction with MAPK8IP1	cell population proliferation	MAP3K7 -[Activation]-> cell population proliferation	26353931	0																																		
MAP3K7	K63W	M3K7_HUMAN	CHAIN;DOMAIN;REGION	Mitogen-activated protein kinase kinase kinase 7;Protein kinase;Interaction with MAPK8IP1	inflammatory response	MAP3K7 -[Inhibition]-> IL1B -[Activation]-> inflammatory response	22427868	0																																		
MAP3K7	K63W	M3K7_HUMAN	CHAIN;DOMAIN;REGION	Mitogen-activated protein kinase kinase kinase 7;Protein kinase;Interaction with MAPK8IP1	signal transduction	MAP3K7 -[Activation]-> IL1 -[Activation]-> signal transduction	10882101	0																																		
MAP3K7	K63W	M3K7_HUMAN	CHAIN;DOMAIN;REGION	Mitogen-activated protein kinase kinase kinase 7;Protein kinase;Interaction with MAPK8IP1	signal transduction	MAP3K7 -[Activation]-> signal transduction	12859960	0																																		
MAP3K7	K63W	M3K7_HUMAN	CHAIN;DOMAIN;REGION	Mitogen-activated protein kinase kinase kinase 7;Protein kinase;Interaction with MAPK8IP1	transcription, DNA-templated	MAP3K7 -[Complex]-> gp41CD -[Activation]-> transcription, DNA-templated	22341466	0																																		
