variant_protein	variant_info	DomainProteinID	DomainFeature	DomainNote	biological_process/disease	chain	pmid	clinvar_match	#AlleleID	Type	Name	RS# (dbSNP)	disease_1	significance_1	star_1	disease_2	significance_2	star_2	disease_3	significance_3	star_3	disease_4	significance_4	star_4	disease_5	significance_5	star_5	disease_6	significance_6	star_6	disease_7	significance_7	star_7	disease_8	significance_8	star_8	disease_9	significance_9	star_9	disease_10	significance_10	star_10
MAPK3	C183A	MK03_HUMAN	CHAIN;DOMAIN	Mitogen-activated protein kinase 3;Protein kinase	Cell Survival	MAPK3 -[Activation]-> Cell Survival	29286066	0																																		
MAPK3	C183A	MK03_HUMAN	CHAIN;DOMAIN	Mitogen-activated protein kinase 3;Protein kinase	apoptotic process	MAPK3 -[Activation]-> apoptotic process	29286066	0																																		
MAPK3	C183A	MK03_HUMAN	CHAIN;DOMAIN	Mitogen-activated protein kinase 3;Protein kinase	developmental process	MAPK3 -[Phosphorylation]-> ERK -[Activation]-> developmental process	29286066	0																																		
MAPK3	G54A	MK03_HUMAN	CHAIN;DOMAIN	Mitogen-activated protein kinase 3;Protein kinase	Cell Survival	MAPK3 -[Inhibition]-> Cell Survival	25320010	0																																		
MAPK3	K302A	MK03_HUMAN	CHAIN;DOMAIN	Mitogen-activated protein kinase 3;Protein kinase	G1 phase	MAPK3 -[Inhibition]-> KMT5B -[Activation]-> G1 phase	26586479	0																																		
MAPK3	K302A	MK03_HUMAN	CHAIN;DOMAIN	Mitogen-activated protein kinase 3;Protein kinase	apoptotic process	MAPK3 -[Inhibition]-> KMT5B -[Activation]-> ERK -[Inhibition]-> apoptotic process	26586479	0																																		
MAPK3	K302A	MK03_HUMAN	CHAIN;DOMAIN	Mitogen-activated protein kinase 3;Protein kinase	cell growth	MAPK3 -[Inhibition]-> KMT5B -[Activation]-> cell growth	26586479	0																																		
MAPK3	K302A	MK03_HUMAN	CHAIN;DOMAIN	Mitogen-activated protein kinase 3;Protein kinase	cell population proliferation	MAPK3 -[Inhibition]-> KMT5B -[Activation]-> ERK -[Activation]-> cell population proliferation	26586479	0																																		
MAPK3	K302A	MK03_HUMAN	CHAIN;DOMAIN	Mitogen-activated protein kinase 3;Protein kinase	transcription, DNA-templated	MAPK3 -[Activation]-> transcription, DNA-templated	26586479	0																																		
