variant_protein	variant_info	DomainProteinID	DomainFeature	DomainNote	biological_process/disease	chain	pmid	clinvar_match	#AlleleID	Type	Name	RS# (dbSNP)	disease_1	significance_1	star_1	disease_2	significance_2	star_2	disease_3	significance_3	star_3	disease_4	significance_4	star_4	disease_5	significance_5	star_5	disease_6	significance_6	star_6	disease_7	significance_7	star_7	disease_8	significance_8	star_8	disease_9	significance_9	star_9	disease_10	significance_10	star_10
MCM3	S112A	MCM3_HUMAN	CHAIN	DNA replication licensing factor MCM3	cell cycle	MCM3 -[Inhibition]-> HIF1A -[Activation]-> cell cycle	21658608	0																																		
MCM3	S112A	MCM3_HUMAN	CHAIN	DNA replication licensing factor MCM3	cell population proliferation	MCM3 -[Inhibition]-> HIF1 -[Inhibition]-> cell population proliferation	21658608	0																																		
MCM3	S112A	MCM3_HUMAN	CHAIN	DNA replication licensing factor MCM3	transcription, DNA-templated	MCM3 -[Inhibition]-> HIF1A -[Complex]-> MCM -[Activation]-> transcription, DNA-templated	21658608	0																																		
MCM3	T722A	MCM3_HUMAN	CHAIN;REGION	DNA replication licensing factor MCM3;Disordered	DNA replication	MCM3 -[Inhibition]-> DNA replication	21965652	0																																		
