variant_protein	variant_info	DomainProteinID	DomainFeature	DomainNote	biological_process/disease	chain	pmid	clinvar_match	#AlleleID	Type	Name	RS# (dbSNP)	disease_1	significance_1	star_1	disease_2	significance_2	star_2	disease_3	significance_3	star_3	disease_4	significance_4	star_4	disease_5	significance_5	star_5	disease_6	significance_6	star_6	disease_7	significance_7	star_7	disease_8	significance_8	star_8	disease_9	significance_9	star_9	disease_10	significance_10	star_10
MEIOB	N64I	MEIOB_HUMAN	CHAIN	Meiosis-specific with OB domain-containing protein	Infertility, Male	MEIOB -[Activation]-> Infertility, Male	33166385	1	434386	single nucleotide variant	NM_001163560.3(MEIOB):c.191A>T (p.Asn64Ile)	1555472691	Spermatogenic failure 22	Pathogenic	0.0																											
MEIOB	N64I	MEIOB_HUMAN	CHAIN	Meiosis-specific with OB domain-containing protein	Primary Ovarian Insufficiency	MEIOB -[Activation]-> Primary Ovarian Insufficiency	33166385	1	434386	single nucleotide variant	NM_001163560.3(MEIOB):c.191A>T (p.Asn64Ile)	1555472691	Spermatogenic failure 22	Pathogenic	0.0																											
MEIOB	N64I	MEIOB_HUMAN	CHAIN	Meiosis-specific with OB domain-containing protein	apoptotic process	MEIOB -[Activation]-> apoptotic process	33166385	1	434386	single nucleotide variant	NM_001163560.3(MEIOB):c.191A>T (p.Asn64Ile)	1555472691	Spermatogenic failure 22	Pathogenic	0.0																											
MEIOB	N64I	MEIOB_HUMAN	CHAIN	Meiosis-specific with OB domain-containing protein	metaphase	MEIOB -[Activation]-> metaphase	33166385	1	434386	single nucleotide variant	NM_001163560.3(MEIOB):c.191A>T (p.Asn64Ile)	1555472691	Spermatogenic failure 22	Pathogenic	0.0																											
MEIOB	N64I	MEIOB_HUMAN	CHAIN	Meiosis-specific with OB domain-containing protein	pachytene	MEIOB -[Activation]-> apoptotic process -[Inhibition]-> pachytene	33166385	1	434386	single nucleotide variant	NM_001163560.3(MEIOB):c.191A>T (p.Asn64Ile)	1555472691	Spermatogenic failure 22	Pathogenic	0.0																											
