variant_protein	variant_info	DomainProteinID	DomainFeature	DomainNote	biological_process/disease	chain	pmid	clinvar_match	#AlleleID	Type	Name	RS# (dbSNP)	disease_1	significance_1	star_1	disease_2	significance_2	star_2	disease_3	significance_3	star_3	disease_4	significance_4	star_4	disease_5	significance_5	star_5	disease_6	significance_6	star_6	disease_7	significance_7	star_7	disease_8	significance_8	star_8	disease_9	significance_9	star_9	disease_10	significance_10	star_10
MPL	L265F	TPOR_HUMAN	CHAIN;DOMAIN	Thrombopoietin receptor;Fibronectin type-III 1	signal transduction	MPL -[Activation]-> signal transduction	33693786	1	138571	single nucleotide variant	NM_005373.3(MPL):c.793C>T (p.Leu265Phe)	117656396	not specified	Conflicting classifications of pathogenicity	0.0	Congenital amegakaryocytic thrombocytopenia			Essential thrombocythemia			not provided																				
MPL	R102P	TPOR_HUMAN	CHAIN	Thrombopoietin receptor	Thrombocytosis	MPL -[Activation]-> Thrombocytosis	35150448	1	29197	single nucleotide variant	NM_005373.3(MPL):c.305G>C (p.Arg102Pro)	28928907	Congenital amegakaryocytic thrombocytopenia	Pathogenic	2.0	not specified			Thrombocytopenia			not provided			Essential thrombocythemia			Congenital amegakaryocytic thrombocytopenia 1			Primary myelofibrosis			Thrombocythemia 2								
MPL	W515L	TPOR_HUMAN	CHAIN	Thrombopoietin receptor	Leukocytosis	MPL -[Activation]-> CAMK2G -[Activation]-> Leukocytosis	34521112	1	29203	single nucleotide variant	NM_005373.3(MPL):c.1544G>T (p.Trp515Leu)	121913615	Thrombocythemia 2, somatic	Conflicting classifications of pathogenicity	0.0	Congenital amegakaryocytic thrombocytopenia			Myelofibrosis with myeloid metaplasia			Essential thrombocythemia																				
MPL	W515L	TPOR_HUMAN	CHAIN	Thrombopoietin receptor	Mycosis Fungoides	MPL -[Activation]-> CAMK2G -[Inhibition]-> Mycosis Fungoides	34521112	1	29203	single nucleotide variant	NM_005373.3(MPL):c.1544G>T (p.Trp515Leu)	121913615	Thrombocythemia 2, somatic	Conflicting classifications of pathogenicity	0.0	Congenital amegakaryocytic thrombocytopenia			Myelofibrosis with myeloid metaplasia			Essential thrombocythemia																				
MPL	W515L	TPOR_HUMAN	CHAIN	Thrombopoietin receptor	Splenomegaly	MPL -[Activation]-> CAMK2G -[Activation]-> Splenomegaly	34521112	1	29203	single nucleotide variant	NM_005373.3(MPL):c.1544G>T (p.Trp515Leu)	121913615	Thrombocythemia 2, somatic	Conflicting classifications of pathogenicity	0.0	Congenital amegakaryocytic thrombocytopenia			Myelofibrosis with myeloid metaplasia			Essential thrombocythemia																				
MPL	W515L	TPOR_HUMAN	CHAIN	Thrombopoietin receptor	apoptotic process	MPL -[Phosphorylation]-> THOC5 -[Inhibition]-> apoptotic process	26919114	1	29203	single nucleotide variant	NM_005373.3(MPL):c.1544G>T (p.Trp515Leu)	121913615	Thrombocythemia 2, somatic	Conflicting classifications of pathogenicity	0.0	Congenital amegakaryocytic thrombocytopenia			Myelofibrosis with myeloid metaplasia			Essential thrombocythemia																				
MPL	W515L	TPOR_HUMAN	CHAIN	Thrombopoietin receptor	cell differentiation	MPL -[Activation]-> cell differentiation	17709604	1	29203	single nucleotide variant	NM_005373.3(MPL):c.1544G>T (p.Trp515Leu)	121913615	Thrombocythemia 2, somatic	Conflicting classifications of pathogenicity	0.0	Congenital amegakaryocytic thrombocytopenia			Myelofibrosis with myeloid metaplasia			Essential thrombocythemia																				
MPL	W515L	TPOR_HUMAN	CHAIN	Thrombopoietin receptor	cell differentiation	MPL -[Phosphorylation]-> STAT5 -[Activation]-> cell differentiation	27222706	1	29203	single nucleotide variant	NM_005373.3(MPL):c.1544G>T (p.Trp515Leu)	121913615	Thrombocythemia 2, somatic	Conflicting classifications of pathogenicity	0.0	Congenital amegakaryocytic thrombocytopenia			Myelofibrosis with myeloid metaplasia			Essential thrombocythemia																				
MPL	W515L	TPOR_HUMAN	CHAIN	Thrombopoietin receptor	cell population proliferation	MPL -[Activation]-> PI3K -[Inhibition]-> JAK2 inhibitor -[Activation]-> cell population proliferation	27222706	1	29203	single nucleotide variant	NM_005373.3(MPL):c.1544G>T (p.Trp515Leu)	121913615	Thrombocythemia 2, somatic	Conflicting classifications of pathogenicity	0.0	Congenital amegakaryocytic thrombocytopenia			Myelofibrosis with myeloid metaplasia			Essential thrombocythemia																				
MPL	W515L	TPOR_HUMAN	CHAIN	Thrombopoietin receptor	cell population proliferation	MPL -[Activation]-> TGFB -[Inhibition]-> cell population proliferation	28135282	1	29203	single nucleotide variant	NM_005373.3(MPL):c.1544G>T (p.Trp515Leu)	121913615	Thrombocythemia 2, somatic	Conflicting classifications of pathogenicity	0.0	Congenital amegakaryocytic thrombocytopenia			Myelofibrosis with myeloid metaplasia			Essential thrombocythemia																				
