variant_protein	variant_info	DomainProteinID	DomainFeature	DomainNote	biological_process/disease	chain	pmid	clinvar_match	#AlleleID	Type	Name	RS# (dbSNP)	disease_1	significance_1	star_1	disease_2	significance_2	star_2	disease_3	significance_3	star_3	disease_4	significance_4	star_4	disease_5	significance_5	star_5	disease_6	significance_6	star_6	disease_7	significance_7	star_7	disease_8	significance_8	star_8	disease_9	significance_9	star_9	disease_10	significance_10	star_10
MRAS	G22V	RASM_HUMAN	CHAIN	Ras-related protein M-Ras	cell differentiation	MRAS -[Activation]-> cell differentiation	19800879	0																																		
MRAS	G22V	RASM_HUMAN	CHAIN	Ras-related protein M-Ras	transcription, DNA-templated	MRAS -[IncreaseAmount]-> EBF1 -[Activation]-> transcription, DNA-templated	29431097	0																																		
MRAS	G22V	RASM_HUMAN	CHAIN	Ras-related protein M-Ras	transdifferentiation	MRAS -[Activation]-> transdifferentiation	19800879	0																																		
MRAS	Q71L	RASM_HUMAN	CHAIN	Ras-related protein M-Ras	Cell Survival	MRAS -[Activation]-> Cell Survival	22121046	0																																		
