variant_protein	variant_info	DomainProteinID	DomainFeature	DomainNote	biological_process/disease	chain	pmid	clinvar_match	#AlleleID	Type	Name	RS# (dbSNP)	disease_1	significance_1	star_1	disease_2	significance_2	star_2	disease_3	significance_3	star_3	disease_4	significance_4	star_4	disease_5	significance_5	star_5	disease_6	significance_6	star_6	disease_7	significance_7	star_7	disease_8	significance_8	star_8	disease_9	significance_9	star_9	disease_10	significance_10	star_10
MSH5	P29S	MSH5_HUMAN	CHAIN;REGION	MutS protein homolog 5;Disordered	DNA Damage	MSH5 -[IncreaseAmount]-> Radiation, Ionizing -[Activation]-> DNA Damage	19442657	1	389751	single nucleotide variant	NM_172166.4(MSH5):c.85C>T (p.Pro29Ser)	2075789	not specified	Benign	1.0	MSH5-related disorder																										
MSH5	P29S	MSH5_HUMAN	CHAIN;REGION	MutS protein homolog 5;Disordered	DNA damage checkpoint	MSH5 -[IncreaseAmount]-> Radiation, Ionizing -[Activation]-> DNA damage checkpoint	19442657	1	389751	single nucleotide variant	NM_172166.4(MSH5):c.85C>T (p.Pro29Ser)	2075789	not specified	Benign	1.0	MSH5-related disorder																										
MSH5	P29S	MSH5_HUMAN	CHAIN;REGION	MutS protein homolog 5;Disordered	Radiation, Ionizing	MSH5 -[IncreaseAmount]-> Radiation, Ionizing	19442657	1	389751	single nucleotide variant	NM_172166.4(MSH5):c.85C>T (p.Pro29Ser)	2075789	not specified	Benign	1.0	MSH5-related disorder																										
MSH5	P29S	MSH5_HUMAN	CHAIN;REGION	MutS protein homolog 5;Disordered	apoptotic process	MSH5 -[Activation]-> apoptotic process	19442657	1	389751	single nucleotide variant	NM_172166.4(MSH5):c.85C>T (p.Pro29Ser)	2075789	not specified	Benign	1.0	MSH5-related disorder																										
MSH5	P29S	MSH5_HUMAN	CHAIN;REGION	MutS protein homolog 5;Disordered	cell killing	MSH5 -[IncreaseAmount]-> Radiation, Ionizing -[Inhibition]-> cell killing	19442657	1	389751	single nucleotide variant	NM_172166.4(MSH5):c.85C>T (p.Pro29Ser)	2075789	not specified	Benign	1.0	MSH5-related disorder																										
MSH5	P29S	MSH5_HUMAN	CHAIN;REGION	MutS protein homolog 5;Disordered	homologous recombination	MSH5 -[Inhibition]-> homologous recombination	19442657	1	389751	single nucleotide variant	NM_172166.4(MSH5):c.85C>T (p.Pro29Ser)	2075789	not specified	Benign	1.0	MSH5-related disorder																										
MSH5	Y742F	MSH5_HUMAN	CHAIN	MutS protein homolog 5	Cell Survival	MSH5 -[Inhibition]-> Cell Survival	24023853	0																																		
MSH5	Y742F	MSH5_HUMAN	CHAIN	MutS protein homolog 5	DNA Breaks, Double-Stranded	MSH5 -[Activation]-> DNA Breaks, Double-Stranded	24023853	0																																		
MSH5	Y742F	MSH5_HUMAN	CHAIN	MutS protein homolog 5	Radiation, Ionizing	MSH5 -[Activation]-> Radiation, Ionizing	22401567	0																																		
MSH5	Y742F	MSH5_HUMAN	CHAIN	MutS protein homolog 5	apoptotic process	MSH5 -[Activation]-> Radiation, Ionizing -[Activation]-> apoptotic process	22401567	0																																		
MSH5	Y742F	MSH5_HUMAN	CHAIN	MutS protein homolog 5	homologous recombination	MSH5 -[Activation]-> homologous recombination	24023853	0																																		
