variant_protein	variant_info	DomainProteinID	DomainFeature	DomainNote	biological_process/disease	chain	pmid	clinvar_match	#AlleleID	Type	Name	RS# (dbSNP)	disease_1	significance_1	star_1	disease_2	significance_2	star_2	disease_3	significance_3	star_3	disease_4	significance_4	star_4	disease_5	significance_5	star_5	disease_6	significance_6	star_6	disease_7	significance_7	star_7	disease_8	significance_8	star_8	disease_9	significance_9	star_9	disease_10	significance_10	star_10
MTSS1	S322A	MTSS1_HUMAN	CHAIN	Protein MTSS 1	Neoplasm Invasiveness	MTSS1 -[Inhibition]-> Neoplasm Invasiveness	24318128	0																																		
MTSS1	S322A	MTSS1_HUMAN	CHAIN	Protein MTSS 1	Neoplasm Metastasis	MTSS1 -[Activation]-> Neoplasm Metastasis	24318128	0																																		
MTSS1	S322A	MTSS1_HUMAN	CHAIN	Protein MTSS 1	Neoplasms	MTSS1 -[Inhibition]-> Neoplasms	24318128	0																																		
MTSS1	S322A	MTSS1_HUMAN	CHAIN	Protein MTSS 1	PDGF	MTSS1 -[Activation]-> PDGF	24318128	0																																		
MTSS1	S322A	MTSS1_HUMAN	CHAIN	Protein MTSS 1	Prostatic Neoplasms	MTSS1 -[Complex]-> BTRC -[Inhibition]-> Prostatic Neoplasms	24318128	0																																		
MTSS1	S322A	MTSS1_HUMAN	CHAIN	Protein MTSS 1	cell growth	MTSS1 -[Inhibition]-> cell growth	24318128	0																																		
MTSS1	S322A	MTSS1_HUMAN	CHAIN	Protein MTSS 1	cell migration	MTSS1 -[Activation]-> cell migration	24318128	0																																		
MTSS1	S322A	MTSS1_HUMAN	CHAIN	Protein MTSS 1	cell population proliferation	MTSS1 -[Inhibition]-> cell population proliferation	24318128	0																																		
