variant_protein	variant_info	DomainProteinID	DomainFeature	DomainNote	biological_process/disease	chain	pmid	clinvar_match	#AlleleID	Type	Name	RS# (dbSNP)	disease_1	significance_1	star_1	disease_2	significance_2	star_2	disease_3	significance_3	star_3	disease_4	significance_4	star_4	disease_5	significance_5	star_5	disease_6	significance_6	star_6	disease_7	significance_7	star_7	disease_8	significance_8	star_8	disease_9	significance_9	star_9	disease_10	significance_10	star_10
MYCN	T50A	MYCN_HUMAN	CHAIN	N-myc proto-oncogene protein	cell cycle	MYCN -[Activation]-> SHH -[Activation]-> cell cycle	19351822	0																																		
MYCN	T50A	MYCN_HUMAN	CHAIN	N-myc proto-oncogene protein	cell population proliferation	MYCN -[Activation]-> cell population proliferation	19351822	0																																		
MYCN	T58A	MYCN_HUMAN	CHAIN	N-myc proto-oncogene protein	Medulloblastoma	MYCN -[Activation]-> Medulloblastoma	22624711	0																																		
MYCN	T58A	MYCN_HUMAN	CHAIN	N-myc proto-oncogene protein	cell differentiation	MYCN -[Inhibition]-> cell differentiation	22624711	0																																		
MYCN	T58A	MYCN_HUMAN	CHAIN	N-myc proto-oncogene protein	cell population proliferation	MYCN -[Activation]-> cell population proliferation	22624711	0																																		
