variant_protein	variant_info	DomainProteinID	DomainFeature	DomainNote	biological_process/disease	chain	pmid	clinvar_match	#AlleleID	Type	Name	RS# (dbSNP)	disease_1	significance_1	star_1	disease_2	significance_2	star_2	disease_3	significance_3	star_3	disease_4	significance_4	star_4	disease_5	significance_5	star_5	disease_6	significance_6	star_6	disease_7	significance_7	star_7	disease_8	significance_8	star_8	disease_9	significance_9	star_9	disease_10	significance_10	star_10
MYOD1	K104R	MYOD1_HUMAN	CHAIN	Myoblast determination protein 1	cell differentiation	MYOD1 -[Inhibition]-> cell differentiation	26149774	0																																		
MYOD1	K104R	MYOD1_HUMAN	CHAIN	Myoblast determination protein 1	transcription, DNA-templated	MYOD1 -[Complex]-> KDM4C -[Activation]-> transcription, DNA-templated	26149774	0																																		
MYOD1	L122R	MYOD1_HUMAN	CHAIN;DOMAIN	Myoblast determination protein 1;bHLH	cell differentiation	MYOD1 -[Inhibition]-> cell differentiation	24793135	0																																		
MYOD1	L122R	MYOD1_HUMAN	CHAIN;DOMAIN	Myoblast determination protein 1;bHLH	cell differentiation	MYOD1 -[Inhibition]-> cell differentiation	36980529	0																																		
MYOD1	Y30F	MYOD1_HUMAN	CHAIN	Myoblast determination protein 1	DNA repair	MYOD1 -[Activation]-> DNA repair	24056763	0																																		
MYOD1	Y30F	MYOD1_HUMAN	CHAIN	Myoblast determination protein 1	transcription, DNA-templated	MYOD1 -[Activation]-> transcription, DNA-templated	24056763	0																																		
