variant_protein	variant_info	DomainProteinID	DomainFeature	DomainNote	biological_process/disease	chain	pmid	clinvar_match	#AlleleID	Type	Name	RS# (dbSNP)	disease_1	significance_1	star_1	disease_2	significance_2	star_2	disease_3	significance_3	star_3	disease_4	significance_4	star_4	disease_5	significance_5	star_5	disease_6	significance_6	star_6	disease_7	significance_7	star_7	disease_8	significance_8	star_8	disease_9	significance_9	star_9	disease_10	significance_10	star_10
NBN	R28D	NBN_HUMAN	CHAIN;DOMAIN	Nibrin;FHA	homologous recombination	NBN -[Inhibition]-> homologous recombination	24614819	0																																		
NBN	S343A	NBN_HUMAN	CHAIN;REGION;REGION;COMPBIAS	Nibrin;Interaction with MTOR, MAPKAP1 and RICTOR;Disordered;Polar residues	DNA repair	NBN -[Dephosphorylation]-> CHEK2 -[Activation]-> DNA repair	21664921	0																																		
NBN	S343A	NBN_HUMAN	CHAIN;REGION;REGION;COMPBIAS	Nibrin;Interaction with MTOR, MAPKAP1 and RICTOR;Disordered;Polar residues	Radiation, Ionizing	NBN -[Complex]-> Radiation, Ionizing	21664921	0																																		
NBN	S343A	NBN_HUMAN	CHAIN;REGION;REGION;COMPBIAS	Nibrin;Interaction with MTOR, MAPKAP1 and RICTOR;Disordered;Polar residues	apoptotic process	NBN -[Inhibition]-> apoptotic process	21664921	0																																		
NBN	S343A	NBN_HUMAN	CHAIN;REGION;REGION;COMPBIAS	Nibrin;Interaction with MTOR, MAPKAP1 and RICTOR;Disordered;Polar residues	cell cycle	NBN -[Dephosphorylation]-> CHEK2 -[Activation]-> cell cycle	21664921	0																																		
NBN	T278A	NBN_HUMAN	CHAIN;DOMAIN;REGION;REGION	Nibrin;BRCT 2;Mediates interaction with SP100;Interaction with MTOR, MAPKAP1 and RICTOR	DNA repair	NBN -[Dephosphorylation]-> CHEK2 -[Activation]-> DNA repair	21664921	0																																		
NBN	T278A	NBN_HUMAN	CHAIN;DOMAIN;REGION;REGION	Nibrin;BRCT 2;Mediates interaction with SP100;Interaction with MTOR, MAPKAP1 and RICTOR	Radiation, Ionizing	NBN -[Complex]-> Radiation, Ionizing	21664921	0																																		
NBN	T278A	NBN_HUMAN	CHAIN;DOMAIN;REGION;REGION	Nibrin;BRCT 2;Mediates interaction with SP100;Interaction with MTOR, MAPKAP1 and RICTOR	apoptotic process	NBN -[Inhibition]-> apoptotic process	21664921	0																																		
NBN	T278A	NBN_HUMAN	CHAIN;DOMAIN;REGION;REGION	Nibrin;BRCT 2;Mediates interaction with SP100;Interaction with MTOR, MAPKAP1 and RICTOR	cell cycle	NBN -[Dephosphorylation]-> CHEK2 -[Activation]-> cell cycle	21664921	0																																		
