variant_protein	variant_info	DomainProteinID	DomainFeature	DomainNote	biological_process/disease	chain	pmid	clinvar_match	#AlleleID	Type	Name	RS# (dbSNP)	disease_1	significance_1	star_1	disease_2	significance_2	star_2	disease_3	significance_3	star_3	disease_4	significance_4	star_4	disease_5	significance_5	star_5	disease_6	significance_6	star_6	disease_7	significance_7	star_7	disease_8	significance_8	star_8	disease_9	significance_9	star_9	disease_10	significance_10	star_10
NCAPH2	R551P	CNDH2_HUMAN	CHAIN	Condensin-2 complex subunit H2	Aneuploidy	NCAPH2 -[Activation]-> Genomic Instability -[Activation]-> Aneuploidy	33078399	0																																		
NCAPH2	R551P	CNDH2_HUMAN	CHAIN	Condensin-2 complex subunit H2	Chromosomal Instability	NCAPH2 -[Activation]-> Chromosomal Instability	33078399	0																																		
NCAPH2	R551P	CNDH2_HUMAN	CHAIN	Condensin-2 complex subunit H2	DNA Damage	NCAPH2 -[Inhibition]-> DNA Damage	33078399	0																																		
NCAPH2	R551P	CNDH2_HUMAN	CHAIN	Condensin-2 complex subunit H2	Genetic Heterogeneity	NCAPH2 -[Activation]-> Genomic Instability -[Activation]-> Mutation -[Activation]-> Genetic Heterogeneity	33078399	0																																		
NCAPH2	R551P	CNDH2_HUMAN	CHAIN	Condensin-2 complex subunit H2	Genomic Instability	NCAPH2 -[Activation]-> Genomic Instability	33078399	0																																		
NCAPH2	R551P	CNDH2_HUMAN	CHAIN	Condensin-2 complex subunit H2	Mutation	NCAPH2 -[Activation]-> Genomic Instability -[Activation]-> Mutation	33078399	0																																		
NCAPH2	R551P	CNDH2_HUMAN	CHAIN	Condensin-2 complex subunit H2	Neoplasm Metastasis	NCAPH2 -[Activation]-> Genomic Instability -[Activation]-> Neoplasm Metastasis	33078399	0																																		
NCAPH2	R551P	CNDH2_HUMAN	CHAIN	Condensin-2 complex subunit H2	cell cycle	NCAPH2 -[Inhibition]-> DNA Damage -[Activation]-> cell cycle	33078399	0																																		
NCAPH2	R551S	CNDH2_HUMAN	CHAIN	Condensin-2 complex subunit H2	Aneuploidy	NCAPH2 -[Activation]-> Genomic Instability -[Activation]-> Aneuploidy	33078399	0																																		
NCAPH2	R551S	CNDH2_HUMAN	CHAIN	Condensin-2 complex subunit H2	Chromosomal Instability	NCAPH2 -[Activation]-> Chromosomal Instability	33078399	0																																		
NCAPH2	R551S	CNDH2_HUMAN	CHAIN	Condensin-2 complex subunit H2	DNA Damage	NCAPH2 -[Inhibition]-> DNA Damage	33078399	0																																		
NCAPH2	R551S	CNDH2_HUMAN	CHAIN	Condensin-2 complex subunit H2	Genetic Heterogeneity	NCAPH2 -[Activation]-> Genomic Instability -[Activation]-> Mutation -[Activation]-> Genetic Heterogeneity	33078399	0																																		
NCAPH2	R551S	CNDH2_HUMAN	CHAIN	Condensin-2 complex subunit H2	Genomic Instability	NCAPH2 -[Activation]-> Genomic Instability	33078399	0																																		
NCAPH2	R551S	CNDH2_HUMAN	CHAIN	Condensin-2 complex subunit H2	Mutation	NCAPH2 -[Activation]-> Genomic Instability -[Activation]-> Mutation	33078399	0																																		
NCAPH2	R551S	CNDH2_HUMAN	CHAIN	Condensin-2 complex subunit H2	Neoplasm Metastasis	NCAPH2 -[Activation]-> Genomic Instability -[Activation]-> Neoplasm Metastasis	33078399	0																																		
NCAPH2	R551S	CNDH2_HUMAN	CHAIN	Condensin-2 complex subunit H2	cell cycle	NCAPH2 -[Inhibition]-> DNA Damage -[Activation]-> cell cycle	33078399	0																																		
NCAPH2	S556F	CNDH2_HUMAN	CHAIN	Condensin-2 complex subunit H2	Aneuploidy	NCAPH2 -[Activation]-> Genomic Instability -[Activation]-> Aneuploidy	33078399	0																																		
NCAPH2	S556F	CNDH2_HUMAN	CHAIN	Condensin-2 complex subunit H2	Chromosomal Instability	NCAPH2 -[Activation]-> Chromosomal Instability	33078399	0																																		
NCAPH2	S556F	CNDH2_HUMAN	CHAIN	Condensin-2 complex subunit H2	DNA Damage	NCAPH2 -[Inhibition]-> DNA Damage	33078399	0																																		
NCAPH2	S556F	CNDH2_HUMAN	CHAIN	Condensin-2 complex subunit H2	Genetic Heterogeneity	NCAPH2 -[Activation]-> Genomic Instability -[Activation]-> Mutation -[Activation]-> Genetic Heterogeneity	33078399	0																																		
NCAPH2	S556F	CNDH2_HUMAN	CHAIN	Condensin-2 complex subunit H2	Genomic Instability	NCAPH2 -[Activation]-> Genomic Instability	33078399	0																																		
NCAPH2	S556F	CNDH2_HUMAN	CHAIN	Condensin-2 complex subunit H2	Mutation	NCAPH2 -[Activation]-> Genomic Instability -[Activation]-> Mutation	33078399	0																																		
NCAPH2	S556F	CNDH2_HUMAN	CHAIN	Condensin-2 complex subunit H2	Neoplasm Metastasis	NCAPH2 -[Activation]-> Genomic Instability -[Activation]-> Neoplasm Metastasis	33078399	0																																		
NCAPH2	S556F	CNDH2_HUMAN	CHAIN	Condensin-2 complex subunit H2	cell cycle	NCAPH2 -[Inhibition]-> DNA Damage -[Activation]-> cell cycle	33078399	0																																		
