variant_protein	variant_info	DomainProteinID	DomainFeature	DomainNote	biological_process/disease	chain	pmid	clinvar_match	#AlleleID	Type	Name	RS# (dbSNP)	disease_1	significance_1	star_1	disease_2	significance_2	star_2	disease_3	significance_3	star_3	disease_4	significance_4	star_4	disease_5	significance_5	star_5	disease_6	significance_6	star_6	disease_7	significance_7	star_7	disease_8	significance_8	star_8	disease_9	significance_9	star_9	disease_10	significance_10	star_10
NCKAP1L	P359L	NCKPL_HUMAN	CHAIN	Nck-associated protein 1-like	actin filament polymerization	NCKAP1L -[Activation]-> WRC -[Activation]-> actin filament polymerization	32647003	1	964981	single nucleotide variant	NM_005337.5(NCKAP1L):c.1076C>T (p.Pro359Leu)	770633648	Immunodeficiency 72 with autoinflammation	Pathogenic/Likely pathogenic	2.0	not provided																										
NCKAP1L	P359L	NCKPL_HUMAN	CHAIN	Nck-associated protein 1-like	actin nucleation	NCKAP1L -[Activation]-> WRC -[Activation]-> actin nucleation	32647003	1	964981	single nucleotide variant	NM_005337.5(NCKAP1L):c.1076C>T (p.Pro359Leu)	770633648	Immunodeficiency 72 with autoinflammation	Pathogenic/Likely pathogenic	2.0	not provided																										
NCKAP1L	P359L	NCKPL_HUMAN	CHAIN	Nck-associated protein 1-like	cell differentiation	NCKAP1L -[Activation]-> mTORC2 -[Activation]-> cell differentiation	32647003	1	964981	single nucleotide variant	NM_005337.5(NCKAP1L):c.1076C>T (p.Pro359Leu)	770633648	Immunodeficiency 72 with autoinflammation	Pathogenic/Likely pathogenic	2.0	not provided																										
NCKAP1L	P359L	NCKPL_HUMAN	CHAIN	Nck-associated protein 1-like	cell population proliferation	NCKAP1L -[Activation]-> mTORC2 -[Activation]-> cell population proliferation	32647003	1	964981	single nucleotide variant	NM_005337.5(NCKAP1L):c.1076C>T (p.Pro359Leu)	770633648	Immunodeficiency 72 with autoinflammation	Pathogenic/Likely pathogenic	2.0	not provided																										
