variant_protein	variant_info	DomainProteinID	DomainFeature	DomainNote	biological_process/disease	chain	pmid	clinvar_match	#AlleleID	Type	Name	RS# (dbSNP)	disease_1	significance_1	star_1	disease_2	significance_2	star_2	disease_3	significance_3	star_3	disease_4	significance_4	star_4	disease_5	significance_5	star_5	disease_6	significance_6	star_6	disease_7	significance_7	star_7	disease_8	significance_8	star_8	disease_9	significance_9	star_9	disease_10	significance_10	star_10
NDRG3	N66D	NDRG3_HUMAN	CHAIN	Protein NDRG3	angiogenesis	NDRG3 -[Activation]-> angiogenesis	25892225	0																																		
NDRG3	N66D	NDRG3_HUMAN	CHAIN	Protein NDRG3	apoptotic process	NDRG3 -[Activation]-> apoptotic process	25892225	0																																		
NDRG3	N66D	NDRG3_HUMAN	CHAIN	Protein NDRG3	cell growth	NDRG3 -[Activation]-> cell growth	25892225	0																																		
NDRG3	N66D	NDRG3_HUMAN	CHAIN	Protein NDRG3	glycolytic process	NDRG3 -[Complex]-> HIF1A -[Activation]-> glycolytic process	25892225	0																																		
