variant_protein	variant_info	DomainProteinID	DomainFeature	DomainNote	biological_process/disease	chain	pmid	clinvar_match	#AlleleID	Type	Name	RS# (dbSNP)	disease_1	significance_1	star_1	disease_2	significance_2	star_2	disease_3	significance_3	star_3	disease_4	significance_4	star_4	disease_5	significance_5	star_5	disease_6	significance_6	star_6	disease_7	significance_7	star_7	disease_8	significance_8	star_8	disease_9	significance_9	star_9	disease_10	significance_10	star_10
NEK1	K33A	NEK1_HUMAN	CHAIN;DOMAIN	Serine/threonine-protein kinase Nek1;Protein kinase	apoptotic process	NEK1 -[Phosphorylation]-> VDAC1 -[Activation]-> apoptotic process	19158487	0																																		
NEK1	K33A	NEK1_HUMAN	CHAIN;DOMAIN	Serine/threonine-protein kinase Nek1;Protein kinase	cell death	NEK1 -[Activation]-> cell death	19158487	0																																		
NEK1	T141A	NEK1_HUMAN	CHAIN;DOMAIN	Serine/threonine-protein kinase Nek1;Protein kinase	apoptotic process	NEK1 -[Inhibition]-> apoptotic process	31914854	0																																		
NEK1	T141A	NEK1_HUMAN	CHAIN;DOMAIN	Serine/threonine-protein kinase Nek1;Protein kinase	cell death	NEK1 -[Activation]-> cell death	31914854	0																																		
NEK1	T141A	NEK1_HUMAN	CHAIN;DOMAIN	Serine/threonine-protein kinase Nek1;Protein kinase	cell growth	NEK1 -[Dephosphorylation]-> VDAC1 -[Activation]-> cell growth	31914854	0																																		
NEK1	T141A	NEK1_HUMAN	CHAIN;DOMAIN	Serine/threonine-protein kinase Nek1;Protein kinase	cell population proliferation	NEK1 -[Dephosphorylation]-> VDAC1 -[Activation]-> cell population proliferation	31914854	0																																		
NEK1	T141A	NEK1_HUMAN	CHAIN;DOMAIN	Serine/threonine-protein kinase Nek1;Protein kinase	metabolic process	NEK1 -[Dephosphorylation]-> VDAC1 -[Activation]-> metabolic process	31914854	0																																		
