variant_protein	variant_info	DomainProteinID	DomainFeature	DomainNote	biological_process/disease	chain	pmid	clinvar_match	#AlleleID	Type	Name	RS# (dbSNP)	disease_1	significance_1	star_1	disease_2	significance_2	star_2	disease_3	significance_3	star_3	disease_4	significance_4	star_4	disease_5	significance_5	star_5	disease_6	significance_6	star_6	disease_7	significance_7	star_7	disease_8	significance_8	star_8	disease_9	significance_9	star_9	disease_10	significance_10	star_10
NFKB1	L841A	NFKB1_HUMAN	CHAIN;DOMAIN;REGION	Nuclear factor NF-kappa-B p105 subunit;Death;Interaction with CFLAR	ATPase activity	NFKB1 -[Complex]-> p97 -[Complex]-> ATPase activity	25482563	0																																		
NFKB1	L841A	NFKB1_HUMAN	CHAIN;DOMAIN;REGION	Nuclear factor NF-kappa-B p105 subunit;Death;Interaction with CFLAR	proteolysis	NFKB1 -[Inhibition]-> proteolysis	25482563	0																																		
NFKB1	S329A	NFKB1_HUMAN	CHAIN;CHAIN;DOMAIN	Nuclear factor NF-kappa-B p105 subunit;Nuclear factor NF-kappa-B p50 subunit;RHD	DNA Damage	NFKB1 -[Activation]-> DNA Damage	23180782	0																																		
NFKB1	S329A	NFKB1_HUMAN	CHAIN;CHAIN;DOMAIN	Nuclear factor NF-kappa-B p105 subunit;Nuclear factor NF-kappa-B p50 subunit;RHD	apoptotic process	NFKB1 -[Activation]-> apoptotic process	22152481	0																																		
NFKB1	S329A	NFKB1_HUMAN	CHAIN;CHAIN;DOMAIN	Nuclear factor NF-kappa-B p105 subunit;Nuclear factor NF-kappa-B p50 subunit;RHD	cell death	NFKB1 -[Activation]-> cell death	22152481	0																																		
NFKB1	S329A	NFKB1_HUMAN	CHAIN;CHAIN;DOMAIN	Nuclear factor NF-kappa-B p105 subunit;Nuclear factor NF-kappa-B p50 subunit;RHD	cell death	NFKB1 -[Activation]-> cell death	23180782	0																																		
NFKB1	S360A	NFKB1_HUMAN	CHAIN;CHAIN;DOMAIN;MOTIF	Nuclear factor NF-kappa-B p105 subunit;Nuclear factor NF-kappa-B p50 subunit;RHD;Nuclear localization signal	Cell Survival	NFKB1 -[Complex]-> AKT -[Phosphorylation]-> Cell Survival	16642037	0																																		
NFKB1	S360A	NFKB1_HUMAN	CHAIN;CHAIN;DOMAIN;MOTIF	Nuclear factor NF-kappa-B p105 subunit;Nuclear factor NF-kappa-B p50 subunit;RHD;Nuclear localization signal	apoptotic process	NFKB1 -[Inhibition]-> apoptotic process	16642037	0																																		
NFKB1	S360D	NFKB1_HUMAN	CHAIN;CHAIN;DOMAIN;MOTIF	Nuclear factor NF-kappa-B p105 subunit;Nuclear factor NF-kappa-B p50 subunit;RHD;Nuclear localization signal	Cell Survival	NFKB1 -[Complex]-> AKT -[Phosphorylation]-> Cell Survival	16642037	0																																		
NFKB1	S360D	NFKB1_HUMAN	CHAIN;CHAIN;DOMAIN;MOTIF	Nuclear factor NF-kappa-B p105 subunit;Nuclear factor NF-kappa-B p50 subunit;RHD;Nuclear localization signal	apoptotic process	NFKB1 -[Inhibition]-> apoptotic process	16642037	0																																		
NFKB1	T261A	NFKB1_HUMAN	CHAIN;CHAIN;DOMAIN	Nuclear factor NF-kappa-B p105 subunit;Nuclear factor NF-kappa-B p50 subunit;RHD	transcription, DNA-templated	NFKB1 -[Inhibition]-> transcription, DNA-templated	18283314	0																																		
