variant_protein	variant_info	DomainProteinID	DomainFeature	DomainNote	biological_process/disease	chain	pmid	clinvar_match	#AlleleID	Type	Name	RS# (dbSNP)	disease_1	significance_1	star_1	disease_2	significance_2	star_2	disease_3	significance_3	star_3	disease_4	significance_4	star_4	disease_5	significance_5	star_5	disease_6	significance_6	star_6	disease_7	significance_7	star_7	disease_8	significance_8	star_8	disease_9	significance_9	star_9	disease_10	significance_10	star_10
NGB	E151Q	NGB_HUMAN	CHAIN	Neuroglobin	Cell Survival	NGB -[Activation]-> Cell Survival	27109834	0																																		
NGB	E151Q	NGB_HUMAN	CHAIN	Neuroglobin	cell death	NGB -[Activation]-> cell death	27109834	0																																		
NGB	H64Q	NGB_HUMAN	CHAIN;DOMAIN	Neuroglobin;Globin	apoptotic process	NGB -[Complex]-> carbon monoxide -[Activation]-> apoptotic process	27928027	0																																		
NGB	H64Q	NGB_HUMAN	CHAIN;DOMAIN	Neuroglobin;Globin	necrotic cell death	NGB -[Complex]-> carbon monoxide -[Activation]-> necrotic cell death	27928027	0																																		
NGB	H64V	NGB_HUMAN	CHAIN;DOMAIN	Neuroglobin;Globin	Cell Survival	NGB -[Activation]-> Cell Survival	24376733	0																																		
NGB	H64V	NGB_HUMAN	CHAIN;DOMAIN	Neuroglobin;Globin	cell death	NGB -[Activation]-> cell death	24376733	0																																		
NGB	R97C	NGB_HUMAN	CHAIN;DOMAIN	Neuroglobin;Globin	Cell Survival	NGB -[Activation]-> Cell Survival	27109834	0																																		
NGB	R97C	NGB_HUMAN	CHAIN;DOMAIN	Neuroglobin;Globin	cell death	NGB -[Activation]-> cell death	27109834	0																																		
