variant_protein	variant_info	DomainProteinID	DomainFeature	DomainNote	biological_process/disease	chain	pmid	clinvar_match	#AlleleID	Type	Name	RS# (dbSNP)	disease_1	significance_1	star_1	disease_2	significance_2	star_2	disease_3	significance_3	star_3	disease_4	significance_4	star_4	disease_5	significance_5	star_5	disease_6	significance_6	star_6	disease_7	significance_7	star_7	disease_8	significance_8	star_8	disease_9	significance_9	star_9	disease_10	significance_10	star_10
NTRK2	F616A	NTRK2_HUMAN	CHAIN;DOMAIN	BDNF/NT-3 growth factors receptor;Protein kinase	Death	NTRK2 -[Inhibition]-> Death	21073191	0																																		
NTRK2	F616A	NTRK2_HUMAN	CHAIN;DOMAIN	BDNF/NT-3 growth factors receptor;Protein kinase	apoptotic process	NTRK2 -[Activation]-> apoptotic process	20644624	0																																		
NTRK2	F616A	NTRK2_HUMAN	CHAIN;DOMAIN	BDNF/NT-3 growth factors receptor;Protein kinase	cell death	NTRK2 -[Activation]-> (R)-adrenaline -[Inhibition]-> cell death	25208620	0																																		
NTRK2	F616A	NTRK2_HUMAN	CHAIN;DOMAIN	BDNF/NT-3 growth factors receptor;Protein kinase	cell population proliferation	NTRK2 -[Complex]-> BDNF -[Activation]-> cell population proliferation	21073191	0																																		
NTRK2	F616A	NTRK2_HUMAN	CHAIN;DOMAIN	BDNF/NT-3 growth factors receptor;Protein kinase	transport	NTRK2 -[Activation]-> transport	21849550	0																																		
