variant_protein	variant_info	DomainProteinID	DomainFeature	DomainNote	biological_process/disease	chain	pmid	clinvar_match	#AlleleID	Type	Name	RS# (dbSNP)	disease_1	significance_1	star_1	disease_2	significance_2	star_2	disease_3	significance_3	star_3	disease_4	significance_4	star_4	disease_5	significance_5	star_5	disease_6	significance_6	star_6	disease_7	significance_7	star_7	disease_8	significance_8	star_8	disease_9	significance_9	star_9	disease_10	significance_10	star_10
PAK1	K299R	PAK1_HUMAN	CHAIN;DOMAIN	Serine/threonine-protein kinase PAK 1;Protein kinase	Cell Polarity	PAK1 -[Phosphorylation]-> Cofilin -[Inhibition]-> Cell Polarity	16061695	0																																		
PAK1	K299R	PAK1_HUMAN	CHAIN;DOMAIN	Serine/threonine-protein kinase PAK 1;Protein kinase	Cell Survival	PAK1 -[Activation]-> Cell Survival	25093037	0																																		
PAK1	K299R	PAK1_HUMAN	CHAIN;DOMAIN	Serine/threonine-protein kinase PAK 1;Protein kinase	Neoplasm Invasiveness	PAK1 -[Activation]-> Neoplasm Invasiveness	25093037	0																																		
PAK1	K299R	PAK1_HUMAN	CHAIN;DOMAIN	Serine/threonine-protein kinase PAK 1;Protein kinase	Neoplasm Invasiveness	PAK1 -[Activation]-> Neoplasm Invasiveness	25675297	0																																		
PAK1	K299R	PAK1_HUMAN	CHAIN;DOMAIN	Serine/threonine-protein kinase PAK 1;Protein kinase	Neoplasm Invasiveness	PAK1 -[Phosphorylation]-> PTK2 -[Activation]-> Neoplasm Invasiveness	19595712	0																																		
PAK1	K299R	PAK1_HUMAN	CHAIN;DOMAIN	Serine/threonine-protein kinase PAK 1;Protein kinase	Neoplasm Metastasis	PAK1 -[Phosphorylation]-> PTK2 -[Activation]-> Neoplasm Metastasis	19595712	0																																		
PAK1	K299R	PAK1_HUMAN	CHAIN;DOMAIN	Serine/threonine-protein kinase PAK 1;Protein kinase	apoptotic process	PAK1 -[Complex]-> IPA-3 -[Inhibition]-> apoptotic process	25093037	0																																		
PAK1	K299R	PAK1_HUMAN	CHAIN;DOMAIN	Serine/threonine-protein kinase PAK 1;Protein kinase	cell growth	PAK1 -[Inhibition]-> cell growth	25093037	0																																		
PAK1	K299R	PAK1_HUMAN	CHAIN;DOMAIN	Serine/threonine-protein kinase PAK 1;Protein kinase	cell migration	PAK1 -[Inhibition]-> cell migration	16061695	0																																		
PAK1	K299R	PAK1_HUMAN	CHAIN;DOMAIN	Serine/threonine-protein kinase PAK 1;Protein kinase	cell migration	PAK1 -[Phosphorylation]-> PTK2 -[Inhibition]-> cell migration	19595712	0																																		
PAK1	K299R	PAK1_HUMAN	CHAIN;DOMAIN	Serine/threonine-protein kinase PAK 1;Protein kinase	cell motility	PAK1 -[Activation]-> cell motility	25093037	0																																		
PAK1	K299R	PAK1_HUMAN	CHAIN;DOMAIN	Serine/threonine-protein kinase PAK 1;Protein kinase	cell motility	PAK1 -[Phosphorylation]-> PTK2 -[Activation]-> cell motility	19595712	0																																		
PAK1	K299R	PAK1_HUMAN	CHAIN;DOMAIN	Serine/threonine-protein kinase PAK 1;Protein kinase	cell population proliferation	PAK1 -[Activation]-> cell population proliferation	25675297	0																																		
PAK1	K299R	PAK1_HUMAN	CHAIN;DOMAIN	Serine/threonine-protein kinase PAK 1;Protein kinase	epithelial to mesenchymal transition	PAK1 -[Activation]-> epithelial to mesenchymal transition	25675297	0																																		
PAK1	K299R	PAK1_HUMAN	CHAIN;DOMAIN	Serine/threonine-protein kinase PAK 1;Protein kinase	positive regulation of focal adhesion assembly	PAK1 -[Activation]-> CIB1 -[Activation]-> positive regulation of focal adhesion assembly	16061695	0																																		
PAK1	K299R	PAK1_HUMAN	CHAIN;DOMAIN	Serine/threonine-protein kinase PAK 1;Protein kinase	transcription, DNA-templated	PAK1 -[Activation]-> transcription, DNA-templated	25675297	0																																		
PAK1	K299R	PAK1_HUMAN	CHAIN;DOMAIN	Serine/threonine-protein kinase PAK 1;Protein kinase	transcription, DNA-templated	PAK1 -[Inhibition]-> transcription, DNA-templated	25093037	0																																		
PAK1	K415R	PAK1_HUMAN	CHAIN;DOMAIN	Serine/threonine-protein kinase PAK 1;Protein kinase	cell migration	PAK1 -[Activation]-> cell migration	34282727	0																																		
PAK1	K415R	PAK1_HUMAN	CHAIN;DOMAIN	Serine/threonine-protein kinase PAK 1;Protein kinase	cell population proliferation	PAK1 -[Activation]-> cell population proliferation	34282727	0																																		
PAK1	K415R	PAK1_HUMAN	CHAIN;DOMAIN	Serine/threonine-protein kinase PAK 1;Protein kinase	localization	PAK1 -[Phosphorylation]-> Sts5 IDR -[Activation]-> localization	34282727	0																																		
PAK1	K415R	PAK1_HUMAN	CHAIN;DOMAIN	Serine/threonine-protein kinase PAK 1;Protein kinase	signal transduction	PAK1 -[Activation]-> signal transduction	34282727	0																																		
PAK1	L017F	PAK1_HUMAN	CHAIN;REGION	Serine/threonine-protein kinase PAK 1;Disordered	Cell Survival	PAK1 -[Activation]-> Cell Survival	26333361	0																																		
PAK1	L017F	PAK1_HUMAN	CHAIN;REGION	Serine/threonine-protein kinase PAK 1;Disordered	DNA Damage	PAK1 -[Phosphorylation]-> RAF1 -[Inhibition]-> DNA Damage	26333361	0																																		
PAK1	L017F	PAK1_HUMAN	CHAIN;REGION	Serine/threonine-protein kinase PAK 1;Disordered	DNA damage checkpoint	PAK1 -[Phosphorylation]-> RAF1 -[Inhibition]-> CHEK2 -[Activation]-> DNA damage checkpoint	26333361	0																																		
PAK1	L017F	PAK1_HUMAN	CHAIN;REGION	Serine/threonine-protein kinase PAK 1;Disordered	DNA repair	PAK1 -[Activation]-> DNA repair	26333361	0																																		
PAK1	L017F	PAK1_HUMAN	CHAIN;REGION	Serine/threonine-protein kinase PAK 1;Disordered	cell cycle	PAK1 -[Phosphorylation]-> RAF1 -[Activation]-> cell cycle	26333361	0																																		
PAK1	L98F	PAK1_HUMAN	CHAIN;REGION;REGION	Serine/threonine-protein kinase PAK 1;Autoregulatory region;GTPase-binding	FGFR	PAK1 -[Inhibition]-> ESYT2 -[Complex]-> FGFR	23213466	0																																		
PAK1	L98F	PAK1_HUMAN	CHAIN;REGION;REGION	Serine/threonine-protein kinase PAK 1;Autoregulatory region;GTPase-binding	endocytosis	PAK1 -[Inhibition]-> ESYT2 -[Activation]-> endocytosis	23213466	0																																		
PAK1	L98F	PAK1_HUMAN	CHAIN;REGION;REGION	Serine/threonine-protein kinase PAK 1;Autoregulatory region;GTPase-binding	signal transduction	PAK1 -[Inhibition]-> ESYT2 -[Activation]-> signal transduction	23213466	0																																		
PAK1	S79A	PAK1_HUMAN	CHAIN;DOMAIN;REGION;REGION	Serine/threonine-protein kinase PAK 1;CRIB;Autoregulatory region;GTPase-binding	Neoplasm Invasiveness	PAK1 -[Activation]-> Neoplasm Invasiveness	23936510	0																																		
PAK1	S79A	PAK1_HUMAN	CHAIN;DOMAIN;REGION;REGION	Serine/threonine-protein kinase PAK 1;CRIB;Autoregulatory region;GTPase-binding	Neoplasm Metastasis	PAK1 -[Activation]-> Neoplasm Metastasis	23936510	0																																		
PAK1	S79A	PAK1_HUMAN	CHAIN;DOMAIN;REGION;REGION	Serine/threonine-protein kinase PAK 1;CRIB;Autoregulatory region;GTPase-binding	cell migration	PAK1 -[Activation]-> cell migration	23936510	0																																		
PAK1	T423E	PAK1_HUMAN	CHAIN;DOMAIN	Serine/threonine-protein kinase PAK 1;Protein kinase	Breast Neoplasms	PAK1 -[Activation]-> Breast Neoplasms	27542844	0																																		
PAK1	T423E	PAK1_HUMAN	CHAIN;DOMAIN	Serine/threonine-protein kinase PAK 1;Protein kinase	Cell Survival	PAK1 -[Activation]-> Cell Survival	10611223	0																																		
PAK1	T423E	PAK1_HUMAN	CHAIN;DOMAIN	Serine/threonine-protein kinase PAK 1;Protein kinase	Cell Survival	PAK1 -[Activation]-> PRL -[Activation]-> Cell Survival	27542844	0																																		
PAK1	T423E	PAK1_HUMAN	CHAIN;DOMAIN	Serine/threonine-protein kinase PAK 1;Protein kinase	NLRP3 inflammasome complex assembly	PAK1 -[Inhibition]-> NLRP3 inflammasome complex assembly	33432150	0																																		
PAK1	T423E	PAK1_HUMAN	CHAIN;DOMAIN	Serine/threonine-protein kinase PAK 1;Protein kinase	Neoplasm Invasiveness	PAK1 -[Activation]-> Neoplasm Invasiveness	25675297	0																																		
PAK1	T423E	PAK1_HUMAN	CHAIN;DOMAIN	Serine/threonine-protein kinase PAK 1;Protein kinase	Neoplasm Invasiveness	PAK1 -[Activation]-> Neoplasm Invasiveness	27542844	0																																		
PAK1	T423E	PAK1_HUMAN	CHAIN;DOMAIN	Serine/threonine-protein kinase PAK 1;Protein kinase	Neoplasm Metastasis	PAK1 -[Activation]-> Neoplasm Metastasis	27542844	0																																		
PAK1	T423E	PAK1_HUMAN	CHAIN;DOMAIN	Serine/threonine-protein kinase PAK 1;Protein kinase	WT limb blood syndrome	PAK1 -[Activation]-> PTK2 -[Phosphorylation]-> WT limb blood syndrome	27542844	0																																		
PAK1	T423E	PAK1_HUMAN	CHAIN;DOMAIN	Serine/threonine-protein kinase PAK 1;Protein kinase	cell adhesion	PAK1 -[Activation]-> cell adhesion	27542844	0																																		
PAK1	T423E	PAK1_HUMAN	CHAIN;DOMAIN	Serine/threonine-protein kinase PAK 1;Protein kinase	cell migration	PAK1 -[Activation]-> PTK2 -[Activation]-> cell migration	27542844	0																																		
PAK1	T423E	PAK1_HUMAN	CHAIN;DOMAIN	Serine/threonine-protein kinase PAK 1;Protein kinase	cell motility	PAK1 -[Activation]-> cell motility	27542844	0																																		
PAK1	T423E	PAK1_HUMAN	CHAIN;DOMAIN	Serine/threonine-protein kinase PAK 1;Protein kinase	cell population proliferation	PAK1 -[Activation]-> cell population proliferation	25675297	0																																		
PAK1	T423E	PAK1_HUMAN	CHAIN;DOMAIN	Serine/threonine-protein kinase PAK 1;Protein kinase	epithelial to mesenchymal transition	PAK1 -[Activation]-> epithelial to mesenchymal transition	25675297	0																																		
PAK1	T423E	PAK1_HUMAN	CHAIN;DOMAIN	Serine/threonine-protein kinase PAK 1;Protein kinase	immune response	PAK1 -[Phosphorylation]-> NLRP3 -[Activation]-> immune response	33432150	0																																		
PAK1	T423E	PAK1_HUMAN	CHAIN;DOMAIN	Serine/threonine-protein kinase PAK 1;Protein kinase	localization	PAK1 -[Activation]-> localization	28918037	0																																		
PAK1	T423E	PAK1_HUMAN	CHAIN;DOMAIN	Serine/threonine-protein kinase PAK 1;Protein kinase	pyroptosis	PAK1 -[IncreaseAmount]-> CNF1 -[Activation]-> pyroptosis	33432150	0																																		
PAK1	T423E	PAK1_HUMAN	CHAIN;DOMAIN	Serine/threonine-protein kinase PAK 1;Protein kinase	transcription, DNA-templated	PAK1 -[Activation]-> transcription, DNA-templated	25675297	0																																		
PAK1	T47D	PAK1_HUMAN	CHAIN;REGION	Serine/threonine-protein kinase PAK 1;Disordered	Breast Neoplasms	PAK1 -[Activation]-> Breast Neoplasms	27542844	0																																		
PAK1	T47D	PAK1_HUMAN	CHAIN;REGION	Serine/threonine-protein kinase PAK 1;Disordered	Cell Survival	PAK1 -[Activation]-> PRL -[Activation]-> Cell Survival	27542844	0																																		
PAK1	T47D	PAK1_HUMAN	CHAIN;REGION	Serine/threonine-protein kinase PAK 1;Disordered	Neoplasm Invasiveness	PAK1 -[Activation]-> Neoplasm Invasiveness	27542844	0																																		
PAK1	T47D	PAK1_HUMAN	CHAIN;REGION	Serine/threonine-protein kinase PAK 1;Disordered	Neoplasm Metastasis	PAK1 -[Activation]-> Neoplasm Metastasis	27542844	0																																		
PAK1	T47D	PAK1_HUMAN	CHAIN;REGION	Serine/threonine-protein kinase PAK 1;Disordered	WT limb blood syndrome	PAK1 -[Activation]-> PTK2 -[Phosphorylation]-> WT limb blood syndrome	27542844	0																																		
PAK1	T47D	PAK1_HUMAN	CHAIN;REGION	Serine/threonine-protein kinase PAK 1;Disordered	cell adhesion	PAK1 -[Activation]-> cell adhesion	27542844	0																																		
PAK1	T47D	PAK1_HUMAN	CHAIN;REGION	Serine/threonine-protein kinase PAK 1;Disordered	cell migration	PAK1 -[Activation]-> PTK2 -[Activation]-> cell migration	27542844	0																																		
PAK1	T47D	PAK1_HUMAN	CHAIN;REGION	Serine/threonine-protein kinase PAK 1;Disordered	cell motility	PAK1 -[Activation]-> cell motility	27542844	0																																		
PAK1	Y153F	PAK1_HUMAN	CHAIN	Serine/threonine-protein kinase PAK 1	cell growth	PAK1 -[Activation]-> Genome polyprotein -[Activation]-> cell growth	26944939	0																																		
PAK1	Y153F	PAK1_HUMAN	CHAIN	Serine/threonine-protein kinase PAK 1	cell population proliferation	PAK1 -[Inhibition]-> cell population proliferation	26944939	0																																		
PAK1	Y3F	PAK1_HUMAN	CHAIN;REGION	Serine/threonine-protein kinase PAK 1;Disordered	Breast Neoplasms	PAK1 -[Activation]-> Breast Neoplasms	27542844	0																																		
PAK1	Y3F	PAK1_HUMAN	CHAIN;REGION	Serine/threonine-protein kinase PAK 1;Disordered	Breast Neoplasms	PAK1 -[Activation]-> PRL -[Activation]-> Breast Neoplasms	25472536	0																																		
PAK1	Y3F	PAK1_HUMAN	CHAIN;REGION	Serine/threonine-protein kinase PAK 1;Disordered	Cell Survival	PAK1 -[Activation]-> Cell Survival	25472536	0																																		
PAK1	Y3F	PAK1_HUMAN	CHAIN;REGION	Serine/threonine-protein kinase PAK 1;Disordered	Cell Survival	PAK1 -[Activation]-> PRL -[Activation]-> Cell Survival	27542844	0																																		
PAK1	Y3F	PAK1_HUMAN	CHAIN;REGION	Serine/threonine-protein kinase PAK 1;Disordered	Hyperplasia	PAK1 -[Activation]-> Hyperplasia	25472536	0																																		
PAK1	Y3F	PAK1_HUMAN	CHAIN;REGION	Serine/threonine-protein kinase PAK 1;Disordered	Neoplasm Invasiveness	PAK1 -[Activation]-> Neoplasm Invasiveness	25472536	0																																		
PAK1	Y3F	PAK1_HUMAN	CHAIN;REGION	Serine/threonine-protein kinase PAK 1;Disordered	Neoplasm Invasiveness	PAK1 -[Activation]-> Neoplasm Invasiveness	27542844	0																																		
PAK1	Y3F	PAK1_HUMAN	CHAIN;REGION	Serine/threonine-protein kinase PAK 1;Disordered	Neoplasm Metastasis	PAK1 -[Activation]-> Neoplasm Metastasis	25472536	0																																		
PAK1	Y3F	PAK1_HUMAN	CHAIN;REGION	Serine/threonine-protein kinase PAK 1;Disordered	Neoplasm Metastasis	PAK1 -[Activation]-> Neoplasm Metastasis	27542844	0																																		
PAK1	Y3F	PAK1_HUMAN	CHAIN;REGION	Serine/threonine-protein kinase PAK 1;Disordered	Neoplasms	PAK1 -[Inhibition]-> Neoplasms	25472536	0																																		
PAK1	Y3F	PAK1_HUMAN	CHAIN;REGION	Serine/threonine-protein kinase PAK 1;Disordered	WT limb blood syndrome	PAK1 -[Activation]-> PTK2 -[Phosphorylation]-> WT limb blood syndrome	27542844	0																																		
PAK1	Y3F	PAK1_HUMAN	CHAIN;REGION	Serine/threonine-protein kinase PAK 1;Disordered	apoptotic process	PAK1 -[Inhibition]-> apoptotic process	25472536	0																																		
PAK1	Y3F	PAK1_HUMAN	CHAIN;REGION	Serine/threonine-protein kinase PAK 1;Disordered	cell adhesion	PAK1 -[Activation]-> cell adhesion	27542844	0																																		
PAK1	Y3F	PAK1_HUMAN	CHAIN;REGION	Serine/threonine-protein kinase PAK 1;Disordered	cell adhesion	PAK1 -[Inhibition]-> cell adhesion	25472536	0																																		
PAK1	Y3F	PAK1_HUMAN	CHAIN;REGION	Serine/threonine-protein kinase PAK 1;Disordered	cell growth	PAK1 -[Activation]-> Genome polyprotein -[Activation]-> cell growth	26944939	0																																		
PAK1	Y3F	PAK1_HUMAN	CHAIN;REGION	Serine/threonine-protein kinase PAK 1;Disordered	cell migration	PAK1 -[Activation]-> PTK2 -[Activation]-> cell migration	27542844	0																																		
PAK1	Y3F	PAK1_HUMAN	CHAIN;REGION	Serine/threonine-protein kinase PAK 1;Disordered	cell migration	PAK1 -[Activation]-> cell migration	25472536	0																																		
PAK1	Y3F	PAK1_HUMAN	CHAIN;REGION	Serine/threonine-protein kinase PAK 1;Disordered	cell motility	PAK1 -[Activation]-> cell motility	27542844	0																																		
PAK1	Y3F	PAK1_HUMAN	CHAIN;REGION	Serine/threonine-protein kinase PAK 1;Disordered	cell motility	PAK1 -[Inhibition]-> cell motility	25472536	0																																		
PAK1	Y3F	PAK1_HUMAN	CHAIN;REGION	Serine/threonine-protein kinase PAK 1;Disordered	cell population proliferation	PAK1 -[Activation]-> cell population proliferation	25472536	0																																		
PAK1	Y3F	PAK1_HUMAN	CHAIN;REGION	Serine/threonine-protein kinase PAK 1;Disordered	cell population proliferation	PAK1 -[Inhibition]-> cell population proliferation	26944939	0																																		
PAK1	Y3F	PAK1_HUMAN	CHAIN;REGION	Serine/threonine-protein kinase PAK 1;Disordered	epithelial to mesenchymal transition	PAK1 -[IncreaseAmount]-> MMP3 -[Activation]-> epithelial to mesenchymal transition	25472536	0																																		
PAK1	Y3F	PAK1_HUMAN	CHAIN;REGION	Serine/threonine-protein kinase PAK 1;Disordered	localization	PAK1 -[Inhibition]-> localization	25472536	0																																		
PAK1	Y3F	PAK1_HUMAN	CHAIN;REGION	Serine/threonine-protein kinase PAK 1;Disordered	neuron migration	PAK1 -[Phosphorylation]-> FLNA -[Inhibition]-> neuron migration	25472536	0																																		
