variant_protein	variant_info	DomainProteinID	DomainFeature	DomainNote	biological_process/disease	chain	pmid	clinvar_match	#AlleleID	Type	Name	RS# (dbSNP)	disease_1	significance_1	star_1	disease_2	significance_2	star_2	disease_3	significance_3	star_3	disease_4	significance_4	star_4	disease_5	significance_5	star_5	disease_6	significance_6	star_6	disease_7	significance_7	star_7	disease_8	significance_8	star_8	disease_9	significance_9	star_9	disease_10	significance_10	star_10
PALB2	S59A	PALB2_HUMAN	CHAIN;REGION;REGION;REGION;REGION;REGION	Partner and localizer of BRCA2;;Interaction with BRCA1;Interaction with RAD51;;Disordered	DNA Damage	PALB2 -[Activation]-> DNA Damage	28089683	0																																		
PALB2	S59A	PALB2_HUMAN	CHAIN;REGION;REGION;REGION;REGION;REGION	Partner and localizer of BRCA2;;Interaction with BRCA1;Interaction with RAD51;;Disordered	DNA repair	PALB2 -[Inhibition]-> CDK -[Activation]-> DNA repair	28089683	0																																		
PALB2	S59A	PALB2_HUMAN	CHAIN;REGION;REGION;REGION;REGION;REGION	Partner and localizer of BRCA2;;Interaction with BRCA1;Interaction with RAD51;;Disordered	Radiation, Ionizing	PALB2 -[Complex]-> Radiation, Ionizing	28089683	0																																		
PALB2	S59A	PALB2_HUMAN	CHAIN;REGION;REGION;REGION;REGION;REGION	Partner and localizer of BRCA2;;Interaction with BRCA1;Interaction with RAD51;;Disordered	homologous recombination	PALB2 -[Activation]-> homologous recombination	28089683	0																																		
PALB2	S59E	PALB2_HUMAN	CHAIN;REGION;REGION;REGION;REGION;REGION	Partner and localizer of BRCA2;;Interaction with BRCA1;Interaction with RAD51;;Disordered	DNA Damage	PALB2 -[Activation]-> DNA Damage	28089683	0																																		
PALB2	S59E	PALB2_HUMAN	CHAIN;REGION;REGION;REGION;REGION;REGION	Partner and localizer of BRCA2;;Interaction with BRCA1;Interaction with RAD51;;Disordered	DNA repair	PALB2 -[Inhibition]-> CDK -[Activation]-> DNA repair	28089683	0																																		
PALB2	S59E	PALB2_HUMAN	CHAIN;REGION;REGION;REGION;REGION;REGION	Partner and localizer of BRCA2;;Interaction with BRCA1;Interaction with RAD51;;Disordered	Radiation, Ionizing	PALB2 -[Complex]-> Radiation, Ionizing	28089683	0																																		
PALB2	S59E	PALB2_HUMAN	CHAIN;REGION;REGION;REGION;REGION;REGION	Partner and localizer of BRCA2;;Interaction with BRCA1;Interaction with RAD51;;Disordered	homologous recombination	PALB2 -[Activation]-> homologous recombination	28089683	0																																		
PALB2	S64A	PALB2_HUMAN	CHAIN;REGION;REGION;REGION;REGION;REGION	Partner and localizer of BRCA2;;Interaction with BRCA1;Interaction with RAD51;;Disordered	DNA Damage	PALB2 -[Activation]-> DNA Damage	28089683	0																																		
PALB2	S64A	PALB2_HUMAN	CHAIN;REGION;REGION;REGION;REGION;REGION	Partner and localizer of BRCA2;;Interaction with BRCA1;Interaction with RAD51;;Disordered	DNA repair	PALB2 -[Inhibition]-> CDK -[Activation]-> DNA repair	28089683	0																																		
PALB2	S64A	PALB2_HUMAN	CHAIN;REGION;REGION;REGION;REGION;REGION	Partner and localizer of BRCA2;;Interaction with BRCA1;Interaction with RAD51;;Disordered	Radiation, Ionizing	PALB2 -[Complex]-> Radiation, Ionizing	28089683	0																																		
PALB2	S64A	PALB2_HUMAN	CHAIN;REGION;REGION;REGION;REGION;REGION	Partner and localizer of BRCA2;;Interaction with BRCA1;Interaction with RAD51;;Disordered	homologous recombination	PALB2 -[Activation]-> homologous recombination	28089683	0																																		
PALB2	T413S	PALB2_HUMAN	CHAIN;REGION;REGION	Partner and localizer of BRCA2;;	DNA Breaks, Double-Stranded	PALB2 -[Activation]-> DNA Breaks, Double-Stranded	29387807	0																																		
