variant_protein	variant_info	DomainProteinID	DomainFeature	DomainNote	biological_process/disease	chain	pmid	clinvar_match	#AlleleID	Type	Name	RS# (dbSNP)	disease_1	significance_1	star_1	disease_2	significance_2	star_2	disease_3	significance_3	star_3	disease_4	significance_4	star_4	disease_5	significance_5	star_5	disease_6	significance_6	star_6	disease_7	significance_7	star_7	disease_8	significance_8	star_8	disease_9	significance_9	star_9	disease_10	significance_10	star_10
PANX1	D378A	PANX1_HUMAN	CHAIN;CHAIN	Pannexin-1;Caspase-activated pannexin-1	Sepsis	PANX1 -[Activation]-> lipopolysaccharide -[Activation]-> inflammasome -[Activation]-> Sepsis	26572062	0																																		
PANX1	R217H	PANX1_HUMAN	CHAIN;CHAIN	Pannexin-1;Caspase-activated pannexin-1	Hearing Loss, Sensorineural	PANX1 -[Inhibition]-> Hearing Loss, Sensorineural	30564096	1	244033	single nucleotide variant	NM_015368.4(PANX1):c.650G>A (p.Arg217His)	143240087	not provided	Uncertain significance	0.0																											
PANX1	R217H	PANX1_HUMAN	CHAIN;CHAIN	Pannexin-1;Caspase-activated pannexin-1	Intellectual Disability	PANX1 -[Activation]-> Intellectual Disability	30564096	1	244033	single nucleotide variant	NM_015368.4(PANX1):c.650G>A (p.Arg217His)	143240087	not provided	Uncertain significance	0.0																											
PANX1	R217H	PANX1_HUMAN	CHAIN;CHAIN	Pannexin-1;Caspase-activated pannexin-1	P2RX	PANX1 -[Complex]-> P2RX	30564096	1	244033	single nucleotide variant	NM_015368.4(PANX1):c.650G>A (p.Arg217His)	143240087	not provided	Uncertain significance	0.0																											
