variant_protein	variant_info	DomainProteinID	DomainFeature	DomainNote	biological_process/disease	chain	pmid	clinvar_match	#AlleleID	Type	Name	RS# (dbSNP)	disease_1	significance_1	star_1	disease_2	significance_2	star_2	disease_3	significance_3	star_3	disease_4	significance_4	star_4	disease_5	significance_5	star_5	disease_6	significance_6	star_6	disease_7	significance_7	star_7	disease_8	significance_8	star_8	disease_9	significance_9	star_9	disease_10	significance_10	star_10
PDPN	D48A	PDPN_HUMAN	CHAIN;REGION	Podoplanin;Disordered	Neoplasm Metastasis	PDPN -[Inhibition]-> Neoplasm Metastasis	26684030	0																																		
PDPN	D48A	PDPN_HUMAN	CHAIN;REGION	Podoplanin;Disordered	Neoplasms	PDPN -[Activation]-> Neoplasms	26684030	0																																		
PDPN	G137L	PDPN_HUMAN	CHAIN;REGION	Podoplanin;	Neoplasm Invasiveness	PDPN -[Activation]-> Neoplasm Invasiveness	21376833	0																																		
PDPN	G137L	PDPN_HUMAN	CHAIN;REGION	Podoplanin;	cell adhesion	PDPN -[Activation]-> cell adhesion	21376833	0																																		
PDPN	G137L	PDPN_HUMAN	CHAIN;REGION	Podoplanin;	cell migration	PDPN -[Activation]-> cell migration	21376833	0																																		
PDPN	G137L	PDPN_HUMAN	CHAIN;REGION	Podoplanin;	epithelial to mesenchymal transition	PDPN -[Activation]-> epithelial to mesenchymal transition	21376833	0																																		
