variant_protein	variant_info	DomainProteinID	DomainFeature	DomainNote	biological_process/disease	chain	pmid	clinvar_match	#AlleleID	Type	Name	RS# (dbSNP)	disease_1	significance_1	star_1	disease_2	significance_2	star_2	disease_3	significance_3	star_3	disease_4	significance_4	star_4	disease_5	significance_5	star_5	disease_6	significance_6	star_6	disease_7	significance_7	star_7	disease_8	significance_8	star_8	disease_9	significance_9	star_9	disease_10	significance_10	star_10
PGAM5	H105A	PGAM5_HUMAN	CHAIN		autophagy	PGAM5 -[Activation]-> autophagy	24746696	0																																		
PGAM5	H105A	PGAM5_HUMAN	CHAIN		cellular component biogenesis	PGAM5 -[Activation]-> cellular component biogenesis	29438981	0																																		
PGAM5	H105A	PGAM5_HUMAN	CHAIN		cytokine production	PGAM5 -[Dephosphorylation]-> TCR -[Activation]-> cytokine production	27453048	0																																		
PGAM5	H105A	PGAM5_HUMAN	CHAIN		proteolysis	PGAM5 -[Inhibition]-> proteolysis	24746696	0																																		
PGAM5	S24F	PGAM5_HUMAN	CHAIN		cytokine production	PGAM5 -[Dephosphorylation]-> TCR -[Activation]-> cytokine production	27453048	0																																		
