variant_protein	variant_info	DomainProteinID	DomainFeature	DomainNote	biological_process/disease	chain	pmid	clinvar_match	#AlleleID	Type	Name	RS# (dbSNP)	disease_1	significance_1	star_1	disease_2	significance_2	star_2	disease_3	significance_3	star_3	disease_4	significance_4	star_4	disease_5	significance_5	star_5	disease_6	significance_6	star_6	disease_7	significance_7	star_7	disease_8	significance_8	star_8	disease_9	significance_9	star_9	disease_10	significance_10	star_10
PHF12	L212A	PHF12_HUMAN	CHAIN;REGION;REGION	PHD finger protein 12;Interaction with SIN3A;SIN3 interacting domain 1	cell cycle	PHF12 -[Complex]-> MORF4L1 -[Activation]-> cell cycle	22244764	0																																		
PHF12	L212A	PHF12_HUMAN	CHAIN;REGION;REGION	PHD finger protein 12;Interaction with SIN3A;SIN3 interacting domain 1	cell population proliferation	PHF12 -[Complex]-> MORF4L1 -[Activation]-> cell population proliferation	22244764	0																																		
PHF12	N221E	PHF12_HUMAN	CHAIN;REGION;REGION	PHD finger protein 12;Interaction with SIN3A;SIN3 interacting domain 1	cell cycle	PHF12 -[Complex]-> MORF4L1 -[Activation]-> cell cycle	22244764	0																																		
PHF12	N221E	PHF12_HUMAN	CHAIN;REGION;REGION	PHD finger protein 12;Interaction with SIN3A;SIN3 interacting domain 1	cell population proliferation	PHF12 -[Complex]-> MORF4L1 -[Activation]-> cell population proliferation	22244764	0																																		
