variant_protein	variant_info	DomainProteinID	DomainFeature	DomainNote	biological_process/disease	chain	pmid	clinvar_match	#AlleleID	Type	Name	RS# (dbSNP)	disease_1	significance_1	star_1	disease_2	significance_2	star_2	disease_3	significance_3	star_3	disease_4	significance_4	star_4	disease_5	significance_5	star_5	disease_6	significance_6	star_6	disease_7	significance_7	star_7	disease_8	significance_8	star_8	disease_9	significance_9	star_9	disease_10	significance_10	star_10
PIK3R1	K674R	P85A_HUMAN	CHAIN;DOMAIN	;SH2 2	cell population proliferation	PIK3R1 -[Activation]-> cell population proliferation	29636477	0																																		
PIK3R1	Q329L	P85A_HUMAN	CHAIN		cell population proliferation	PIK3R1 -[Activation]-> cell population proliferation	29636477	0																																		
PIK3R1	S154D	P85A_HUMAN	CHAIN;DOMAIN	;Rho-GAP	inflammatory response	PIK3R1 -[Complex]-> PKD1 -[Activation]-> inflammatory response	23129748	0																																		
PIK3R1	S154D	P85A_HUMAN	CHAIN;DOMAIN	;Rho-GAP	localization	PIK3R1 -[Activation]-> localization	23129748	0																																		
PIK3R1	Y504D	P85A_HUMAN	CHAIN		cell population proliferation	PIK3R1 -[Activation]-> cell population proliferation	29636477	0																																		
