variant_protein	variant_info	DomainProteinID	DomainFeature	DomainNote	biological_process/disease	chain	pmid	clinvar_match	#AlleleID	Type	Name	RS# (dbSNP)	disease_1	significance_1	star_1	disease_2	significance_2	star_2	disease_3	significance_3	star_3	disease_4	significance_4	star_4	disease_5	significance_5	star_5	disease_6	significance_6	star_6	disease_7	significance_7	star_7	disease_8	significance_8	star_8	disease_9	significance_9	star_9	disease_10	significance_10	star_10
PIM1	K67M	PIM1_HUMAN	CHAIN;DOMAIN	Serine/threonine-protein kinase pim-1;Protein kinase	apoptotic process	PIM1 -[Phosphorylation]-> AR -[Inhibition]-> apoptotic process	22986532	0																																		
PIM1	K67M	PIM1_HUMAN	CHAIN;DOMAIN	Serine/threonine-protein kinase pim-1;Protein kinase	cell differentiation	PIM1 -[Phosphorylation]-> AR -[Activation]-> cell differentiation	22986532	0																																		
PIM1	K67M	PIM1_HUMAN	CHAIN;DOMAIN	Serine/threonine-protein kinase pim-1;Protein kinase	cell population proliferation	PIM1 -[Phosphorylation]-> AR -[Inhibition]-> cell population proliferation	22986532	0																																		
PIM1	K67M	PIM1_HUMAN	CHAIN;DOMAIN	Serine/threonine-protein kinase pim-1;Protein kinase	transcription, DNA-templated	PIM1 -[Phosphorylation]-> AR -[Activation]-> transcription, DNA-templated	22986532	0																																		
