variant_protein	variant_info	DomainProteinID	DomainFeature	DomainNote	biological_process/disease	chain	pmid	clinvar_match	#AlleleID	Type	Name	RS# (dbSNP)	disease_1	significance_1	star_1	disease_2	significance_2	star_2	disease_3	significance_3	star_3	disease_4	significance_4	star_4	disease_5	significance_5	star_5	disease_6	significance_6	star_6	disease_7	significance_7	star_7	disease_8	significance_8	star_8	disease_9	significance_9	star_9	disease_10	significance_10	star_10
PINK1	C568A	PINK1_HUMAN	CHAIN		cell death	PINK1 -[Activation]-> cell death	29166608	0																																		
PINK1	C658A				cell death	PINK1 -[Activation]-> cell death	29166608	0																																		
PINK1	G309D	PINK1_HUMAN	CHAIN;DOMAIN	;Protein kinase	Alzheimer Disease	PINK1 -[Activation]-> SLPI -[Activation]-> Alzheimer Disease	35059394	1	17443	single nucleotide variant	NM_032409.3(PINK1):c.926G>A (p.Gly309Asp)	74315355	Autosomal recessive early-onset Parkinson disease 6	Pathogenic	0.0																											
PINK1	G309D	PINK1_HUMAN	CHAIN;DOMAIN	;Protein kinase	Cell Survival	PINK1 -[Activation]-> Cell Survival	17579517	1	17443	single nucleotide variant	NM_032409.3(PINK1):c.926G>A (p.Gly309Asp)	74315355	Autosomal recessive early-onset Parkinson disease 6	Pathogenic	0.0																											
PINK1	G309D	PINK1_HUMAN	CHAIN;DOMAIN	;Protein kinase	Cell Survival	PINK1 -[IncreaseAmount]-> HMOX1 -[Activation]-> Cell Survival	21366594	1	17443	single nucleotide variant	NM_032409.3(PINK1):c.926G>A (p.Gly309Asp)	74315355	Autosomal recessive early-onset Parkinson disease 6	Pathogenic	0.0																											
PINK1	G309D	PINK1_HUMAN	CHAIN;DOMAIN	;Protein kinase	Death	PINK1 -[Activation]-> Death	28806787	1	17443	single nucleotide variant	NM_032409.3(PINK1):c.926G>A (p.Gly309Asp)	74315355	Autosomal recessive early-onset Parkinson disease 6	Pathogenic	0.0																											
PINK1	G309D	PINK1_HUMAN	CHAIN;DOMAIN	;Protein kinase	L-gulonolactone oxidase activity	PINK1 -[Ubiquitination]-> GLO -[Complex]-> PRKN -[Ubiquitination]-> L-gulonolactone oxidase activity	25565208	1	17443	single nucleotide variant	NM_032409.3(PINK1):c.926G>A (p.Gly309Asp)	74315355	Autosomal recessive early-onset Parkinson disease 6	Pathogenic	0.0																											
PINK1	G309D	PINK1_HUMAN	CHAIN;DOMAIN	;Protein kinase	Parkinson Disease	PINK1 -[Inhibition]-> Parkinson Disease	28806787	1	17443	single nucleotide variant	NM_032409.3(PINK1):c.926G>A (p.Gly309Asp)	74315355	Autosomal recessive early-onset Parkinson disease 6	Pathogenic	0.0																											
PINK1	G309D	PINK1_HUMAN	CHAIN;DOMAIN	;Protein kinase	apoptotic process	PINK1 -[Activation]-> apoptotic process	21366594	1	17443	single nucleotide variant	NM_032409.3(PINK1):c.926G>A (p.Gly309Asp)	74315355	Autosomal recessive early-onset Parkinson disease 6	Pathogenic	0.0																											
PINK1	G309D	PINK1_HUMAN	CHAIN;DOMAIN	;Protein kinase	apoptotic process	PINK1 -[Inhibition]-> apoptotic process	17579517	1	17443	single nucleotide variant	NM_032409.3(PINK1):c.926G>A (p.Gly309Asp)	74315355	Autosomal recessive early-onset Parkinson disease 6	Pathogenic	0.0																											
PINK1	G309D	PINK1_HUMAN	CHAIN;DOMAIN	;Protein kinase	apoptotic process	PINK1 -[Inhibition]-> hTau -[Activation]-> apoptotic process	35059394	1	17443	single nucleotide variant	NM_032409.3(PINK1):c.926G>A (p.Gly309Asp)	74315355	Autosomal recessive early-onset Parkinson disease 6	Pathogenic	0.0																											
PINK1	G309D	PINK1_HUMAN	CHAIN;DOMAIN	;Protein kinase	cell adhesion	PINK1 -[Inhibition]-> cell adhesion	24385196	1	17443	single nucleotide variant	NM_032409.3(PINK1):c.926G>A (p.Gly309Asp)	74315355	Autosomal recessive early-onset Parkinson disease 6	Pathogenic	0.0																											
PINK1	G309D	PINK1_HUMAN	CHAIN;DOMAIN	;Protein kinase	cell death	PINK1 -[Activation]-> cell death	28806787	1	17443	single nucleotide variant	NM_032409.3(PINK1):c.926G>A (p.Gly309Asp)	74315355	Autosomal recessive early-onset Parkinson disease 6	Pathogenic	0.0																											
PINK1	G309D	PINK1_HUMAN	CHAIN;DOMAIN	;Protein kinase	cell death	PINK1 -[Inhibition]-> cell death	17579517	1	17443	single nucleotide variant	NM_032409.3(PINK1):c.926G>A (p.Gly309Asp)	74315355	Autosomal recessive early-onset Parkinson disease 6	Pathogenic	0.0																											
PINK1	G309D	PINK1_HUMAN	CHAIN;DOMAIN	;Protein kinase	proteasome-mediated ubiquitin-dependent protein catabolic process	PINK1 -[Inhibition]-> proteasome-mediated ubiquitin-dependent protein catabolic process	35059394	1	17443	single nucleotide variant	NM_032409.3(PINK1):c.926G>A (p.Gly309Asp)	74315355	Autosomal recessive early-onset Parkinson disease 6	Pathogenic	0.0																											
PINK1	G309D	PINK1_HUMAN	CHAIN;DOMAIN	;Protein kinase	proteolysis	PINK1 -[Phosphorylation]-> PRKN -[Inhibition]-> proteolysis	27148961	1	17443	single nucleotide variant	NM_032409.3(PINK1):c.926G>A (p.Gly309Asp)	74315355	Autosomal recessive early-onset Parkinson disease 6	Pathogenic	0.0																											
PINK1	G309D	PINK1_HUMAN	CHAIN;DOMAIN	;Protein kinase	translation	PINK1 -[Activation]-> Tom20 RNAi -[Inhibition]-> translation	25565208	1	17443	single nucleotide variant	NM_032409.3(PINK1):c.926G>A (p.Gly309Asp)	74315355	Autosomal recessive early-onset Parkinson disease 6	Pathogenic	0.0																											
PINK1	G411S	PINK1_HUMAN	CHAIN;DOMAIN	;Protein kinase	Death	PINK1 -[Activation]-> Parkinson Disease -[Activation]-> Death	29719505	1	690474	single nucleotide variant	NM_032409.3(PINK1):c.1231G>A (p.Gly411Ser)	45478900	Autosomal recessive early-onset Parkinson disease 6	Conflicting classifications of pathogenicity	0.0	not provided			not specified			PINK1-related disorder																				
PINK1	G411S	PINK1_HUMAN	CHAIN;DOMAIN	;Protein kinase	Parkinson Disease	PINK1 -[Activation]-> Parkinson Disease	29719505	1	690474	single nucleotide variant	NM_032409.3(PINK1):c.1231G>A (p.Gly411Ser)	45478900	Autosomal recessive early-onset Parkinson disease 6	Conflicting classifications of pathogenicity	0.0	not provided			not specified			PINK1-related disorder																				
PINK1	G411S	PINK1_HUMAN	CHAIN;DOMAIN	;Protein kinase	apoptotic process	PINK1 -[Complex]-> SNCA -[Activation]-> apoptotic process	29719505	1	690474	single nucleotide variant	NM_032409.3(PINK1):c.1231G>A (p.Gly411Ser)	45478900	Autosomal recessive early-onset Parkinson disease 6	Conflicting classifications of pathogenicity	0.0	not provided			not specified			PINK1-related disorder																				
PINK1	G411S	PINK1_HUMAN	CHAIN;DOMAIN	;Protein kinase	autophagy	PINK1 -[Complex]-> SNCA -[Inhibition]-> autophagy	29719505	1	690474	single nucleotide variant	NM_032409.3(PINK1):c.1231G>A (p.Gly411Ser)	45478900	Autosomal recessive early-onset Parkinson disease 6	Conflicting classifications of pathogenicity	0.0	not provided			not specified			PINK1-related disorder																				
PINK1	G411S	PINK1_HUMAN	CHAIN;DOMAIN	;Protein kinase	cell death	PINK1 -[Complex]-> SNCA -[Activation]-> cell death	29719505	1	690474	single nucleotide variant	NM_032409.3(PINK1):c.1231G>A (p.Gly411Ser)	45478900	Autosomal recessive early-onset Parkinson disease 6	Conflicting classifications of pathogenicity	0.0	not provided			not specified			PINK1-related disorder																				
PINK1	G411S	PINK1_HUMAN	CHAIN;DOMAIN	;Protein kinase	oxidative phosphorylation	PINK1 -[Activation]-> Parkinson Disease -[Inhibition]-> oxidative phosphorylation	29719505	1	690474	single nucleotide variant	NM_032409.3(PINK1):c.1231G>A (p.Gly411Ser)	45478900	Autosomal recessive early-onset Parkinson disease 6	Conflicting classifications of pathogenicity	0.0	not provided			not specified			PINK1-related disorder																				
PINK1	K219M	PINK1_HUMAN	CHAIN;DOMAIN	;Protein kinase	Neuronal Plasticity	PINK1 -[Inhibition]-> mitochondrial fission -[Activation]-> Neuronal Plasticity	30515821	0																																		
PINK1	K219M	PINK1_HUMAN	CHAIN;DOMAIN	;Protein kinase	inflammatory response	PINK1 -[Inhibition]-> mitochondrial fission -[Activation]-> inflammatory response	30515821	0																																		
PINK1	K219M	PINK1_HUMAN	CHAIN;DOMAIN	;Protein kinase	mitochondrial fission	PINK1 -[Inhibition]-> mitochondrial fission	30515821	0																																		
PINK1	K219M	PINK1_HUMAN	CHAIN;DOMAIN	;Protein kinase	neuron differentiation	PINK1 -[Inhibition]-> mitochondrial fission -[Activation]-> neuron differentiation	30515821	0																																		
PINK1	K219M	PINK1_HUMAN	CHAIN;DOMAIN	;Protein kinase	programmed cell death	PINK1 -[Inhibition]-> mitochondrial fission -[Activation]-> programmed cell death	30515821	0																																		
PINK1	N521T	PINK1_HUMAN	CHAIN		apoptotic process	PINK1 -[Inhibition]-> glucose -[Activation]-> apoptotic process	25659350	1	279809	single nucleotide variant	NM_032409.3(PINK1):c.1562A>C (p.Asn521Thr)	1043424	Congenital disorder of glycosylation	Benign/Likely benign	2.0	Parkinson Disease, Recessive			not specified			not provided			Autosomal recessive early-onset Parkinson disease 6																	
PINK1	P209A	PINK1_HUMAN	CHAIN;DOMAIN	;Protein kinase	cell death	PINK1 -[Activation]-> cell death	23261939	0																																		
PINK1	P399L	PINK1_HUMAN	CHAIN;DOMAIN	;Protein kinase	Death	PINK1 -[Inhibition]-> Death	16632486	1	17456	single nucleotide variant	NM_032409.3(PINK1):c.1196C>T (p.Pro399Leu)	119451946	Parkinson disease, autosomal recessive early-onset, digenic, PINK1/DJ1	Pathogenic	0.0																											
PINK1	P399L	PINK1_HUMAN	CHAIN;DOMAIN	;Protein kinase	cell death	PINK1 -[Inhibition]-> cell death	16632486	1	17456	single nucleotide variant	NM_032409.3(PINK1):c.1196C>T (p.Pro399Leu)	119451946	Parkinson disease, autosomal recessive early-onset, digenic, PINK1/DJ1	Pathogenic	0.0																											
PINK1	P95A	PINK1_HUMAN	CHAIN		localization	PINK1 -[Activation]-> localization	21138942	0																																		
PINK1	P95A	PINK1_HUMAN	CHAIN		regulation of mitochondrial membrane potential	PINK1 -[Inhibition]-> regulation of mitochondrial membrane potential	21138942	0																																		
PINK1	S346A	PINK1_HUMAN	CHAIN;DOMAIN	;Protein kinase	Death	PINK1 -[Activation]-> Death	27906179	0																																		
PINK1	S346A	PINK1_HUMAN	CHAIN;DOMAIN	;Protein kinase	cell death	PINK1 -[Inhibition]-> cell death	27906179	0																																		
PINK1	S346D	PINK1_HUMAN	CHAIN;DOMAIN	;Protein kinase	Death	PINK1 -[Activation]-> Death	27906179	0																																		
PINK1	S346D	PINK1_HUMAN	CHAIN;DOMAIN	;Protein kinase	cell death	PINK1 -[Inhibition]-> cell death	27906179	0																																		
PINK1	S519A	PINK1_HUMAN	CHAIN		Death	PINK1 -[Activation]-> Death	27906179	0																																		
PINK1	S519A	PINK1_HUMAN	CHAIN		cell death	PINK1 -[Inhibition]-> cell death	27906179	0																																		
