variant_protein	variant_info	DomainProteinID	DomainFeature	DomainNote	biological_process/disease	chain	pmid	clinvar_match	#AlleleID	Type	Name	RS# (dbSNP)	disease_1	significance_1	star_1	disease_2	significance_2	star_2	disease_3	significance_3	star_3	disease_4	significance_4	star_4	disease_5	significance_5	star_5	disease_6	significance_6	star_6	disease_7	significance_7	star_7	disease_8	significance_8	star_8	disease_9	significance_9	star_9	disease_10	significance_10	star_10
PLP2	D1849A				apoptotic process	PLP2 -[Activation]-> apoptotic process	25505178	0																																		
PLP2	D1849A				immune response	PLP2 -[Activation]-> TP53 -[Activation]-> immune response	25505178	0																																		
PLP2	D1849A				innate immune response	PLP2 -[Inhibition]-> innate immune response	25505178	0																																		
PLP2	D1849A				transcription, DNA-templated	PLP2 -[Inhibition]-> transcription, DNA-templated	25505178	0																																		
PLP2	D1849A				viral life cycle	PLP2 -[Activation]-> viral life cycle	25505178	0																																		
