variant_protein	variant_info	DomainProteinID	DomainFeature	DomainNote	biological_process/disease	chain	pmid	clinvar_match	#AlleleID	Type	Name	RS# (dbSNP)	disease_1	significance_1	star_1	disease_2	significance_2	star_2	disease_3	significance_3	star_3	disease_4	significance_4	star_4	disease_5	significance_5	star_5	disease_6	significance_6	star_6	disease_7	significance_7	star_7	disease_8	significance_8	star_8	disease_9	significance_9	star_9	disease_10	significance_10	star_10
POLD1	H931A	DPOD1_HUMAN	CHAIN	DNA polymerase delta catalytic subunit	DNA biosynthetic process	POLD1 -[Activation]-> DNA biosynthetic process	33137176	0																																		
POLD1	H931A	DPOD1_HUMAN	CHAIN	DNA polymerase delta catalytic subunit	RNA biosynthetic process	POLD1 -[Activation]-> RNA biosynthetic process	33137176	0																																		
POLD1	R1060C	DPOD1_HUMAN	CHAIN;MOTIF	DNA polymerase delta catalytic subunit;CysB motif	DNA replication	POLD1 -[Inhibition]-> DNA replication	31629014	1	848021	single nucleotide variant	NM_002691.4(POLD1):c.3178C>T (p.Arg1060Cys)	777018011	Colorectal cancer, susceptibility to, 10	Uncertain significance	2.0	Immunodeficiency 120			Hereditary cancer-predisposing syndrome																							
POLD1	R648Q	DPOD1_HUMAN	CHAIN	DNA polymerase delta catalytic subunit	DNA replication	POLD1 -[Activation]-> DNA replication	27320729	0																																		
POLD1	R648Q	DPOD1_HUMAN	CHAIN	DNA polymerase delta catalytic subunit	transcription, DNA-templated	POLD1 -[Complex]-> TP53 -[Activation]-> indirect p21-dependent activation p107 DP E2F4 DREAM complex -[Inhibition]-> transcription, DNA-templated	27320729	0																																		
POLD1	R689W	DPOD1_HUMAN	CHAIN	DNA polymerase delta catalytic subunit	Cell Survival	POLD1 -[Inhibition]-> Cell Survival	33144657	1	432964	single nucleotide variant	NM_002691.4(POLD1):c.2065C>T (p.Arg689Trp)	747628342	not specified	Uncertain significance	2.0	Colorectal cancer, susceptibility to, 10			not provided			Hereditary cancer-predisposing syndrome																				
POLD1	R689W	DPOD1_HUMAN	CHAIN	DNA polymerase delta catalytic subunit	Genomic Instability	POLD1 -[Activation]-> Genomic Instability	33144657	1	432964	single nucleotide variant	NM_002691.4(POLD1):c.2065C>T (p.Arg689Trp)	747628342	not specified	Uncertain significance	2.0	Colorectal cancer, susceptibility to, 10			not provided			Hereditary cancer-predisposing syndrome																				
POLD1	R689W	DPOD1_HUMAN	CHAIN	DNA polymerase delta catalytic subunit	cell population proliferation	POLD1 -[Inhibition]-> cell population proliferation	33144657	1	432964	single nucleotide variant	NM_002691.4(POLD1):c.2065C>T (p.Arg689Trp)	747628342	not specified	Uncertain significance	2.0	Colorectal cancer, susceptibility to, 10			not provided			Hereditary cancer-predisposing syndrome																				
