variant_protein	variant_info	DomainProteinID	DomainFeature	DomainNote	biological_process/disease	chain	pmid	clinvar_match	#AlleleID	Type	Name	RS# (dbSNP)	disease_1	significance_1	star_1	disease_2	significance_2	star_2	disease_3	significance_3	star_3	disease_4	significance_4	star_4	disease_5	significance_5	star_5	disease_6	significance_6	star_6	disease_7	significance_7	star_7	disease_8	significance_8	star_8	disease_9	significance_9	star_9	disease_10	significance_10	star_10
PPIA	F60A	PPIA_HUMAN	CHAIN;CHAIN;DOMAIN	Peptidyl-prolyl cis-trans isomerase A;;PPIase cyclophilin-type	Neoplasm Metastasis	PPIA -[Activation]-> Neoplasm Metastasis	26020957	0																																		
PPIA	F60A	PPIA_HUMAN	CHAIN;CHAIN;DOMAIN	Peptidyl-prolyl cis-trans isomerase A;;PPIase cyclophilin-type	Neoplasms	PPIA -[Complex]-> cyclosporin A -[Inhibition]-> Neoplasms	26020957	0																																		
PPIA	F60A	PPIA_HUMAN	CHAIN;CHAIN;DOMAIN	Peptidyl-prolyl cis-trans isomerase A;;PPIase cyclophilin-type	Small Cell Lung Carcinoma	PPIA -[Activation]-> Small Cell Lung Carcinoma	26020957	0																																		
PPIA	F60A	PPIA_HUMAN	CHAIN;CHAIN;DOMAIN	Peptidyl-prolyl cis-trans isomerase A;;PPIase cyclophilin-type	cell cycle	PPIA -[Complex]-> cyclosporin A -[Inhibition]-> cell cycle	26020957	0																																		
PPIA	F60A	PPIA_HUMAN	CHAIN;CHAIN;DOMAIN	Peptidyl-prolyl cis-trans isomerase A;;PPIase cyclophilin-type	cell growth	PPIA -[Complex]-> cyclosporin A -[Inhibition]-> cell growth	26020957	0																																		
PPIA	F60A	PPIA_HUMAN	CHAIN;CHAIN;DOMAIN	Peptidyl-prolyl cis-trans isomerase A;;PPIase cyclophilin-type	necroptotic process	PPIA -[Complex]-> cyclosporin A -[Inhibition]-> necroptotic process	26020957	0																																		
PPIA	H54Q	PPIA_HUMAN	CHAIN;CHAIN;DOMAIN	Peptidyl-prolyl cis-trans isomerase A;;PPIase cyclophilin-type	immune response	PPIA -[Inhibition]-> immune response	26305669	0																																		
PPIA	H54Q	PPIA_HUMAN	CHAIN;CHAIN;DOMAIN	Peptidyl-prolyl cis-trans isomerase A;;PPIase cyclophilin-type	innate immune response	PPIA -[Activation]-> innate immune response	26305669	0																																		
PPIA	P29K	PPIA_HUMAN	CHAIN;CHAIN;DOMAIN	Peptidyl-prolyl cis-trans isomerase A;;PPIase cyclophilin-type	HIV Infections	PPIA -[Activation]-> HIV Infections	30947724	0																																		
PPIA	P29K	PPIA_HUMAN	CHAIN;CHAIN;DOMAIN	Peptidyl-prolyl cis-trans isomerase A;;PPIase cyclophilin-type	Infections	PPIA -[Activation]-> Infections	30947724	0																																		
PPIA	R55A	PPIA_HUMAN	CHAIN;CHAIN;DOMAIN	Peptidyl-prolyl cis-trans isomerase A;;PPIase cyclophilin-type	Hepatitis C	PPIA -[Inhibition]-> Hepatitis C	22580540	0																																		
PPIA	R55A	PPIA_HUMAN	CHAIN;CHAIN;DOMAIN	Peptidyl-prolyl cis-trans isomerase A;;PPIase cyclophilin-type	Neoplasm Metastasis	PPIA -[Activation]-> Neoplasm Metastasis	26020957	0																																		
PPIA	R55A	PPIA_HUMAN	CHAIN;CHAIN;DOMAIN	Peptidyl-prolyl cis-trans isomerase A;;PPIase cyclophilin-type	Neoplasms	PPIA -[Complex]-> cyclosporin A -[Inhibition]-> Neoplasms	26020957	0																																		
PPIA	R55A	PPIA_HUMAN	CHAIN;CHAIN;DOMAIN	Peptidyl-prolyl cis-trans isomerase A;;PPIase cyclophilin-type	Small Cell Lung Carcinoma	PPIA -[Activation]-> Small Cell Lung Carcinoma	26020957	0																																		
PPIA	R55A	PPIA_HUMAN	CHAIN;CHAIN;DOMAIN	Peptidyl-prolyl cis-trans isomerase A;;PPIase cyclophilin-type	cell cycle	PPIA -[Complex]-> cyclosporin A -[Inhibition]-> cell cycle	26020957	0																																		
PPIA	R55A	PPIA_HUMAN	CHAIN;CHAIN;DOMAIN	Peptidyl-prolyl cis-trans isomerase A;;PPIase cyclophilin-type	cell growth	PPIA -[Complex]-> cyclosporin A -[Inhibition]-> cell growth	26020957	0																																		
PPIA	R55A	PPIA_HUMAN	CHAIN;CHAIN;DOMAIN	Peptidyl-prolyl cis-trans isomerase A;;PPIase cyclophilin-type	necroptotic process	PPIA -[Complex]-> cyclosporin A -[Inhibition]-> necroptotic process	26020957	0																																		
