variant_protein	variant_info	DomainProteinID	DomainFeature	DomainNote	biological_process/disease	chain	pmid	clinvar_match	#AlleleID	Type	Name	RS# (dbSNP)	disease_1	significance_1	star_1	disease_2	significance_2	star_2	disease_3	significance_3	star_3	disease_4	significance_4	star_4	disease_5	significance_5	star_5	disease_6	significance_6	star_6	disease_7	significance_7	star_7	disease_8	significance_8	star_8	disease_9	significance_9	star_9	disease_10	significance_10	star_10
PPM1A	D239K	PPM1A_HUMAN	CHAIN;DOMAIN	Protein phosphatase 1A;PPM-type phosphatase	Cadmium Poisoning	PPM1A -[Activation]-> cadmium(2+) -[Activation]-> Cadmium Poisoning	23903585	0																																		
PPM1A	D239K	PPM1A_HUMAN	CHAIN;DOMAIN	Protein phosphatase 1A;PPM-type phosphatase	DNA repair	PPM1A -[Activation]-> cadmium(2+) -[Inhibition]-> DNA repair	23903585	0																																		
PPM1A	D239K	PPM1A_HUMAN	CHAIN;DOMAIN	Protein phosphatase 1A;PPM-type phosphatase	apoptotic process	PPM1A -[Activation]-> apoptotic process	23903585	0																																		
PPM1A	D239K	PPM1A_HUMAN	CHAIN;DOMAIN	Protein phosphatase 1A;PPM-type phosphatase	cell cycle	PPM1A -[Inhibition]-> cell cycle	23903585	0																																		
PPM1A	D239K	PPM1A_HUMAN	CHAIN;DOMAIN	Protein phosphatase 1A;PPM-type phosphatase	cell death	PPM1A -[Inhibition]-> cell death	23903585	0																																		
PPM1A	D239N	PPM1A_HUMAN	CHAIN;DOMAIN	Protein phosphatase 1A;PPM-type phosphatase	Neoplasm Invasiveness	PPM1A -[Inhibition]-> Neoplasm Invasiveness	28283039	0																																		
PPM1A	D239N	PPM1A_HUMAN	CHAIN;DOMAIN	Protein phosphatase 1A;PPM-type phosphatase	Neoplasm Metastasis	PPM1A -[Inhibition]-> Neoplasm Metastasis	28283039	0																																		
PPM1A	D239N	PPM1A_HUMAN	CHAIN;DOMAIN	Protein phosphatase 1A;PPM-type phosphatase	cell migration	PPM1A -[Inhibition]-> cell migration	28283039	0																																		
PPM1A	D239N	PPM1A_HUMAN	CHAIN;DOMAIN	Protein phosphatase 1A;PPM-type phosphatase	cell motility	PPM1A -[Inhibition]-> cell motility	28283039	0																																		
PPM1A	D239N	PPM1A_HUMAN	CHAIN;DOMAIN	Protein phosphatase 1A;PPM-type phosphatase	epithelial to mesenchymal transition	PPM1A -[Inhibition]-> epithelial to mesenchymal transition	28283039	0																																		
PPM1A	D239N	PPM1A_HUMAN	CHAIN;DOMAIN	Protein phosphatase 1A;PPM-type phosphatase	transcription, DNA-templated	PPM1A -[Inhibition]-> S11 -[Activation]-> transcription, DNA-templated	28283039	0																																		
PPM1A	R174G	PPM1A_HUMAN	CHAIN;DOMAIN	Protein phosphatase 1A;PPM-type phosphatase	transcription, DNA-templated	PPM1A -[DecreaseAmount]-> STING1 -[Activation]-> transcription, DNA-templated	25815785	0																																		
PPM1A	R174G	PPM1A_HUMAN	CHAIN;DOMAIN	Protein phosphatase 1A;PPM-type phosphatase	type I interferon receptor binding	PPM1A -[DecreaseAmount]-> STING1 -[Activation]-> type I interferon receptor binding	25815785	0																																		
