variant_protein	variant_info	DomainProteinID	DomainFeature	DomainNote	biological_process/disease	chain	pmid	clinvar_match	#AlleleID	Type	Name	RS# (dbSNP)	disease_1	significance_1	star_1	disease_2	significance_2	star_2	disease_3	significance_3	star_3	disease_4	significance_4	star_4	disease_5	significance_5	star_5	disease_6	significance_6	star_6	disease_7	significance_7	star_7	disease_8	significance_8	star_8	disease_9	significance_9	star_9	disease_10	significance_10	star_10
PRMT6	D88A	ANM6_HUMAN	CHAIN;DOMAIN	Protein arginine N-methyltransferase 6;SAM-dependent MTase PRMT-type	Cell Survival	PRMT6 -[Inhibition]-> Cell Survival	25569348	0																																		
PRMT6	D88A	ANM6_HUMAN	CHAIN;DOMAIN	Protein arginine N-methyltransferase 6;SAM-dependent MTase PRMT-type	Death	PRMT6 -[Activation]-> Death	25569348	0																																		
PRMT6	D88A	ANM6_HUMAN	CHAIN;DOMAIN	Protein arginine N-methyltransferase 6;SAM-dependent MTase PRMT-type	transcription, DNA-templated	PRMT6 -[Activation]-> transcription, DNA-templated	25569348	0																																		
PRMT6	K369R	ANM6_HUMAN	CHAIN;DOMAIN	Protein arginine N-methyltransferase 6;SAM-dependent MTase PRMT-type	cell cycle	PRMT6 -[Activation]-> cell cycle	32828318	0																																		
PRMT6	V86K	ANM6_HUMAN	CHAIN;DOMAIN	Protein arginine N-methyltransferase 6;SAM-dependent MTase PRMT-type	Cell Survival	PRMT6 -[Inhibition]-> Cell Survival	25569348	0																																		
PRMT6	V86K	ANM6_HUMAN	CHAIN;DOMAIN	Protein arginine N-methyltransferase 6;SAM-dependent MTase PRMT-type	Death	PRMT6 -[Activation]-> Death	25569348	0																																		
PRMT6	V86K	ANM6_HUMAN	CHAIN;DOMAIN	Protein arginine N-methyltransferase 6;SAM-dependent MTase PRMT-type	transcription, DNA-templated	PRMT6 -[Activation]-> transcription, DNA-templated	25569348	0																																		
