variant_protein	variant_info	DomainProteinID	DomainFeature	DomainNote	biological_process/disease	chain	pmid	clinvar_match	#AlleleID	Type	Name	RS# (dbSNP)	disease_1	significance_1	star_1	disease_2	significance_2	star_2	disease_3	significance_3	star_3	disease_4	significance_4	star_4	disease_5	significance_5	star_5	disease_6	significance_6	star_6	disease_7	significance_7	star_7	disease_8	significance_8	star_8	disease_9	significance_9	star_9	disease_10	significance_10	star_10
PTPRD	G1707R	PTPRD_HUMAN	CHAIN;DOMAIN	Receptor-type tyrosine-protein phosphatase delta;Tyrosine-protein phosphatase 2	apoptotic process	PTPRD -[Inhibition]-> apoptotic process	25113440	0																																		
PTPRD	G1707R	PTPRD_HUMAN	CHAIN;DOMAIN	Receptor-type tyrosine-protein phosphatase delta;Tyrosine-protein phosphatase 2	cell growth	PTPRD -[Inhibition]-> cell growth	25113440	0																																		
PTPRD	G1707R	PTPRD_HUMAN	CHAIN;DOMAIN	Receptor-type tyrosine-protein phosphatase delta;Tyrosine-protein phosphatase 2	cell migration	PTPRD -[Inhibition]-> cell migration	25113440	0																																		
PTPRD	G1707R	PTPRD_HUMAN	CHAIN;DOMAIN	Receptor-type tyrosine-protein phosphatase delta;Tyrosine-protein phosphatase 2	cell-cell adhesion	PTPRD -[Dephosphorylation]-> DSP -[Inhibition]-> cell-cell adhesion	25113440	0																																		
