variant_protein	variant_info	DomainProteinID	DomainFeature	DomainNote	biological_process/disease	chain	pmid	clinvar_match	#AlleleID	Type	Name	RS# (dbSNP)	disease_1	significance_1	star_1	disease_2	significance_2	star_2	disease_3	significance_3	star_3	disease_4	significance_4	star_4	disease_5	significance_5	star_5	disease_6	significance_6	star_6	disease_7	significance_7	star_7	disease_8	significance_8	star_8	disease_9	significance_9	star_9	disease_10	significance_10	star_10
PXN	F577E	PAXI_HUMAN	CHAIN;DOMAIN	Paxillin;LIM zinc-binding 4	cell adhesion	PXN -[Activation]-> tlnM3 -[Activation]-> cell adhesion	35488005	0																																		
PXN	F577E	PAXI_HUMAN	CHAIN;DOMAIN	Paxillin;LIM zinc-binding 4	integrin activation	PXN -[Activation]-> integrin activation	35488005	0																																		
PXN	S178A	PAXI_HUMAN	CHAIN;REGION	Paxillin;Disordered	Breast Neoplasms	PXN -[Inhibition]-> F2RL1 -[Activation]-> Breast Neoplasms	19543320	0																																		
PXN	S178A	PAXI_HUMAN	CHAIN;REGION	Paxillin;Disordered	Colorectal Neoplasms	PXN -[Inhibition]-> F2RL1 -[Activation]-> Colorectal Neoplasms	19543320	0																																		
PXN	S178A	PAXI_HUMAN	CHAIN;REGION	Paxillin;Disordered	cell migration	PXN -[Inhibition]-> cell migration	18713649	0																																		
PXN	S178A	PAXI_HUMAN	CHAIN;REGION	Paxillin;Disordered	cell migration	PXN -[Inhibition]-> cell migration	19543320	0																																		
PXN	S178A	PAXI_HUMAN	CHAIN;REGION	Paxillin;Disordered	cell population proliferation	PXN -[Inhibition]-> F2RL1 -[Activation]-> cell population proliferation	19543320	0																																		
PXN	S178A	PAXI_HUMAN	CHAIN;REGION	Paxillin;Disordered	positive regulation of focal adhesion assembly	PXN -[Inhibition]-> positive regulation of focal adhesion assembly	30332929	0																																		
PXN	S178D	PAXI_HUMAN	CHAIN;REGION	Paxillin;Disordered	cell migration	PXN -[Inhibition]-> cell migration	18713649	0																																		
PXN	S273A	PAXI_HUMAN	CHAIN;REGION;MOTIF	Paxillin;Required for binding to PARVA and ILK;LD motif 4	cell adhesion	PXN -[Activation]-> cell adhesion	27038336	0																																		
PXN	Y118F	PAXI_HUMAN	CHAIN;REGION	Paxillin;Disordered	positive regulation of focal adhesion assembly	PXN -[Activation]-> positive regulation of focal adhesion assembly	20729930	0																																		
PXN	Y31F	PAXI_HUMAN	CHAIN;REGION	Paxillin;Disordered	positive regulation of focal adhesion assembly	PXN -[Activation]-> positive regulation of focal adhesion assembly	20729930	0																																		
