variant_protein	variant_info	DomainProteinID	DomainFeature	DomainNote	biological_process/disease	chain	pmid	clinvar_match	#AlleleID	Type	Name	RS# (dbSNP)	disease_1	significance_1	star_1	disease_2	significance_2	star_2	disease_3	significance_3	star_3	disease_4	significance_4	star_4	disease_5	significance_5	star_5	disease_6	significance_6	star_6	disease_7	significance_7	star_7	disease_8	significance_8	star_8	disease_9	significance_9	star_9	disease_10	significance_10	star_10
RAB33B	Q92L	RB33B_HUMAN	CHAIN	Ras-related protein Rab-33B	GDP-dissociation inhibitor activity	RAB33B -[Complex]-> RABEP1 -[Complex]-> RAB -[Complex]-> GDP-dissociation inhibitor activity	11718716	0																																		
RAB33B	Q92L	RB33B_HUMAN	CHAIN	Ras-related protein Rab-33B	cellular component biogenesis	RAB33B -[Complex]-> RABEP1 -[Complex]-> RAB -[Activation]-> cellular component biogenesis	11718716	0																																		
RAB33B	Q92L	RB33B_HUMAN	CHAIN	Ras-related protein Rab-33B	transport	RAB33B -[Complex]-> RAB6A -[Inhibition]-> transport	11718716	0																																		
RAB33B	T47N	RB33B_HUMAN	CHAIN	Ras-related protein Rab-33B	GDP-dissociation inhibitor activity	RAB33B -[Complex]-> RABEP1 -[Complex]-> RAB -[Complex]-> GDP-dissociation inhibitor activity	11718716	0																																		
RAB33B	T47N	RB33B_HUMAN	CHAIN	Ras-related protein Rab-33B	cellular component biogenesis	RAB33B -[Complex]-> RABEP1 -[Complex]-> RAB -[Activation]-> cellular component biogenesis	11718716	0																																		
RAB33B	T47N	RB33B_HUMAN	CHAIN	Ras-related protein Rab-33B	transport	RAB33B -[Complex]-> RAB6A -[Inhibition]-> transport	11718716	0																																		
