variant_protein	variant_info	DomainProteinID	DomainFeature	DomainNote	biological_process/disease	chain	pmid	clinvar_match	#AlleleID	Type	Name	RS# (dbSNP)	disease_1	significance_1	star_1	disease_2	significance_2	star_2	disease_3	significance_3	star_3	disease_4	significance_4	star_4	disease_5	significance_5	star_5	disease_6	significance_6	star_6	disease_7	significance_7	star_7	disease_8	significance_8	star_8	disease_9	significance_9	star_9	disease_10	significance_10	star_10
RABGEF1	D313A	RABX5_HUMAN	CHAIN;DOMAIN	Rab5 GDP/GTP exchange factor;VPS9	GDP-dissociation inhibitor activity	RABGEF1 -[Inhibition]-> RAB5A -[Complex]-> GDP-dissociation inhibitor activity	23382462	0																																		
RABGEF1	D313A	RABX5_HUMAN	CHAIN;DOMAIN	Rab5 GDP/GTP exchange factor;VPS9	localization	RABGEF1 -[Activation]-> localization	23382462	0																																		
RABGEF1	D313A	RABX5_HUMAN	CHAIN;DOMAIN	Rab5 GDP/GTP exchange factor;VPS9	localization	RABGEF1 -[DecreaseAmount]-> RAS -[Activation]-> localization	20655225	0																																		
RABGEF1	Y354A	RABX5_HUMAN	CHAIN;DOMAIN	Rab5 GDP/GTP exchange factor;VPS9	GDP-dissociation inhibitor activity	RABGEF1 -[Inhibition]-> RAB5A -[Complex]-> GDP-dissociation inhibitor activity	23382462	0																																		
RABGEF1	Y354A	RABX5_HUMAN	CHAIN;DOMAIN	Rab5 GDP/GTP exchange factor;VPS9	localization	RABGEF1 -[Activation]-> localization	23382462	0																																		
