variant_protein	variant_info	DomainProteinID	DomainFeature	DomainNote	biological_process/disease	chain	pmid	clinvar_match	#AlleleID	Type	Name	RS# (dbSNP)	disease_1	significance_1	star_1	disease_2	significance_2	star_2	disease_3	significance_3	star_3	disease_4	significance_4	star_4	disease_5	significance_5	star_5	disease_6	significance_6	star_6	disease_7	significance_7	star_7	disease_8	significance_8	star_8	disease_9	significance_9	star_9	disease_10	significance_10	star_10
RAF1	D486N	RAF1_HUMAN	CHAIN;DOMAIN	RAF proto-oncogene serine/threonine-protein kinase;Protein kinase	Noonan Syndrome	RAF1 -[Activation]-> Noonan Syndrome	21440552	1	34193	single nucleotide variant	NM_002880.4(RAF1):c.1456G>A (p.Asp486Asn)	80338798	Noonan syndrome with multiple lentigines	not provided	0.0																											
RAF1	G358A	RAF1_HUMAN	CHAIN;DOMAIN	RAF proto-oncogene serine/threonine-protein kinase;Protein kinase	protein kinase activity	RAF1 -[Activation]-> CDC37 -[Complex]-> protein kinase activity	14701845	0																																		
RAF1	K375M	RAF1_HUMAN	CHAIN;DOMAIN	RAF proto-oncogene serine/threonine-protein kinase;Protein kinase	cell population proliferation	RAF1 -[Inhibition]-> cell population proliferation	19917255	0																																		
RAF1	L613V	RAF1_HUMAN	CHAIN	RAF proto-oncogene serine/threonine-protein kinase	Noonan Syndrome	RAF1 -[Activation]-> Noonan Syndrome	21440552	1	28999	single nucleotide variant	NM_002880.4(RAF1):c.1837C>G (p.Leu613Val)	80338797	Noonan syndrome 5	Pathogenic	3.0	LEOPARD syndrome 2			Noonan syndrome with multiple lentigines			RASopathy			not provided			Noonan syndrome			Hypertrophic cardiomyopathy 1			RAF1-related disorder								
RAF1	L613V	RAF1_HUMAN	CHAIN	RAF proto-oncogene serine/threonine-protein kinase	cell differentiation	RAF1 -[Activation]-> cell differentiation	29197556	1	28999	single nucleotide variant	NM_002880.4(RAF1):c.1837C>G (p.Leu613Val)	80338797	Noonan syndrome 5	Pathogenic	3.0	LEOPARD syndrome 2			Noonan syndrome with multiple lentigines			RASopathy			not provided			Noonan syndrome			Hypertrophic cardiomyopathy 1			RAF1-related disorder								
RAF1	R391W	RAF1_HUMAN	CHAIN;DOMAIN	RAF proto-oncogene serine/threonine-protein kinase;Protein kinase	apoptotic process	RAF1 -[Inhibition]-> apoptotic process	27273450	0																																		
RAF1	R391W	RAF1_HUMAN	CHAIN;DOMAIN	RAF proto-oncogene serine/threonine-protein kinase;Protein kinase	cell population proliferation	RAF1 -[Activation]-> cell population proliferation	27273450	0																																		
RAF1	S257L	RAF1_HUMAN	CHAIN;REGION;COMPBIAS	RAF proto-oncogene serine/threonine-protein kinase;Disordered;Polar residues	GAP	RAF1 -[Complex]-> HRAS -[Complex]-> GAP	7867061	1	28996	single nucleotide variant	NM_002880.4(RAF1):c.770C>T (p.Ser257Leu)	80338796	Noonan syndrome 5	Pathogenic	3.0	LEOPARD syndrome 2			Noonan syndrome with multiple lentigines			RASopathy			Noonan syndrome			not provided			Dilated cardiomyopathy 1NN			Noonan syndrome 1			RAF1-related disorder			Noonan syndrome and Noonan-related syndrome		
RAF1	S257L	RAF1_HUMAN	CHAIN;REGION;COMPBIAS	RAF proto-oncogene serine/threonine-protein kinase;Disordered;Polar residues	transcription, DNA-templated	RAF1 -[Complex]-> HRAS -[Activation]-> transcription, DNA-templated	7867061	1	28996	single nucleotide variant	NM_002880.4(RAF1):c.770C>T (p.Ser257Leu)	80338796	Noonan syndrome 5	Pathogenic	3.0	LEOPARD syndrome 2			Noonan syndrome with multiple lentigines			RASopathy			Noonan syndrome			not provided			Dilated cardiomyopathy 1NN			Noonan syndrome 1			RAF1-related disorder			Noonan syndrome and Noonan-related syndrome		
RAF1	S259A	RAF1_HUMAN	CHAIN;REGION;COMPBIAS	RAF proto-oncogene serine/threonine-protein kinase;Disordered;Polar residues	angiogenesis	RAF1 -[Activation]-> PROX1 -[Complex]-> NR2F2 -[Inhibition]-> angiogenesis	25132472	1	496336	single nucleotide variant	NM_002880.4(RAF1):c.775T>G (p.Ser259Ala)	3730271	not specified	Pathogenic	3.0	not provided			RASopathy																							
RAF1	S259A	RAF1_HUMAN	CHAIN;REGION;COMPBIAS	RAF proto-oncogene serine/threonine-protein kinase;Disordered;Polar residues	cell differentiation	RAF1 -[Inhibition]-> cell differentiation	24330068	1	496336	single nucleotide variant	NM_002880.4(RAF1):c.775T>G (p.Ser259Ala)	3730271	not specified	Pathogenic	3.0	not provided			RASopathy																							
RAF1	S259A	RAF1_HUMAN	CHAIN;REGION;COMPBIAS	RAF proto-oncogene serine/threonine-protein kinase;Disordered;Polar residues	localization	RAF1 -[Complex]-> retinoic acid -[Activation]-> localization	24330068	1	496336	single nucleotide variant	NM_002880.4(RAF1):c.775T>G (p.Ser259Ala)	3730271	not specified	Pathogenic	3.0	not provided			RASopathy																							
RAF1	S259A	RAF1_HUMAN	CHAIN;REGION;COMPBIAS	RAF proto-oncogene serine/threonine-protein kinase;Disordered;Polar residues	transcription, DNA-templated	RAF1 -[Activation]-> PROX1 -[Activation]-> transcription, DNA-templated	25132472	1	496336	single nucleotide variant	NM_002880.4(RAF1):c.775T>G (p.Ser259Ala)	3730271	not specified	Pathogenic	3.0	not provided			RASopathy																							
RAF1	S338A	RAF1_HUMAN	CHAIN;REGION	RAF proto-oncogene serine/threonine-protein kinase;Interaction with PEBP1/RKIP	cell population proliferation	RAF1 -[Inhibition]-> cell population proliferation	19917255	0																																		
RAF1	S338D	RAF1_HUMAN	CHAIN;REGION	RAF proto-oncogene serine/threonine-protein kinase;Interaction with PEBP1/RKIP	cell cycle	RAF1 -[Activation]-> PLK1 -[Inhibition]-> cell cycle	22081024	0																																		
RAF1	S338D	RAF1_HUMAN	CHAIN;REGION	RAF proto-oncogene serine/threonine-protein kinase;Interaction with PEBP1/RKIP	mitotic cell cycle	RAF1 -[Activation]-> mitotic cell cycle	22081024	0																																		
RAF1	T421N	RAF1_HUMAN	CHAIN;DOMAIN	RAF proto-oncogene serine/threonine-protein kinase;Protein kinase	Melanoma	RAF1 -[Complex]-> RAS -[Activation]-> Melanoma	20141835	1	3771052	single nucleotide variant	NM_002880.4(RAF1):c.1262C>A (p.Thr421Asn)	-1	RASopathy	Uncertain significance	1.0																											
RAF1	T421N	RAF1_HUMAN	CHAIN;DOMAIN	RAF proto-oncogene serine/threonine-protein kinase;Protein kinase	apoptotic process	RAF1 -[Complex]-> BRAF -[Inhibition]-> apoptotic process	20141835	1	3771052	single nucleotide variant	NM_002880.4(RAF1):c.1262C>A (p.Thr421Asn)	-1	RASopathy	Uncertain significance	1.0																											
RAF1	T421N	RAF1_HUMAN	CHAIN;DOMAIN	RAF proto-oncogene serine/threonine-protein kinase;Protein kinase	cell population proliferation	RAF1 -[Complex]-> BRAF -[Activation]-> cell population proliferation	20141835	1	3771052	single nucleotide variant	NM_002880.4(RAF1):c.1262C>A (p.Thr421Asn)	-1	RASopathy	Uncertain significance	1.0																											
