variant_protein	variant_info	DomainProteinID	DomainFeature	DomainNote	biological_process/disease	chain	pmid	clinvar_match	#AlleleID	Type	Name	RS# (dbSNP)	disease_1	significance_1	star_1	disease_2	significance_2	star_2	disease_3	significance_3	star_3	disease_4	significance_4	star_4	disease_5	significance_5	star_5	disease_6	significance_6	star_6	disease_7	significance_7	star_7	disease_8	significance_8	star_8	disease_9	significance_9	star_9	disease_10	significance_10	star_10
RARA	G303E	RARA_HUMAN	CHAIN;DOMAIN	Retinoic acid receptor alpha;NR LBD	cell differentiation	RARA -[Activation]-> cell differentiation	30254197	0																																		
RARA	G303E	RARA_HUMAN	CHAIN;DOMAIN	Retinoic acid receptor alpha;NR LBD	developmental process	RARA -[Complex]-> retinoic acid -[Inhibition]-> developmental process	30254197	0																																		
RARA	R394Q	RARA_HUMAN	CHAIN;DOMAIN	Retinoic acid receptor alpha;NR LBD	cell cycle	RARA -[Activation]-> cell cycle	28412739	1	1354836	single nucleotide variant	NM_000964.4(RARA):c.1181G>A (p.Arg394Gln)	866777491	not provided	Uncertain significance	1.0																											
RARA	R394Q	RARA_HUMAN	CHAIN;DOMAIN	Retinoic acid receptor alpha;NR LBD	cell growth	RARA -[Activation]-> cell growth	28412739	1	1354836	single nucleotide variant	NM_000964.4(RARA):c.1181G>A (p.Arg394Gln)	866777491	not provided	Uncertain significance	1.0																											
