variant_protein	variant_info	DomainProteinID	DomainFeature	DomainNote	biological_process/disease	chain	pmid	clinvar_match	#AlleleID	Type	Name	RS# (dbSNP)	disease_1	significance_1	star_1	disease_2	significance_2	star_2	disease_3	significance_3	star_3	disease_4	significance_4	star_4	disease_5	significance_5	star_5	disease_6	significance_6	star_6	disease_7	significance_7	star_7	disease_8	significance_8	star_8	disease_9	significance_9	star_9	disease_10	significance_10	star_10
RASSF9	S284A	RASF9_HUMAN	CHAIN;COILED	Ras association domain-containing protein 9;	Cell Survival	RASSF9 -[Activation]-> MAP3K7 -[Inhibition]-> Cell Survival	33717835	0																																		
RASSF9	S284A	RASF9_HUMAN	CHAIN;COILED	Ras association domain-containing protein 9;	Neoplasm Invasiveness	RASSF9 -[Activation]-> MAP3K7 -[Inhibition]-> Neoplasm Invasiveness	33717835	0																																		
RASSF9	S284A	RASF9_HUMAN	CHAIN;COILED	Ras association domain-containing protein 9;	apoptotic process	RASSF9 -[Activation]-> MAP3K7 -[Inhibition]-> apoptotic process	33717835	0																																		
RASSF9	S284A	RASF9_HUMAN	CHAIN;COILED	Ras association domain-containing protein 9;	cell growth	RASSF9 -[Activation]-> cell growth	33717835	0																																		
RASSF9	S284A	RASF9_HUMAN	CHAIN;COILED	Ras association domain-containing protein 9;	cell population proliferation	RASSF9 -[Inhibition]-> cell population proliferation	33717835	0																																		
RASSF9	S284A	RASF9_HUMAN	CHAIN;COILED	Ras association domain-containing protein 9;	signal transduction	RASSF9 -[Inhibition]-> RAS -[Activation]-> signal transduction	33717835	0																																		
