variant_protein	variant_info	DomainProteinID	DomainFeature	DomainNote	biological_process/disease	chain	pmid	clinvar_match	#AlleleID	Type	Name	RS# (dbSNP)	disease_1	significance_1	star_1	disease_2	significance_2	star_2	disease_3	significance_3	star_3	disease_4	significance_4	star_4	disease_5	significance_5	star_5	disease_6	significance_6	star_6	disease_7	significance_7	star_7	disease_8	significance_8	star_8	disease_9	significance_9	star_9	disease_10	significance_10	star_10
RBL1	M865V	RBL1_HUMAN	CHAIN;REGION;REGION	Retinoblastoma-like protein 1;Pocket; binds T and E1A;Domain B	Carcinogenesis	RBL1 -[Complex]-> RB1 -[Inhibition]-> Carcinogenesis	35716663	0																																		
RBL1	M865V	RBL1_HUMAN	CHAIN;REGION;REGION	Retinoblastoma-like protein 1;Pocket; binds T and E1A;Domain B	gene expression	RBL1 -[Complex]-> RB1 -[Inhibition]-> gene expression	35716663	0																																		
RBL1	M865V	RBL1_HUMAN	CHAIN;REGION;REGION	Retinoblastoma-like protein 1;Pocket; binds T and E1A;Domain B	transcription, DNA-templated	RBL1 -[Complex]-> ARID4A -[Inhibition]-> transcription, DNA-templated	35716663	0																																		
RBL1	V939M	RBL1_HUMAN	CHAIN;REGION;REGION	Retinoblastoma-like protein 1;Pocket; binds T and E1A;Domain B	Carcinogenesis	RBL1 -[Complex]-> RB1 -[Inhibition]-> Carcinogenesis	35716663	0																																		
RBL1	V939M	RBL1_HUMAN	CHAIN;REGION;REGION	Retinoblastoma-like protein 1;Pocket; binds T and E1A;Domain B	gene expression	RBL1 -[Complex]-> RB1 -[Inhibition]-> gene expression	35716663	0																																		
RBL1	V939M	RBL1_HUMAN	CHAIN;REGION;REGION	Retinoblastoma-like protein 1;Pocket; binds T and E1A;Domain B	transcription, DNA-templated	RBL1 -[Complex]-> ARID4A -[Inhibition]-> transcription, DNA-templated	35716663	0																																		
RBL1	Y648A	RBL1_HUMAN	CHAIN;REGION;REGION	Retinoblastoma-like protein 1;Pocket; binds T and E1A;Spacer	Neoplasms	RBL1 -[Inhibition]-> Neoplasms	27567532	0																																		
RBL1	Y648A	RBL1_HUMAN	CHAIN;REGION;REGION	Retinoblastoma-like protein 1;Pocket; binds T and E1A;Spacer	cell cycle	RBL1 -[Inhibition]-> cell cycle	27567532	0																																		
RBL1	Y648A	RBL1_HUMAN	CHAIN;REGION;REGION	Retinoblastoma-like protein 1;Pocket; binds T and E1A;Spacer	cell population proliferation	RBL1 -[Inhibition]-> cell population proliferation	27567532	0																																		
RBL1	Y648A	RBL1_HUMAN	CHAIN;REGION;REGION	Retinoblastoma-like protein 1;Pocket; binds T and E1A;Spacer	transcription, DNA-templated	RBL1 -[Inhibition]-> transcription, DNA-templated	27567532	0																																		
