variant_protein	variant_info	DomainProteinID	DomainFeature	DomainNote	biological_process/disease	chain	pmid	clinvar_match	#AlleleID	Type	Name	RS# (dbSNP)	disease_1	significance_1	star_1	disease_2	significance_2	star_2	disease_3	significance_3	star_3	disease_4	significance_4	star_4	disease_5	significance_5	star_5	disease_6	significance_6	star_6	disease_7	significance_7	star_7	disease_8	significance_8	star_8	disease_9	significance_9	star_9	disease_10	significance_10	star_10
RECQL5	D157A	RECQ5_HUMAN	CHAIN;DOMAIN;MOTIF	ATP-dependent DNA helicase Q5;Helicase ATP-binding;DEAH box	transcription, DNA-templated	RECQL5 -[Activation]-> transcription, DNA-templated	19570979	0																																		
RECQL5	F666A	RECQ5_HUMAN	CHAIN;REGION	ATP-dependent DNA helicase Q5;Interaction with RAD51	DNA Breaks, Double-Stranded	RECQL5 -[Inhibition]-> homologous recombination -[Activation]-> DNA Breaks, Double-Stranded	20348101	0																																		
RECQL5	F666A	RECQ5_HUMAN	CHAIN;REGION	ATP-dependent DNA helicase Q5;Interaction with RAD51	Genomic Instability	RECQL5 -[Activation]-> Genomic Instability	33332547	0																																		
RECQL5	F666A	RECQ5_HUMAN	CHAIN;REGION	ATP-dependent DNA helicase Q5;Interaction with RAD51	Neoplasm Invasiveness	RECQL5 -[Activation]-> RAD51 -[Activation]-> Neoplasm Invasiveness	20348101	0																																		
RECQL5	F666A	RECQ5_HUMAN	CHAIN;REGION	ATP-dependent DNA helicase Q5;Interaction with RAD51	homologous recombination	RECQL5 -[Inhibition]-> homologous recombination	20348101	0																																		
RECQL5	K58R	RECQ5_HUMAN	CHAIN;DOMAIN	ATP-dependent DNA helicase Q5;Helicase ATP-binding	Cell Survival	RECQL5 -[Activation]-> Cell Survival	23180761	0																																		
RECQL5	K58R	RECQ5_HUMAN	CHAIN;DOMAIN	ATP-dependent DNA helicase Q5;Helicase ATP-binding	DNA Damage	RECQL5 -[Activation]-> DNA Damage	23180761	0																																		
RECQL5	K58R	RECQ5_HUMAN	CHAIN;DOMAIN	ATP-dependent DNA helicase Q5;Helicase ATP-binding	DNA replication	RECQL5 -[Activation]-> DNA replication	23180761	0																																		
RECQL5	K58R	RECQ5_HUMAN	CHAIN;DOMAIN	ATP-dependent DNA helicase Q5;Helicase ATP-binding	cell death	RECQL5 -[Inhibition]-> cell death	23180761	0																																		
