variant_protein	variant_info	DomainProteinID	DomainFeature	DomainNote	biological_process/disease	chain	pmid	clinvar_match	#AlleleID	Type	Name	RS# (dbSNP)	disease_1	significance_1	star_1	disease_2	significance_2	star_2	disease_3	significance_3	star_3	disease_4	significance_4	star_4	disease_5	significance_5	star_5	disease_6	significance_6	star_6	disease_7	significance_7	star_7	disease_8	significance_8	star_8	disease_9	significance_9	star_9	disease_10	significance_10	star_10
RETSAT	Q247R	RETST_HUMAN	CHAIN	All-trans-retinol 13,14-reductase	Adipogenesis	RETSAT -[Inhibition]-> Adipogenesis	34805153	0																																		
RETSAT	Q247R	RETST_HUMAN	CHAIN	All-trans-retinol 13,14-reductase	Neoplasms	RETSAT -[Inhibition]-> Neoplasms	34805153	0																																		
RETSAT	Q247R	RETST_HUMAN	CHAIN	All-trans-retinol 13,14-reductase	cell population proliferation	RETSAT -[Inhibition]-> cell population proliferation	34805153	0																																		
RETSAT	Q247R	RETST_HUMAN	CHAIN	All-trans-retinol 13,14-reductase	fat cell differentiation	RETSAT -[Activation]-> fat cell differentiation	34805153	0																																		
RETSAT	Q247R	RETST_HUMAN	CHAIN	All-trans-retinol 13,14-reductase	lipid metabolic process	RETSAT -[Activation]-> lipid metabolic process	34805153	0																																		
RETSAT	Q247R	RETST_HUMAN	CHAIN	All-trans-retinol 13,14-reductase	metabolic process	RETSAT -[Activation]-> metabolic process	34805153	0																																		
RETSAT	Q247R	RETST_HUMAN	CHAIN	All-trans-retinol 13,14-reductase	protein kinase B signaling	RETSAT -[Inhibition]-> Neoplasms -[Inhibition]-> protein kinase B signaling	34805153	0																																		
RETSAT	Q247R	RETST_HUMAN	CHAIN	All-trans-retinol 13,14-reductase	signal transduction	RETSAT -[Inhibition]-> signal transduction	34805153	0																																		
