variant_protein	variant_info	DomainProteinID	DomainFeature	DomainNote	biological_process/disease	chain	pmid	clinvar_match	#AlleleID	Type	Name	RS# (dbSNP)	disease_1	significance_1	star_1	disease_2	significance_2	star_2	disease_3	significance_3	star_3	disease_4	significance_4	star_4	disease_5	significance_5	star_5	disease_6	significance_6	star_6	disease_7	significance_7	star_7	disease_8	significance_8	star_8	disease_9	significance_9	star_9	disease_10	significance_10	star_10
RNF167	K97N	RN167_HUMAN	CHAIN;DOMAIN	E3 ubiquitin-protein ligase RNF167;PA	Carcinogenesis	RNF167 -[Activation]-> Carcinogenesis	35159190	0																																		
RNF167	K97N	RN167_HUMAN	CHAIN;DOMAIN	E3 ubiquitin-protein ligase RNF167;PA	Neoplasms	RNF167 -[Ubiquitination]-> SLC22A18 -[Inhibition]-> Neoplasms	35159190	0																																		
RNF167	K97N	RN167_HUMAN	CHAIN;DOMAIN	E3 ubiquitin-protein ligase RNF167;PA	UBE2	RNF167 -[Complex]-> UBE2	35159190	0																																		
RNF167	K97N	RN167_HUMAN	CHAIN;DOMAIN	E3 ubiquitin-protein ligase RNF167;PA	cell population proliferation	RNF167 -[Activation]-> cell population proliferation	35159190	0																																		
RNF167	K97N	RN167_HUMAN	CHAIN;DOMAIN	E3 ubiquitin-protein ligase RNF167;PA	exocytosis	RNF167 -[Activation]-> exocytosis	35159190	0																																		
RNF167	K97N	RN167_HUMAN	CHAIN;DOMAIN	E3 ubiquitin-protein ligase RNF167;PA	pore complex assembly	RNF167 -[Activation]-> pore complex assembly	35159190	0																																		
