variant_protein	variant_info	DomainProteinID	DomainFeature	DomainNote	biological_process/disease	chain	pmid	clinvar_match	#AlleleID	Type	Name	RS# (dbSNP)	disease_1	significance_1	star_1	disease_2	significance_2	star_2	disease_3	significance_3	star_3	disease_4	significance_4	star_4	disease_5	significance_5	star_5	disease_6	significance_6	star_6	disease_7	significance_7	star_7	disease_8	significance_8	star_8	disease_9	significance_9	star_9	disease_10	significance_10	star_10
RRAGA	K15R	RRAGA_HUMAN	CHAIN	Ras-related GTP-binding protein A	autophagy	RRAGA -[Activation]-> autophagy	26051179	0																																		
RRAGA	K15R	RRAGA_HUMAN	CHAIN	Ras-related GTP-binding protein A	localization	RRAGA -[Inhibition]-> localization	26051179	0																																		
RRAGA	L60R	RRAGA_HUMAN	CHAIN	Ras-related GTP-binding protein A	Autosomal dominant inheritance	RRAGA -[Complex]-> Autosomal dominant inheritance	27294265	0																																		
RRAGA	L60R	RRAGA_HUMAN	CHAIN	Ras-related GTP-binding protein A	Death	RRAGA -[Inhibition]-> Death	27294265	0																																		
RRAGA	L60R	RRAGA_HUMAN	CHAIN	Ras-related GTP-binding protein A	autophagy	RRAGA -[Inhibition]-> autophagy	27294265	0																																		
RRAGA	Q66L	RRAGA_HUMAN	CHAIN	Ras-related GTP-binding protein A	cell growth	RRAGA -[Inhibition]-> mTORC1 -[Activation]-> cell growth	18604198	0																																		
RRAGA	Q66L	RRAGA_HUMAN	CHAIN	Ras-related GTP-binding protein A	localization	RRAGA -[Activation]-> localization	32612235	0																																		
RRAGA	T21N	RRAGA_HUMAN	CHAIN	Ras-related GTP-binding protein A	cell growth	RRAGA -[Inhibition]-> mTORC1 -[Activation]-> cell growth	18604198	0																																		
