variant_protein	variant_info	DomainProteinID	DomainFeature	DomainNote	biological_process/disease	chain	pmid	clinvar_match	#AlleleID	Type	Name	RS# (dbSNP)	disease_1	significance_1	star_1	disease_2	significance_2	star_2	disease_3	significance_3	star_3	disease_4	significance_4	star_4	disease_5	significance_5	star_5	disease_6	significance_6	star_6	disease_7	significance_7	star_7	disease_8	significance_8	star_8	disease_9	significance_9	star_9	disease_10	significance_10	star_10
SCRIB	P305L	SCRIB_HUMAN	CHAIN;REPEAT;REGION	Protein scribble homolog;LRR 12;	Death_receptor	SCRIB -[Complex]-> ZDHHC7 -[Activation]-> Death_receptor	27380321	0																																		
SCRIB	P305L	SCRIB_HUMAN	CHAIN;REPEAT;REGION	Protein scribble homolog;LRR 12;	Neoplasm Invasiveness	SCRIB -[Activation]-> ATF2 -[Activation]-> Neoplasm Invasiveness	29152770	0																																		
SCRIB	P305L	SCRIB_HUMAN	CHAIN;REPEAT;REGION	Protein scribble homolog;LRR 12;	Neoplasm Invasiveness	SCRIB -[Inhibition]-> Neoplasm Invasiveness	27380321	0																																		
SCRIB	P305L	SCRIB_HUMAN	CHAIN;REPEAT;REGION	Protein scribble homolog;LRR 12;	cell differentiation	SCRIB -[Activation]-> cell differentiation	27380321	0																																		
SCRIB	P305L	SCRIB_HUMAN	CHAIN;REPEAT;REGION	Protein scribble homolog;LRR 12;	cell growth	SCRIB -[Inhibition]-> cell growth	27380321	0																																		
SCRIB	P305L	SCRIB_HUMAN	CHAIN;REPEAT;REGION	Protein scribble homolog;LRR 12;	cell population proliferation	SCRIB -[Complex]-> ZDHHC7 -[Inhibition]-> cell population proliferation	27380321	0																																		
SCRIB	P305L	SCRIB_HUMAN	CHAIN;REPEAT;REGION	Protein scribble homolog;LRR 12;	localization	SCRIB -[Activation]-> localization	27380321	0																																		
