variant_protein	variant_info	DomainProteinID	DomainFeature	DomainNote	biological_process/disease	chain	pmid	clinvar_match	#AlleleID	Type	Name	RS# (dbSNP)	disease_1	significance_1	star_1	disease_2	significance_2	star_2	disease_3	significance_3	star_3	disease_4	significance_4	star_4	disease_5	significance_5	star_5	disease_6	significance_6	star_6	disease_7	significance_7	star_7	disease_8	significance_8	star_8	disease_9	significance_9	star_9	disease_10	significance_10	star_10
SENP1	C603S	SENP1_HUMAN	CHAIN;REGION	Sentrin-specific protease 1;Protease	transcription, DNA-templated	SENP1 -[Activation]-> STAT1 -[Inhibition]-> transcription, DNA-templated	23043228	0																																		
SENP1	C683A				apoptotic process	SENP1 -[Activation]-> apoptotic process	36750014	0																																		
SENP1	K631M	SENP1_HUMAN	CHAIN;MOTIF	Sentrin-specific protease 1;Nuclear localization signal	transcription, DNA-templated	SENP1 -[Activation]-> transcription, DNA-templated	22439847	0																																		
SENP1	R630L	SENP1_HUMAN	CHAIN;MOTIF	Sentrin-specific protease 1;Nuclear localization signal	transcription, DNA-templated	SENP1 -[Activation]-> transcription, DNA-templated	22439847	0																																		
