variant_protein	variant_info	DomainProteinID	DomainFeature	DomainNote	biological_process/disease	chain	pmid	clinvar_match	#AlleleID	Type	Name	RS# (dbSNP)	disease_1	significance_1	star_1	disease_2	significance_2	star_2	disease_3	significance_3	star_3	disease_4	significance_4	star_4	disease_5	significance_5	star_5	disease_6	significance_6	star_6	disease_7	significance_7	star_7	disease_8	significance_8	star_8	disease_9	significance_9	star_9	disease_10	significance_10	star_10
SETD1A	G951A	SET1A_HUMAN	CHAIN;REGION	Histone-lysine N-methyltransferase SETD1A;Disordered	chromosome segregation	SETD1A -[Methylation]-> BCAS2 -[Activation]-> chromosome segregation	23469257	0																																		
SETD1A	R1013H	SET1A_HUMAN	CHAIN;REGION	Histone-lysine N-methyltransferase SETD1A;Disordered	chromosome segregation	SETD1A -[Methylation]-> BCAS2 -[Activation]-> chromosome segregation	23469257	0																																		
SETD1A	Y1052F	SET1A_HUMAN	CHAIN;REGION;COMPBIAS	Histone-lysine N-methyltransferase SETD1A;Disordered;Low complexity	chromosome segregation	SETD1A -[Methylation]-> BCAS2 -[Activation]-> chromosome segregation	23469257	0																																		
SETD1A	Y1054F	SET1A_HUMAN	CHAIN;REGION;COMPBIAS	Histone-lysine N-methyltransferase SETD1A;Disordered;Low complexity	chromosome segregation	SETD1A -[Methylation]-> BCAS2 -[Activation]-> chromosome segregation	23469257	0																																		
SETD1A	Y993A	SET1A_HUMAN	CHAIN;REGION;COMPBIAS	Histone-lysine N-methyltransferase SETD1A;Disordered;Basic and acidic residues	chromosome segregation	SETD1A -[Methylation]-> BCAS2 -[Activation]-> chromosome segregation	23469257	0																																		
