variant_protein	variant_info	DomainProteinID	DomainFeature	DomainNote	biological_process/disease	chain	pmid	clinvar_match	#AlleleID	Type	Name	RS# (dbSNP)	disease_1	significance_1	star_1	disease_2	significance_2	star_2	disease_3	significance_3	star_3	disease_4	significance_4	star_4	disease_5	significance_5	star_5	disease_6	significance_6	star_6	disease_7	significance_7	star_7	disease_8	significance_8	star_8	disease_9	significance_9	star_9	disease_10	significance_10	star_10
SGO1	T346A	SGO1_HUMAN	CHAIN	Shugoshin 1	localization	SGO1 -[Inhibition]-> localization	23242214	0																																		
SGO1	T346A	SGO1_HUMAN	CHAIN	Shugoshin 1	meiotic cell cycle	SGO1 -[Complex]-> PPP2 -[Activation]-> meiotic cell cycle	23242214	0																																		
SGO1	V242E	SGO1_HUMAN	CHAIN	Shugoshin 1	chromosome segregation	SGO1 -[Activation]-> chromosome segregation	18716626	0																																		
SGO1	V242E	SGO1_HUMAN	CHAIN	Shugoshin 1	localization	SGO1 -[Inhibition]-> localization	18716626	0																																		
