variant_protein	variant_info	DomainProteinID	DomainFeature	DomainNote	biological_process/disease	chain	pmid	clinvar_match	#AlleleID	Type	Name	RS# (dbSNP)	disease_1	significance_1	star_1	disease_2	significance_2	star_2	disease_3	significance_3	star_3	disease_4	significance_4	star_4	disease_5	significance_5	star_5	disease_6	significance_6	star_6	disease_7	significance_7	star_7	disease_8	significance_8	star_8	disease_9	significance_9	star_9	disease_10	significance_10	star_10
SH2D1A	A14C	SH21A_HUMAN	CHAIN;DOMAIN	SH2 domain-containing protein 1A;SH2	translation	SH2D1A -[Inhibition]-> translation	27823883	0																																		
SH2D1A	R55L	SH21A_HUMAN	CHAIN;DOMAIN	SH2 domain-containing protein 1A;SH2	signal transduction	SH2D1A -[Activation]-> signal transduction	20668219	1	25949	single nucleotide variant	NM_002351.5(SH2D1A):c.164G>T (p.Arg55Leu)	111033630	X-linked lymphoproliferative disease due to SH2D1A deficiency	Pathogenic	0.0																											
SH2D1A	R55L	SH21A_HUMAN	CHAIN;DOMAIN	SH2 domain-containing protein 1A;SH2	signaling receptor activity	SH2D1A -[Activation]-> SLAMF1 -[Activation]-> signaling receptor activity	20668219	1	25949	single nucleotide variant	NM_002351.5(SH2D1A):c.164G>T (p.Arg55Leu)	111033630	X-linked lymphoproliferative disease due to SH2D1A deficiency	Pathogenic	0.0																											
SH2D1A	R78A	SH21A_HUMAN	CHAIN;DOMAIN;REGION	SH2 domain-containing protein 1A;SH2;Interaction with FYN SH3 domain	cell adhesion	SH2D1A -[Activation]-> cell adhesion	20153220	0																																		
SH2D1A	R78A	SH21A_HUMAN	CHAIN;DOMAIN;REGION	SH2 domain-containing protein 1A;SH2;Interaction with FYN SH3 domain	cell population proliferation	SH2D1A -[Activation]-> cell population proliferation	20153220	0																																		
SH2D1A	R78A	SH21A_HUMAN	CHAIN;DOMAIN;REGION	SH2 domain-containing protein 1A;SH2;Interaction with FYN SH3 domain	cytokine production	SH2D1A -[Activation]-> TCR -[Activation]-> cytokine production	18684920	0																																		
SH2D1A	R78A	SH21A_HUMAN	CHAIN;DOMAIN;REGION	SH2 domain-containing protein 1A;SH2;Interaction with FYN SH3 domain	signal transduction	SH2D1A -[Activation]-> signal transduction	20153220	0																																		
SH2D1A	R78A	SH21A_HUMAN	CHAIN;DOMAIN;REGION	SH2 domain-containing protein 1A;SH2;Interaction with FYN SH3 domain	signal transduction	SH2D1A -[Activation]-> signal transduction	20668219	0																																		
SH2D1A	R78A	SH21A_HUMAN	CHAIN;DOMAIN;REGION	SH2 domain-containing protein 1A;SH2;Interaction with FYN SH3 domain	signaling receptor activity	SH2D1A -[Activation]-> SLAMF1 -[Activation]-> signaling receptor activity	20668219	0																																		
