variant_protein	variant_info	DomainProteinID	DomainFeature	DomainNote	biological_process/disease	chain	pmid	clinvar_match	#AlleleID	Type	Name	RS# (dbSNP)	disease_1	significance_1	star_1	disease_2	significance_2	star_2	disease_3	significance_3	star_3	disease_4	significance_4	star_4	disease_5	significance_5	star_5	disease_6	significance_6	star_6	disease_7	significance_7	star_7	disease_8	significance_8	star_8	disease_9	significance_9	star_9	disease_10	significance_10	star_10
SKAP1	K152E	SKAP1_HUMAN	CHAIN;DOMAIN	Src kinase-associated phosphoprotein 1;PH	Infections	SKAP1 -[Inhibition]-> PI3K -[Activation]-> LFA_1 -[Activation]-> Infections	34421914	0																																		
SKAP1	K152E	SKAP1_HUMAN	CHAIN;DOMAIN	Src kinase-associated phosphoprotein 1;PH	Leukoencephalopathy, Progressive Multifocal	SKAP1 -[Inhibition]-> PI3K -[Activation]-> LFA_1 -[Activation]-> Leukoencephalopathy, Progressive Multifocal	34421914	0																																		
SKAP1	K152E	SKAP1_HUMAN	CHAIN;DOMAIN	Src kinase-associated phosphoprotein 1;PH	T cell activation	SKAP1 -[Inhibition]-> PI3K -[Activation]-> T cell activation	34421914	0																																		
SKAP1	K152E	SKAP1_HUMAN	CHAIN;DOMAIN	Src kinase-associated phosphoprotein 1;PH	T cell differentiation	SKAP1 -[Inhibition]-> PI3K -[Activation]-> δ -[Inhibition]-> T cell differentiation	34421914	0																																		
SKAP1	K152E	SKAP1_HUMAN	CHAIN;DOMAIN	Src kinase-associated phosphoprotein 1;PH	cell adhesion	SKAP1 -[Inhibition]-> PI3K -[Activation]-> LFA_1 -[Activation]-> cell adhesion	34421914	0																																		
SKAP1	K152E	SKAP1_HUMAN	CHAIN;DOMAIN	Src kinase-associated phosphoprotein 1;PH	homeostatic process	SKAP1 -[Inhibition]-> PI3K -[Activation]-> homeostatic process	34421914	0																																		
SKAP1	K152E	SKAP1_HUMAN	CHAIN;DOMAIN	Src kinase-associated phosphoprotein 1;PH	signal transduction	SKAP1 -[Inhibition]-> PI3K -[Activation]-> Integrins -[Activation]-> signal transduction	34421914	0																																		
SKAP1	R131M	SKAP1_HUMAN	CHAIN;DOMAIN	Src kinase-associated phosphoprotein 1;PH	cell adhesion	SKAP1 -[Inhibition]-> Integrins -[Activation]-> cell adhesion	21525391	0																																		
