variant_protein	variant_info	DomainProteinID	DomainFeature	DomainNote	biological_process/disease	chain	pmid	clinvar_match	#AlleleID	Type	Name	RS# (dbSNP)	disease_1	significance_1	star_1	disease_2	significance_2	star_2	disease_3	significance_3	star_3	disease_4	significance_4	star_4	disease_5	significance_5	star_5	disease_6	significance_6	star_6	disease_7	significance_7	star_7	disease_8	significance_8	star_8	disease_9	significance_9	star_9	disease_10	significance_10	star_10
SLC4A11	K263R	S4A11_HUMAN	CHAIN	Solute carrier family 4 member 11	apoptotic process	SLC4A11 -[Activation]-> apoptotic process	37787991	0																																		
SLC4A11	K263R	S4A11_HUMAN	CHAIN	Solute carrier family 4 member 11	regulation of mitochondrial membrane potential	SLC4A11 -[IncreaseAmount]-> Reactive Oxygen Species -[Inhibition]-> regulation of mitochondrial membrane potential	37787991	0																																		
SLC4A11	N639A	S4A11_HUMAN	CHAIN	Solute carrier family 4 member 11	Corneal Edema	SLC4A11 -[Activation]-> Corneal Edema	23813972	0																																		
SLC4A11	N639A	S4A11_HUMAN	CHAIN	Solute carrier family 4 member 11	congenital hereditary endothelial dystrophy of cornea	SLC4A11 -[Activation]-> congenital hereditary endothelial dystrophy of cornea	23813972	0																																		
SLC4A11	N639A	S4A11_HUMAN	CHAIN	Solute carrier family 4 member 11	transport	SLC4A11 -[Inhibition]-> transport	23813972	0																																		
SLC4A11	R125H	S4A11_HUMAN	CHAIN	Solute carrier family 4 member 11	Corneal Edema	SLC4A11 -[Activation]-> Corneal Edema	23813972	0																																		
SLC4A11	R125H	S4A11_HUMAN	CHAIN	Solute carrier family 4 member 11	congenital hereditary endothelial dystrophy of cornea	SLC4A11 -[Activation]-> congenital hereditary endothelial dystrophy of cornea	23813972	0																																		
SLC4A11	R125H	S4A11_HUMAN	CHAIN	Solute carrier family 4 member 11	transport	SLC4A11 -[Inhibition]-> transport	23813972	0																																		
