variant_protein	variant_info	DomainProteinID	DomainFeature	DomainNote	biological_process/disease	chain	pmid	clinvar_match	#AlleleID	Type	Name	RS# (dbSNP)	disease_1	significance_1	star_1	disease_2	significance_2	star_2	disease_3	significance_3	star_3	disease_4	significance_4	star_4	disease_5	significance_5	star_5	disease_6	significance_6	star_6	disease_7	significance_7	star_7	disease_8	significance_8	star_8	disease_9	significance_9	star_9	disease_10	significance_10	star_10
SMAD5-AS1	I54V	SMA5O_HUMAN	CHAIN;REGION	SMAD5 antisense gene protein 1;Disordered	Death	SMAD5-AS1 -[Inhibition]-> Protease -[Activation]-> Death	21124822	0																																		
SMAD5-AS1	I54V	SMA5O_HUMAN	CHAIN;REGION	SMAD5 antisense gene protein 1;Disordered	cell death	SMAD5-AS1 -[Activation]-> cell death	21124822	0																																		
SMAD5-AS1	I54V	SMA5O_HUMAN	CHAIN;REGION	SMAD5 antisense gene protein 1;Disordered	cell killing	SMAD5-AS1 -[Inhibition]-> Protease -[Inhibition]-> cell killing	21124822	0																																		
SMAD5-AS1	V82A	SMA5O_HUMAN	CHAIN	SMAD5 antisense gene protein 1	Death	SMAD5-AS1 -[Inhibition]-> Protease -[Activation]-> Death	21124822	0																																		
SMAD5-AS1	V82A	SMA5O_HUMAN	CHAIN	SMAD5 antisense gene protein 1	cell death	SMAD5-AS1 -[Activation]-> cell death	21124822	0																																		
SMAD5-AS1	V82A	SMA5O_HUMAN	CHAIN	SMAD5 antisense gene protein 1	cell killing	SMAD5-AS1 -[Inhibition]-> Protease -[Inhibition]-> cell killing	21124822	0																																		
