variant_protein	variant_info	DomainProteinID	DomainFeature	DomainNote	biological_process/disease	chain	pmid	clinvar_match	#AlleleID	Type	Name	RS# (dbSNP)	disease_1	significance_1	star_1	disease_2	significance_2	star_2	disease_3	significance_3	star_3	disease_4	significance_4	star_4	disease_5	significance_5	star_5	disease_6	significance_6	star_6	disease_7	significance_7	star_7	disease_8	significance_8	star_8	disease_9	significance_9	star_9	disease_10	significance_10	star_10
SMAD4	K428R	SMAD4_HUMAN	CHAIN;DOMAIN	Mothers against decapentaplegic homolog 4;MH2	Breast Neoplasms	SMAD4 -[Inhibition]-> SIRT7 -[Inhibition]-> Breast Neoplasms	28827661	1	938462	single nucleotide variant	NM_005359.6(SMAD4):c.1283A>G (p.Lys428Arg)	1555686620	Juvenile polyposis syndrome	Uncertain significance	1.0																											
SMAD4	K428R	SMAD4_HUMAN	CHAIN;DOMAIN	Mothers against decapentaplegic homolog 4;MH2	Genomic Instability	SMAD4 -[Inhibition]-> SIRT7 -[Inhibition]-> Genomic Instability	28827661	1	938462	single nucleotide variant	NM_005359.6(SMAD4):c.1283A>G (p.Lys428Arg)	1555686620	Juvenile polyposis syndrome	Uncertain significance	1.0																											
SMAD4	K428R	SMAD4_HUMAN	CHAIN;DOMAIN	Mothers against decapentaplegic homolog 4;MH2	Neoplasm Metastasis	SMAD4 -[Activation]-> Neoplasm Metastasis	28827661	1	938462	single nucleotide variant	NM_005359.6(SMAD4):c.1283A>G (p.Lys428Arg)	1555686620	Juvenile polyposis syndrome	Uncertain significance	1.0																											
SMAD4	K428R	SMAD4_HUMAN	CHAIN;DOMAIN	Mothers against decapentaplegic homolog 4;MH2	Neoplasms	SMAD4 -[Inhibition]-> SIRT7 -[Activation]-> Neoplasms	28827661	1	938462	single nucleotide variant	NM_005359.6(SMAD4):c.1283A>G (p.Lys428Arg)	1555686620	Juvenile polyposis syndrome	Uncertain significance	1.0																											
SMAD4	K428R	SMAD4_HUMAN	CHAIN;DOMAIN	Mothers against decapentaplegic homolog 4;MH2	cell growth	SMAD4 -[Activation]-> TGFB -[Inhibition]-> cell growth	28827661	1	938462	single nucleotide variant	NM_005359.6(SMAD4):c.1283A>G (p.Lys428Arg)	1555686620	Juvenile polyposis syndrome	Uncertain significance	1.0																											
SMAD4	K428R	SMAD4_HUMAN	CHAIN;DOMAIN	Mothers against decapentaplegic homolog 4;MH2	cell migration	SMAD4 -[Activation]-> cell migration	28827661	1	938462	single nucleotide variant	NM_005359.6(SMAD4):c.1283A>G (p.Lys428Arg)	1555686620	Juvenile polyposis syndrome	Uncertain significance	1.0																											
SMAD4	K428R	SMAD4_HUMAN	CHAIN;DOMAIN	Mothers against decapentaplegic homolog 4;MH2	cellular component biogenesis	SMAD4 -[Inhibition]-> SIRT7 -[Complex]-> MTOR -[Inhibition]-> cellular component biogenesis	28827661	1	938462	single nucleotide variant	NM_005359.6(SMAD4):c.1283A>G (p.Lys428Arg)	1555686620	Juvenile polyposis syndrome	Uncertain significance	1.0																											
SMAD4	K428R	SMAD4_HUMAN	CHAIN;DOMAIN	Mothers against decapentaplegic homolog 4;MH2	epithelial to mesenchymal transition	SMAD4 -[Inhibition]-> SIRT7 -[Activation]-> epithelial to mesenchymal transition	28827661	1	938462	single nucleotide variant	NM_005359.6(SMAD4):c.1283A>G (p.Lys428Arg)	1555686620	Juvenile polyposis syndrome	Uncertain significance	1.0																											
SMAD4	K428R	SMAD4_HUMAN	CHAIN;DOMAIN	Mothers against decapentaplegic homolog 4;MH2	transcription, DNA-templated	SMAD4 -[Complex]-> SIRT1 -[Inhibition]-> transcription, DNA-templated	28827661	1	938462	single nucleotide variant	NM_005359.6(SMAD4):c.1283A>G (p.Lys428Arg)	1555686620	Juvenile polyposis syndrome	Uncertain significance	1.0																											
