variant_protein	variant_info	DomainProteinID	DomainFeature	DomainNote	biological_process/disease	chain	pmid	clinvar_match	#AlleleID	Type	Name	RS# (dbSNP)	disease_1	significance_1	star_1	disease_2	significance_2	star_2	disease_3	significance_3	star_3	disease_4	significance_4	star_4	disease_5	significance_5	star_5	disease_6	significance_6	star_6	disease_7	significance_7	star_7	disease_8	significance_8	star_8	disease_9	significance_9	star_9	disease_10	significance_10	star_10
SMARCB1	D202A	SNF5_HUMAN	CHAIN;REPEAT;REGION;REGION;REGION	;1;HIV-1 integrase-binding;2 X approximate tandem repeats;MYC-binding	Neoplasms	SMARCB1 -[Inhibition]-> Neoplasms	33024572	0																																		
SMARCB1	D202A	SNF5_HUMAN	CHAIN;REPEAT;REGION;REGION;REGION	;1;HIV-1 integrase-binding;2 X approximate tandem repeats;MYC-binding	cell adhesion	SMARCB1 -[Activation]-> cell adhesion	33024572	0																																		
SMARCB1	D202A	SNF5_HUMAN	CHAIN;REPEAT;REGION;REGION;REGION	;1;HIV-1 integrase-binding;2 X approximate tandem repeats;MYC-binding	cell population proliferation	SMARCB1 -[Inhibition]-> cell population proliferation	33024572	0																																		
SMARCB1	E210A	SNF5_HUMAN	CHAIN;REPEAT;REGION;REGION;REGION	;1;HIV-1 integrase-binding;2 X approximate tandem repeats;MYC-binding	Neoplasms	SMARCB1 -[Inhibition]-> Neoplasms	33024572	0																																		
SMARCB1	E210A	SNF5_HUMAN	CHAIN;REPEAT;REGION;REGION;REGION	;1;HIV-1 integrase-binding;2 X approximate tandem repeats;MYC-binding	cell adhesion	SMARCB1 -[Activation]-> cell adhesion	33024572	0																																		
SMARCB1	E210A	SNF5_HUMAN	CHAIN;REPEAT;REGION;REGION;REGION	;1;HIV-1 integrase-binding;2 X approximate tandem repeats;MYC-binding	cell population proliferation	SMARCB1 -[Inhibition]-> cell population proliferation	33024572	0																																		
SMARCB1	R337C	SNF5_HUMAN	CHAIN		Cell Survival	SMARCB1 -[Complex]-> STK38L -[Activation]-> Cell Survival	30108113	0																																		
SMARCB1	R337C	SNF5_HUMAN	CHAIN		Neoplasm Invasiveness	SMARCB1 -[Complex]-> STK38L -[Activation]-> Neoplasm Invasiveness	30108113	0																																		
SMARCB1	R337C	SNF5_HUMAN	CHAIN		cell population proliferation	SMARCB1 -[Activation]-> cell population proliferation	30108113	0																																		
SMARCB1	R341L	SNF5_HUMAN	CHAIN		Neoplasms	SMARCB1 -[Inhibition]-> Neoplasms	33024572	1	2433575	single nucleotide variant	NM_003073.5(SMARCB1):c.1022G>T (p.Arg341Leu)	-1	Hereditary cancer-predisposing syndrome	Uncertain significance	1.0																											
SMARCB1	R341L	SNF5_HUMAN	CHAIN		cell adhesion	SMARCB1 -[Activation]-> cell adhesion	33024572	1	2433575	single nucleotide variant	NM_003073.5(SMARCB1):c.1022G>T (p.Arg341Leu)	-1	Hereditary cancer-predisposing syndrome	Uncertain significance	1.0																											
SMARCB1	R341L	SNF5_HUMAN	CHAIN		cell population proliferation	SMARCB1 -[Inhibition]-> cell population proliferation	33024572	1	2433575	single nucleotide variant	NM_003073.5(SMARCB1):c.1022G>T (p.Arg341Leu)	-1	Hereditary cancer-predisposing syndrome	Uncertain significance	1.0																											
