variant_protein	variant_info	DomainProteinID	DomainFeature	DomainNote	biological_process/disease	chain	pmid	clinvar_match	#AlleleID	Type	Name	RS# (dbSNP)	disease_1	significance_1	star_1	disease_2	significance_2	star_2	disease_3	significance_3	star_3	disease_4	significance_4	star_4	disease_5	significance_5	star_5	disease_6	significance_6	star_6	disease_7	significance_7	star_7	disease_8	significance_8	star_8	disease_9	significance_9	star_9	disease_10	significance_10	star_10
SMG7	K66E	SMG7_HUMAN	CHAIN	Nonsense-mediated mRNA decay factor SMG7	DNA Damage	SMG7 -[Phosphorylation]-> TP53 -[Activation]-> DNA Damage	31511540	0																																		
SMG7	K66E	SMG7_HUMAN	CHAIN	Nonsense-mediated mRNA decay factor SMG7	DNA damage checkpoint	SMG7 -[Phosphorylation]-> TP53 -[Activation]-> DNA damage checkpoint	31511540	0																																		
SMG7	K66E	SMG7_HUMAN	CHAIN	Nonsense-mediated mRNA decay factor SMG7	apoptotic process	SMG7 -[Phosphorylation]-> TP53 -[Activation]-> apoptotic process	31511540	0																																		
SMG7	K66E	SMG7_HUMAN	CHAIN	Nonsense-mediated mRNA decay factor SMG7	cell cycle	SMG7 -[Inhibition]-> cell cycle	31511540	0																																		
SMG7	K66E	SMG7_HUMAN	CHAIN	Nonsense-mediated mRNA decay factor SMG7	cell growth	SMG7 -[Phosphorylation]-> TP53 -[Activation]-> cell growth	31511540	0																																		
SMG7	K66E	SMG7_HUMAN	CHAIN	Nonsense-mediated mRNA decay factor SMG7	response to stress	SMG7 -[Phosphorylation]-> TP53 -[Activation]-> response to stress	31511540	0																																		
