variant_protein	variant_info	DomainProteinID	DomainFeature	DomainNote	biological_process/disease	chain	pmid	clinvar_match	#AlleleID	Type	Name	RS# (dbSNP)	disease_1	significance_1	star_1	disease_2	significance_2	star_2	disease_3	significance_3	star_3	disease_4	significance_4	star_4	disease_5	significance_5	star_5	disease_6	significance_6	star_6	disease_7	significance_7	star_7	disease_8	significance_8	star_8	disease_9	significance_9	star_9	disease_10	significance_10	star_10
SNAI1	S11V	SNAI1_HUMAN	CHAIN;REGION;REGION;REGION	Zinc finger protein SNAI1;Disordered;SNAG domain;LATS2 binding	Breast Neoplasms	SNAI1 -[Complex]-> FBXO11 -[Inhibition]-> Breast Neoplasms	25203322	0																																		
SNAI1	S11V	SNAI1_HUMAN	CHAIN;REGION;REGION;REGION	Zinc finger protein SNAI1;Disordered;SNAG domain;LATS2 binding	Neoplasm Invasiveness	SNAI1 -[Activation]-> epithelial to mesenchymal transition -[Inhibition]-> SNAIL -[Activation]-> Neoplasm Invasiveness	25203322	0																																		
SNAI1	S11V	SNAI1_HUMAN	CHAIN;REGION;REGION;REGION	Zinc finger protein SNAI1;Disordered;SNAG domain;LATS2 binding	Neoplasm Metastasis	SNAI1 -[Activation]-> Neoplasm Metastasis	25203322	0																																		
SNAI1	S11V	SNAI1_HUMAN	CHAIN;REGION;REGION;REGION	Zinc finger protein SNAI1;Disordered;SNAG domain;LATS2 binding	Neoplasms	SNAI1 -[Activation]-> Neoplasms	25203322	0																																		
SNAI1	S11V	SNAI1_HUMAN	CHAIN;REGION;REGION;REGION	Zinc finger protein SNAI1;Disordered;SNAG domain;LATS2 binding	epithelial to mesenchymal transition	SNAI1 -[Activation]-> epithelial to mesenchymal transition	25203322	0																																		
SNAI1	S11V	SNAI1_HUMAN	CHAIN;REGION;REGION;REGION	Zinc finger protein SNAI1;Disordered;SNAG domain;LATS2 binding	immune response	SNAI1 -[Activation]-> epithelial to mesenchymal transition -[Inhibition]-> SNAIL -[Inhibition]-> immune response	25203322	0																																		
SNAI1	S11V	SNAI1_HUMAN	CHAIN;REGION;REGION;REGION	Zinc finger protein SNAI1;Disordered;SNAG domain;LATS2 binding	proteolysis	SNAI1 -[Complex]-> FBXO11 -[Inhibition]-> proteolysis	25203322	0																																		
SNAI1	S6A	SNAI1_HUMAN	CHAIN;REGION;REGION;REGION	Zinc finger protein SNAI1;Disordered;SNAG domain;Required and sufficient for interaction with KDM1A	epithelial to mesenchymal transition	SNAI1 -[Activation]-> epithelial to mesenchymal transition	20457809	0																																		
