variant_protein	variant_info	DomainProteinID	DomainFeature	DomainNote	biological_process/disease	chain	pmid	clinvar_match	#AlleleID	Type	Name	RS# (dbSNP)	disease_1	significance_1	star_1	disease_2	significance_2	star_2	disease_3	significance_3	star_3	disease_4	significance_4	star_4	disease_5	significance_5	star_5	disease_6	significance_6	star_6	disease_7	significance_7	star_7	disease_8	significance_8	star_8	disease_9	significance_9	star_9	disease_10	significance_10	star_10
SOS1	F929A	SOS1_HUMAN	CHAIN;DOMAIN	Son of sevenless homolog 1;Ras-GEF	Major Histocompatibility Complex	SOS1 -[Phosphorylation]-> TCR -[Complex]-> Major Histocompatibility Complex	24222714	0																																		
SOS1	F929A	SOS1_HUMAN	CHAIN;DOMAIN	Son of sevenless homolog 1;Ras-GEF	cell differentiation	SOS1 -[Activation]-> cell differentiation	24222714	0																																		
SOS1	F929A	SOS1_HUMAN	CHAIN;DOMAIN	Son of sevenless homolog 1;Ras-GEF	cell population proliferation	SOS1 -[Activation]-> cell population proliferation	24222714	0																																		
SOS1	F929A	SOS1_HUMAN	CHAIN;DOMAIN	Son of sevenless homolog 1;Ras-GEF	signal transduction	SOS1 -[Phosphorylation]-> TCR -[Activation]-> signal transduction	24222714	0																																		
