variant_protein	variant_info	DomainProteinID	DomainFeature	DomainNote	biological_process/disease	chain	pmid	clinvar_match	#AlleleID	Type	Name	RS# (dbSNP)	disease_1	significance_1	star_1	disease_2	significance_2	star_2	disease_3	significance_3	star_3	disease_4	significance_4	star_4	disease_5	significance_5	star_5	disease_6	significance_6	star_6	disease_7	significance_7	star_7	disease_8	significance_8	star_8	disease_9	significance_9	star_9	disease_10	significance_10	star_10
SPRTN	E112A	SPRTN_HUMAN	CHAIN;DOMAIN	DNA-dependent metalloprotease SPRTN;SprT-like	DNA Damage	SPRTN -[Inhibition]-> DNA Damage	25501849	0																																		
SPRTN	E112A	SPRTN_HUMAN	CHAIN;DOMAIN	DNA-dependent metalloprotease SPRTN;SprT-like	DNA damage checkpoint	SPRTN -[Inhibition]-> DNA Damage -[Inhibition]-> DNA damage checkpoint	25501849	0																																		
SPRTN	E112A	SPRTN_HUMAN	CHAIN;DOMAIN	DNA-dependent metalloprotease SPRTN;SprT-like	DNA replication	SPRTN -[Inhibition]-> DNA Damage -[Activation]-> DNA replication	25501849	0																																		
SPRTN	E112A	SPRTN_HUMAN	CHAIN;DOMAIN	DNA-dependent metalloprotease SPRTN;SprT-like	DNA replication	SPRTN -[Inhibition]-> diphenylcyclopropenone -[Activation]-> DNA replication	27871366	0																																		
SPRTN	E112A	SPRTN_HUMAN	CHAIN;DOMAIN	DNA-dependent metalloprotease SPRTN;SprT-like	Genomic Instability	SPRTN -[Inhibition]-> Genomic Instability	25501849	0																																		
SPRTN	E112A	SPRTN_HUMAN	CHAIN;DOMAIN	DNA-dependent metalloprotease SPRTN;SprT-like	cell cycle	SPRTN -[Inhibition]-> cell cycle	25501849	0																																		
