variant_protein	variant_info	DomainProteinID	DomainFeature	DomainNote	biological_process/disease	chain	pmid	clinvar_match	#AlleleID	Type	Name	RS# (dbSNP)	disease_1	significance_1	star_1	disease_2	significance_2	star_2	disease_3	significance_3	star_3	disease_4	significance_4	star_4	disease_5	significance_5	star_5	disease_6	significance_6	star_6	disease_7	significance_7	star_7	disease_8	significance_8	star_8	disease_9	significance_9	star_9	disease_10	significance_10	star_10
SRC	C245A	SRC_HUMAN	CHAIN;DOMAIN	Proto-oncogene tyrosine-protein kinase Src;SH2	epithelial to mesenchymal transition	SRC -[Phosphorylation]-> PKM2 -[Inhibition]-> epithelial to mesenchymal transition	26183399	0																																		
SRC	C487A	SRC_HUMAN	CHAIN;DOMAIN	Proto-oncogene tyrosine-protein kinase Src;Protein kinase	epithelial to mesenchymal transition	SRC -[Phosphorylation]-> PKM2 -[Inhibition]-> epithelial to mesenchymal transition	26183399	0																																		
SRC	E378G	SRC_HUMAN	CHAIN;DOMAIN	Proto-oncogene tyrosine-protein kinase Src;Protein kinase	PDGF	SRC -[Activation]-> PDGF	26393512	0																																		
SRC	E378G	SRC_HUMAN	CHAIN;DOMAIN	Proto-oncogene tyrosine-protein kinase Src;Protein kinase	cell adhesion	SRC -[Activation]-> cell adhesion	11149930	0																																		
SRC	E378G	SRC_HUMAN	CHAIN;DOMAIN	Proto-oncogene tyrosine-protein kinase Src;Protein kinase	localization	SRC -[Inhibition]-> localization	20498016	0																																		
SRC	E527K	SRC_HUMAN	CHAIN	Proto-oncogene tyrosine-protein kinase Src	cell population proliferation	SRC -[Inhibition]-> MPL -[Activation]-> cell population proliferation	28955303	1	227504	single nucleotide variant	NM_198291.3(SRC):c.1579G>A (p.Glu527Lys)	879255268	Thrombocytopenia 6	Likely pathogenic	1.0	Osteoporosis			Primary myelofibrosis			Thrombocytopenia																				
SRC	K295M	SRC_HUMAN	CHAIN;DOMAIN	Proto-oncogene tyrosine-protein kinase Src;Protein kinase	Cell Survival	SRC -[Complex]-> TNFSF11 -[Activation]-> Cell Survival	10635328	0																																		
SRC	K295M	SRC_HUMAN	CHAIN;DOMAIN	Proto-oncogene tyrosine-protein kinase Src;Protein kinase	Neoplasm Metastasis	SRC -[Activation]-> ABL1 -[Activation]-> Neoplasm Metastasis	23146907	0																																		
SRC	K295M	SRC_HUMAN	CHAIN;DOMAIN	Proto-oncogene tyrosine-protein kinase Src;Protein kinase	apoptotic process	SRC -[Activation]-> AKT -[Inhibition]-> apoptotic process	10635328	0																																		
SRC	K295M	SRC_HUMAN	CHAIN;DOMAIN	Proto-oncogene tyrosine-protein kinase Src;Protein kinase	cytokine production	SRC -[Complex]-> TNFSF11 -[Activation]-> cytokine production	10635328	0																																		
SRC	K295M	SRC_HUMAN	CHAIN;DOMAIN	Proto-oncogene tyrosine-protein kinase Src;Protein kinase	endocytosis	SRC -[Inhibition]-> endocytosis	10818153	0																																		
SRC	K295M	SRC_HUMAN	CHAIN;DOMAIN	Proto-oncogene tyrosine-protein kinase Src;Protein kinase	proteolysis	SRC -[Activation]-> proteolysis	23146907	0																																		
SRC	K295M	SRC_HUMAN	CHAIN;DOMAIN	Proto-oncogene tyrosine-protein kinase Src;Protein kinase	signal transduction	SRC -[Complex]-> TNFSF11 -[Activation]-> signal transduction	10635328	0																																		
SRC	S12A	SRC_HUMAN	CHAIN;REGION;COMPBIAS	Proto-oncogene tyrosine-protein kinase Src;Disordered;Basic and acidic residues	apoptotic process	SRC -[Inhibition]-> apoptotic process	18069897	0																																		
SRC	S17A	SRC_HUMAN	CHAIN;REGION;COMPBIAS	Proto-oncogene tyrosine-protein kinase Src;Disordered;Basic and acidic residues	cell differentiation	SRC -[Activation]-> 3',5'-cyclic AMP -[Activation]-> cell differentiation	20219970	0																																		
SRC	S17A	SRC_HUMAN	CHAIN;REGION;COMPBIAS	Proto-oncogene tyrosine-protein kinase Src;Disordered;Basic and acidic residues	coreceptor activity	SRC -[Dephosphorylation]-> NTRK1 -[Complex]-> coreceptor activity	20219970	0																																		
SRC	T341I	SRC_HUMAN	CHAIN;DOMAIN	Proto-oncogene tyrosine-protein kinase Src;Protein kinase	Cell Survival	SRC -[Activation]-> Cell Survival	27231123	0																																		
SRC	T341I	SRC_HUMAN	CHAIN;DOMAIN	Proto-oncogene tyrosine-protein kinase Src;Protein kinase	Cell Transformation, Neoplastic	SRC -[DecreaseAmount]-> CRKL -[Activation]-> Cell Transformation, Neoplastic	22586683	0																																		
SRC	T341I	SRC_HUMAN	CHAIN;DOMAIN	Proto-oncogene tyrosine-protein kinase Src;Protein kinase	Small Cell Lung Carcinoma	SRC -[DecreaseAmount]-> CRKL -[Activation]-> Small Cell Lung Carcinoma	22586683	0																																		
SRC	T341I	SRC_HUMAN	CHAIN;DOMAIN	Proto-oncogene tyrosine-protein kinase Src;Protein kinase	apoptotic process	SRC -[DecreaseAmount]-> CRKL -[Inhibition]-> apoptotic process	22586683	0																																		
SRC	T341I	SRC_HUMAN	CHAIN;DOMAIN	Proto-oncogene tyrosine-protein kinase Src;Protein kinase	cell death	SRC -[DecreaseAmount]-> CRKL -[Inhibition]-> cell death	22586683	0																																		
SRC	T341I	SRC_HUMAN	CHAIN;DOMAIN	Proto-oncogene tyrosine-protein kinase Src;Protein kinase	cell population proliferation	SRC -[DecreaseAmount]-> CRKL -[Inhibition]-> cell population proliferation	22586683	0																																		
SRC	T341I	SRC_HUMAN	CHAIN;DOMAIN	Proto-oncogene tyrosine-protein kinase Src;Protein kinase	cell population proliferation	SRC -[IncreaseAmount]-> RPS6 -[Inhibition]-> cell population proliferation	27231123	0																																		
SRC	T388I	SRC_HUMAN	CHAIN;DOMAIN	Proto-oncogene tyrosine-protein kinase Src;Protein kinase	cell population proliferation	SRC -[Activation]-> dasatinib (anhydrous) -[Inhibition]-> cell population proliferation	21632985	0																																		
SRC	Y416A	SRC_HUMAN	CHAIN;DOMAIN	Proto-oncogene tyrosine-protein kinase Src;Protein kinase	inflammatory response	SRC -[Complex]-> MYLK -[Activation]-> inflammatory response	21670231	0																																		
SRC	Y416F	SRC_HUMAN	CHAIN;DOMAIN	Proto-oncogene tyrosine-protein kinase Src;Protein kinase	Lung Neoplasms	SRC -[Activation]-> CCN2 -[Inhibition]-> Lung Neoplasms	23175185	0																																		
SRC	Y416F	SRC_HUMAN	CHAIN;DOMAIN	Proto-oncogene tyrosine-protein kinase Src;Protein kinase	Neoplasm Invasiveness	SRC -[Activation]-> CCN2 -[Inhibition]-> Neoplasm Invasiveness	23175185	0																																		
SRC	Y416F	SRC_HUMAN	CHAIN;DOMAIN	Proto-oncogene tyrosine-protein kinase Src;Protein kinase	Neoplasm Metastasis	SRC -[Activation]-> CCN2 -[Inhibition]-> Neoplasm Metastasis	23175185	0																																		
SRC	Y416F	SRC_HUMAN	CHAIN;DOMAIN	Proto-oncogene tyrosine-protein kinase Src;Protein kinase	cell death	SRC -[Inhibition]-> DAPK -[Activation]-> cell death	23175185	0																																		
SRC	Y419F	SRC_HUMAN	CHAIN;DOMAIN	Proto-oncogene tyrosine-protein kinase Src;Protein kinase	Cell Survival	SRC -[DecreaseAmount]-> VAV1 -[Activation]-> Cell Survival	24332539	0																																		
SRC	Y419F	SRC_HUMAN	CHAIN;DOMAIN	Proto-oncogene tyrosine-protein kinase Src;Protein kinase	Neoplasm Invasiveness	SRC -[DecreaseAmount]-> VAV1 -[Inhibition]-> Neoplasm Invasiveness	24332539	0																																		
SRC	Y527F	SRC_HUMAN	CHAIN	Proto-oncogene tyrosine-protein kinase Src	Brain Neoplasms	SRC -[IncreaseAmount]-> YTHDF2 -[Activation]-> Brain Neoplasms	33420027	0																																		
SRC	Y527F	SRC_HUMAN	CHAIN	Proto-oncogene tyrosine-protein kinase Src	Cell Survival	SRC -[DecreaseAmount]-> AKT1 -[Activation]-> Cell Survival	25575302	0																																		
SRC	Y527F	SRC_HUMAN	CHAIN	Proto-oncogene tyrosine-protein kinase Src	Cell Survival	SRC -[IncreaseAmount]-> YTHDF2 -[Activation]-> Cell Survival	33420027	0																																		
SRC	Y527F	SRC_HUMAN	CHAIN	Proto-oncogene tyrosine-protein kinase Src	DNA replication	SRC -[IncreaseAmount]-> YTHDF2 -[Activation]-> DNA replication	33420027	0																																		
SRC	Y527F	SRC_HUMAN	CHAIN	Proto-oncogene tyrosine-protein kinase Src	Genomic Instability	SRC -[Phosphorylation]-> lamin -[Activation]-> Genomic Instability	34385357	0																																		
SRC	Y527F	SRC_HUMAN	CHAIN	Proto-oncogene tyrosine-protein kinase Src	Glioblastoma	SRC -[IncreaseAmount]-> YTHDF2 -[Activation]-> Glioblastoma	33420027	0																																		
SRC	Y527F	SRC_HUMAN	CHAIN	Proto-oncogene tyrosine-protein kinase Src	Neoplasm Invasiveness	SRC -[Activation]-> AKT -[Activation]-> Neoplasm Invasiveness	25533622	0																																		
SRC	Y527F	SRC_HUMAN	CHAIN	Proto-oncogene tyrosine-protein kinase Src	Neoplasm Invasiveness	SRC -[Activation]-> Neoplasm Invasiveness	25575302	0																																		
SRC	Y527F	SRC_HUMAN	CHAIN	Proto-oncogene tyrosine-protein kinase Src	Neoplasm Invasiveness	SRC -[Activation]-> Neoplasm Invasiveness	25955608	0																																		
SRC	Y527F	SRC_HUMAN	CHAIN	Proto-oncogene tyrosine-protein kinase Src	Neoplasm Invasiveness	SRC -[Activation]-> Neoplasm Invasiveness	25980494	0																																		
SRC	Y527F	SRC_HUMAN	CHAIN	Proto-oncogene tyrosine-protein kinase Src	Neoplasm Invasiveness	SRC -[Complex]-> FSCN1 -[Activation]-> Neoplasm Invasiveness	26542021	0																																		
SRC	Y527F	SRC_HUMAN	CHAIN	Proto-oncogene tyrosine-protein kinase Src	Neoplasm Invasiveness	SRC -[Inhibition]-> HIVEP2 -[Activation]-> Neoplasm Invasiveness	33420027	0																																		
SRC	Y527F	SRC_HUMAN	CHAIN	Proto-oncogene tyrosine-protein kinase Src	Neoplasm Metastasis	SRC -[Activation]-> Neoplasm Metastasis	25533622	0																																		
SRC	Y527F	SRC_HUMAN	CHAIN	Proto-oncogene tyrosine-protein kinase Src	Neoplasm Metastasis	SRC -[DecreaseAmount]-> AKT2 -[Activation]-> Neoplasm Metastasis	25575302	0																																		
SRC	Y527F	SRC_HUMAN	CHAIN	Proto-oncogene tyrosine-protein kinase Src	Neoplasms	SRC -[IncreaseAmount]-> CCN1 -[Activation]-> Neoplasms	25980494	0																																		
SRC	Y527F	SRC_HUMAN	CHAIN	Proto-oncogene tyrosine-protein kinase Src	Neoplasms	SRC -[Phosphorylation]-> lamin -[Activation]-> Neoplasms	34385357	0																																		
SRC	Y527F	SRC_HUMAN	CHAIN	Proto-oncogene tyrosine-protein kinase Src	angiogenesis	SRC -[IncreaseAmount]-> CD133 -[IncreaseAmount]-> STAT3 -[Activation]-> angiogenesis	26154152	0																																		
SRC	Y527F	SRC_HUMAN	CHAIN	Proto-oncogene tyrosine-protein kinase Src	apoptotic process	SRC -[Inhibition]-> TNFSF10 -[Activation]-> cell adhesion -[Activation]-> apoptotic process	25611393	0																																		
SRC	Y527F	SRC_HUMAN	CHAIN	Proto-oncogene tyrosine-protein kinase Src	cell adhesion	SRC -[Activation]-> cell adhesion	26042227	0																																		
SRC	Y527F	SRC_HUMAN	CHAIN	Proto-oncogene tyrosine-protein kinase Src	cell adhesion	SRC -[Activation]-> cell adhesion	26542021	0																																		
SRC	Y527F	SRC_HUMAN	CHAIN	Proto-oncogene tyrosine-protein kinase Src	cell adhesion	SRC -[Inhibition]-> TNFSF10 -[Activation]-> cell adhesion	25611393	0																																		
SRC	Y527F	SRC_HUMAN	CHAIN	Proto-oncogene tyrosine-protein kinase Src	cell cycle	SRC -[Activation]-> cell cycle	22238675	0																																		
SRC	Y527F	SRC_HUMAN	CHAIN	Proto-oncogene tyrosine-protein kinase Src	cell cycle	SRC -[Inhibition]-> HIVEP2 -[Inhibition]-> cell cycle	33420027	0																																		
SRC	Y527F	SRC_HUMAN	CHAIN	Proto-oncogene tyrosine-protein kinase Src	cell death	SRC -[Phosphorylation]-> PTK2 -[Inhibition]-> cell death	25611393	0																																		
SRC	Y527F	SRC_HUMAN	CHAIN	Proto-oncogene tyrosine-protein kinase Src	cell differentiation	SRC -[Inhibition]-> HIVEP2 -[Activation]-> cell differentiation	33420027	0																																		
SRC	Y527F	SRC_HUMAN	CHAIN	Proto-oncogene tyrosine-protein kinase Src	cell growth	SRC -[Activation]-> cell growth	25575302	0																																		
SRC	Y527F	SRC_HUMAN	CHAIN	Proto-oncogene tyrosine-protein kinase Src	cell growth	SRC -[Inhibition]-> HIVEP2 -[Inhibition]-> cell growth	33420027	0																																		
SRC	Y527F	SRC_HUMAN	CHAIN	Proto-oncogene tyrosine-protein kinase Src	cell migration	SRC -[Activation]-> cell migration	20378826	0																																		
SRC	Y527F	SRC_HUMAN	CHAIN	Proto-oncogene tyrosine-protein kinase Src	cell migration	SRC -[Activation]-> cell migration	22238675	0																																		
SRC	Y527F	SRC_HUMAN	CHAIN	Proto-oncogene tyrosine-protein kinase Src	cell migration	SRC -[Complex]-> FSCN1 -[Activation]-> cell migration	26542021	0																																		
SRC	Y527F	SRC_HUMAN	CHAIN	Proto-oncogene tyrosine-protein kinase Src	cell migration	SRC -[Complex]-> HGF -[Activation]-> cell migration	29311227	0																																		
SRC	Y527F	SRC_HUMAN	CHAIN	Proto-oncogene tyrosine-protein kinase Src	cell migration	SRC -[DecreaseAmount]-> AKT1 -[Activation]-> cell migration	25575302	0																																		
SRC	Y527F	SRC_HUMAN	CHAIN	Proto-oncogene tyrosine-protein kinase Src	cell migration	SRC -[Inhibition]-> cell migration	25980494	0																																		
SRC	Y527F	SRC_HUMAN	CHAIN	Proto-oncogene tyrosine-protein kinase Src	cell migration	SRC -[Phosphorylation]-> lamin -[Activation]-> cell migration	34385357	0																																		
SRC	Y527F	SRC_HUMAN	CHAIN	Proto-oncogene tyrosine-protein kinase Src	cell motility	SRC -[Complex]-> CSF1R -[Activation]-> cell motility	21049007	0																																		
SRC	Y527F	SRC_HUMAN	CHAIN	Proto-oncogene tyrosine-protein kinase Src	cell motility	SRC -[Complex]-> FSCN1 -[Activation]-> cell motility	26542021	0																																		
SRC	Y527F	SRC_HUMAN	CHAIN	Proto-oncogene tyrosine-protein kinase Src	cell motility	SRC -[Phosphorylation]-> MAPKAPK5 -[Inhibition]-> cell motility	26042227	0																																		
SRC	Y527F	SRC_HUMAN	CHAIN	Proto-oncogene tyrosine-protein kinase Src	cell population proliferation	SRC -[Activation]-> cell population proliferation	22238675	0																																		
SRC	Y527F	SRC_HUMAN	CHAIN	Proto-oncogene tyrosine-protein kinase Src	cell population proliferation	SRC -[Activation]-> cell population proliferation	25955608	0																																		
SRC	Y527F	SRC_HUMAN	CHAIN	Proto-oncogene tyrosine-protein kinase Src	cell population proliferation	SRC -[Activation]-> cell population proliferation	25980494	0																																		
SRC	Y527F	SRC_HUMAN	CHAIN	Proto-oncogene tyrosine-protein kinase Src	cell population proliferation	SRC -[Activation]-> cell population proliferation	31847183	0																																		
SRC	Y527F	SRC_HUMAN	CHAIN	Proto-oncogene tyrosine-protein kinase Src	cell population proliferation	SRC -[IncreaseAmount]-> CD133 -[IncreaseAmount]-> STAT3 -[Activation]-> cell population proliferation	26154152	0																																		
SRC	Y527F	SRC_HUMAN	CHAIN	Proto-oncogene tyrosine-protein kinase Src	cell population proliferation	SRC -[Inhibition]-> HIVEP2 -[Inhibition]-> cell population proliferation	33420027	0																																		
SRC	Y527F	SRC_HUMAN	CHAIN	Proto-oncogene tyrosine-protein kinase Src	cell population proliferation	SRC -[Inhibition]-> SHH -[Activation]-> cell population proliferation	20708589	0																																		
SRC	Y527F	SRC_HUMAN	CHAIN	Proto-oncogene tyrosine-protein kinase Src	cell population proliferation	SRC -[Inhibition]-> cell population proliferation	9363641	0																																		
SRC	Y527F	SRC_HUMAN	CHAIN	Proto-oncogene tyrosine-protein kinase Src	cellular component biogenesis	SRC -[Activation]-> cellular component biogenesis	29109268	0																																		
SRC	Y527F	SRC_HUMAN	CHAIN	Proto-oncogene tyrosine-protein kinase Src	endocytosis	SRC -[Activation]-> endocytosis	29311227	0																																		
SRC	Y527F	SRC_HUMAN	CHAIN	Proto-oncogene tyrosine-protein kinase Src	epithelial to mesenchymal transition	SRC -[Inhibition]-> epithelial to mesenchymal transition	25533622	0																																		
SRC	Y527F	SRC_HUMAN	CHAIN	Proto-oncogene tyrosine-protein kinase Src	homeostatic process	SRC -[IncreaseAmount]-> YTHDF2 -[Inhibition]-> homeostatic process	33420027	0																																		
SRC	Y527F	SRC_HUMAN	CHAIN	Proto-oncogene tyrosine-protein kinase Src	mRNA catabolic process	SRC -[IncreaseAmount]-> YTHDF2 -[Activation]-> mRNA catabolic process	33420027	0																																		
SRC	Y527F	SRC_HUMAN	CHAIN	Proto-oncogene tyrosine-protein kinase Src	positive regulation of focal adhesion assembly	SRC -[Inhibition]-> Th1 Cells -[Inhibition]-> positive regulation of focal adhesion assembly	22238675	0																																		
SRC	Y527F	SRC_HUMAN	CHAIN	Proto-oncogene tyrosine-protein kinase Src	positive regulation of focal adhesion assembly	SRC -[Phosphorylation]-> MAPKAPK5 -[Activation]-> positive regulation of focal adhesion assembly	26042227	0																																		
SRC	Y527F	SRC_HUMAN	CHAIN	Proto-oncogene tyrosine-protein kinase Src	proteolysis	SRC -[Activation]-> proteolysis	25980494	0																																		
SRC	Y527F	SRC_HUMAN	CHAIN	Proto-oncogene tyrosine-protein kinase Src	signal transduction	SRC -[Complex]-> PDGFR -[Activation]-> signal transduction	9363641	0																																		
SRC	Y527F	SRC_HUMAN	CHAIN	Proto-oncogene tyrosine-protein kinase Src	signal transduction	SRC -[Inhibition]-> TNFSF10 -[Activation]-> cell adhesion -[Activation]-> signal transduction	25611393	0																																		
SRC	Y528F	SRC_HUMAN	CHAIN	Proto-oncogene tyrosine-protein kinase Src	Cell Survival	SRC -[Activation]-> EGFR -[Activation]-> Cell Survival	19690143	0																																		
SRC	Y528F	SRC_HUMAN	CHAIN	Proto-oncogene tyrosine-protein kinase Src	Glioblastoma	SRC -[Activation]-> Glioblastoma	19690143	0																																		
SRC	Y528F	SRC_HUMAN	CHAIN	Proto-oncogene tyrosine-protein kinase Src	Neoplasm Invasiveness	SRC -[Activation]-> Neoplasm Invasiveness	19690143	0																																		
SRC	Y528F	SRC_HUMAN	CHAIN	Proto-oncogene tyrosine-protein kinase Src	apoptotic process	SRC -[Inhibition]-> apoptotic process	19690143	0																																		
SRC	Y528F	SRC_HUMAN	CHAIN	Proto-oncogene tyrosine-protein kinase Src	cell migration	SRC -[Activation]-> cell migration	19690143	0																																		
SRC	Y529F	SRC_HUMAN	CHAIN	Proto-oncogene tyrosine-protein kinase Src	Carcinogenesis	SRC -[Inhibition]-> ZIC2 -[Activation]-> Carcinogenesis	34514099	0																																		
SRC	Y529F	SRC_HUMAN	CHAIN	Proto-oncogene tyrosine-protein kinase Src	Carcinoma, Non-Small-Cell Lung	SRC -[Inhibition]-> ZIC2 -[Activation]-> Carcinoma, Non-Small-Cell Lung	34514099	0																																		
SRC	Y529F	SRC_HUMAN	CHAIN	Proto-oncogene tyrosine-protein kinase Src	Neoplasm Metastasis	SRC -[Inhibition]-> ZIC2 -[Activation]-> Neoplasm Metastasis	34514099	0																																		
SRC	Y529F	SRC_HUMAN	CHAIN	Proto-oncogene tyrosine-protein kinase Src	anoikis	SRC -[Inhibition]-> anoikis	34514099	0																																		
SRC	Y529F	SRC_HUMAN	CHAIN	Proto-oncogene tyrosine-protein kinase Src	cell population proliferation	SRC -[Inhibition]-> ZIC2 -[Inhibition]-> cell population proliferation	34514099	0																																		
SRC	Y529F	SRC_HUMAN	CHAIN	Proto-oncogene tyrosine-protein kinase Src	signal transduction	SRC -[Inhibition]-> ZIC2 -[Activation]-> signal transduction	34514099	0																																		
SRC	Y530F	SRC_HUMAN	CHAIN	Proto-oncogene tyrosine-protein kinase Src	Cell Survival	SRC -[DecreaseAmount]-> VAV1 -[Activation]-> Cell Survival	24332539	0																																		
SRC	Y530F	SRC_HUMAN	CHAIN	Proto-oncogene tyrosine-protein kinase Src	Neoplasm Invasiveness	SRC -[DecreaseAmount]-> VAV1 -[Inhibition]-> Neoplasm Invasiveness	24332539	0																																		
SRC	Y530F	SRC_HUMAN	CHAIN	Proto-oncogene tyrosine-protein kinase Src	cell migration	SRC -[Activation]-> cell migration	27698945	0																																		
