variant_protein	variant_info	DomainProteinID	DomainFeature	DomainNote	biological_process/disease	chain	pmid	clinvar_match	#AlleleID	Type	Name	RS# (dbSNP)	disease_1	significance_1	star_1	disease_2	significance_2	star_2	disease_3	significance_3	star_3	disease_4	significance_4	star_4	disease_5	significance_5	star_5	disease_6	significance_6	star_6	disease_7	significance_7	star_7	disease_8	significance_8	star_8	disease_9	significance_9	star_9	disease_10	significance_10	star_10
SSTR5	P335L	SSR5_HUMAN	CHAIN;REGION;COMPBIAS	Somatostatin receptor type 5;Disordered;Basic and acidic residues	apoptotic process	SSTR5 -[Activation]-> apoptotic process	25009500	1	1239025	single nucleotide variant	NM_001172560.3(SSTR5):c.1004C>T (p.Pro335Leu)	169068	not provided	Benign	2.0																											
SSTR5	P335L	SSR5_HUMAN	CHAIN;REGION;COMPBIAS	Somatostatin receptor type 5;Disordered;Basic and acidic residues	cell population proliferation	SSTR5 -[Inhibition]-> cell population proliferation	22136833	1	1239025	single nucleotide variant	NM_001172560.3(SSTR5):c.1004C>T (p.Pro335Leu)	169068	not provided	Benign	2.0																											
SSTR5	P335L	SSR5_HUMAN	CHAIN;REGION;COMPBIAS	Somatostatin receptor type 5;Disordered;Basic and acidic residues	cell population proliferation	SSTR5 -[Inhibition]-> cell population proliferation	22669743	1	1239025	single nucleotide variant	NM_001172560.3(SSTR5):c.1004C>T (p.Pro335Leu)	169068	not provided	Benign	2.0																											
SSTR5	P335L	SSR5_HUMAN	CHAIN;REGION;COMPBIAS	Somatostatin receptor type 5;Disordered;Basic and acidic residues	cell population proliferation	SSTR5 -[Inhibition]-> cell population proliferation	25009500	1	1239025	single nucleotide variant	NM_001172560.3(SSTR5):c.1004C>T (p.Pro335Leu)	169068	not provided	Benign	2.0																											
SSTR5	P335L	SSR5_HUMAN	CHAIN;REGION;COMPBIAS	Somatostatin receptor type 5;Disordered;Basic and acidic residues	transcription, DNA-templated	SSTR5 -[Deubiquitination]-> PDHX -[Inhibition]-> transcription, DNA-templated	25009500	1	1239025	single nucleotide variant	NM_001172560.3(SSTR5):c.1004C>T (p.Pro335Leu)	169068	not provided	Benign	2.0																											
