variant_protein	variant_info	DomainProteinID	DomainFeature	DomainNote	biological_process/disease	chain	pmid	clinvar_match	#AlleleID	Type	Name	RS# (dbSNP)	disease_1	significance_1	star_1	disease_2	significance_2	star_2	disease_3	significance_3	star_3	disease_4	significance_4	star_4	disease_5	significance_5	star_5	disease_6	significance_6	star_6	disease_7	significance_7	star_7	disease_8	significance_8	star_8	disease_9	significance_9	star_9	disease_10	significance_10	star_10
STAT2	L82A	STAT2_HUMAN	CHAIN	Signal transducer and activator of transcription 2	Cell Survival	STAT2 -[Activation]-> IFNG -[Inhibition]-> Cell Survival	27780205	0																																		
STAT2	L82A	STAT2_HUMAN	CHAIN	Signal transducer and activator of transcription 2	transcription, DNA-templated	STAT2 -[Complex]-> Interferon -[Activation]-> transcription, DNA-templated	27780205	0																																		
STAT2	R409A	STAT2_HUMAN	CHAIN;REGION;REGION;REGION	Signal transducer and activator of transcription 2;Mediates interaction with USP18;Interaction with heartland virus NSs;Interaction with SFTSV virus NSs	Death	STAT2 -[Activation]-> IFNA -[Activation]-> Death	20068068	0																																		
STAT2	R409A	STAT2_HUMAN	CHAIN;REGION;REGION;REGION	Signal transducer and activator of transcription 2;Mediates interaction with USP18;Interaction with heartland virus NSs;Interaction with SFTSV virus NSs	apoptotic process	STAT2 -[Activation]-> apoptotic process	20068068	0																																		
STAT2	R409A	STAT2_HUMAN	CHAIN;REGION;REGION;REGION	Signal transducer and activator of transcription 2;Mediates interaction with USP18;Interaction with heartland virus NSs;Interaction with SFTSV virus NSs	cell death	STAT2 -[Activation]-> cell death	20068068	0																																		
STAT2	R409A	STAT2_HUMAN	CHAIN;REGION;REGION;REGION	Signal transducer and activator of transcription 2;Mediates interaction with USP18;Interaction with heartland virus NSs;Interaction with SFTSV virus NSs	transcription, DNA-templated	STAT2 -[Activation]-> transcription, DNA-templated	20068068	0																																		
