variant_protein	variant_info	DomainProteinID	DomainFeature	DomainNote	biological_process/disease	chain	pmid	clinvar_match	#AlleleID	Type	Name	RS# (dbSNP)	disease_1	significance_1	star_1	disease_2	significance_2	star_2	disease_3	significance_3	star_3	disease_4	significance_4	star_4	disease_5	significance_5	star_5	disease_6	significance_6	star_6	disease_7	significance_7	star_7	disease_8	significance_8	star_8	disease_9	significance_9	star_9	disease_10	significance_10	star_10
STAT3	K180A	STAT3_HUMAN	CHAIN	Signal transducer and activator of transcription 3	cell differentiation	STAT3 -[Methylation]-> EZH2 -[Inhibition]-> cell differentiation	23684459	0																																		
STAT3	K392R	STAT3_HUMAN	CHAIN	Signal transducer and activator of transcription 3	cell differentiation	STAT3 -[Activation]-> cell differentiation	28402852	1	153769	single nucleotide variant	NM_139276.3(STAT3):c.1175A>G (p.Lys392Arg)	587777648	STAT3-related early-onset multisystem autoimmune disease	Pathogenic	0.0																											
STAT3	K451R	STAT3_HUMAN	CHAIN	Signal transducer and activator of transcription 3	apoptotic process	STAT3 -[Activation]-> apoptotic process	27181202	0																																		
STAT3	K451R	STAT3_HUMAN	CHAIN	Signal transducer and activator of transcription 3	cell population proliferation	STAT3 -[Activation]-> hydrogen isocyanide -[Activation]-> cell population proliferation	27181202	0																																		
STAT3	K49R	STAT3_HUMAN	CHAIN	Signal transducer and activator of transcription 3	acetyltransferase activity	STAT3 -[Complex]-> acetyltransferase activity	18611949	0																																		
STAT3	K49R	STAT3_HUMAN	CHAIN	Signal transducer and activator of transcription 3	transcription, DNA-templated	STAT3 -[Complex]-> IL6 -[Inhibition]-> transcription, DNA-templated	18611949	0																																		
STAT3	K87R	STAT3_HUMAN	CHAIN	Signal transducer and activator of transcription 3	acetyltransferase activity	STAT3 -[Complex]-> acetyltransferase activity	18611949	0																																		
STAT3	K87R	STAT3_HUMAN	CHAIN	Signal transducer and activator of transcription 3	transcription, DNA-templated	STAT3 -[Complex]-> IL6 -[Inhibition]-> transcription, DNA-templated	18611949	0																																		
STAT3	M206K	STAT3_HUMAN	CHAIN	Signal transducer and activator of transcription 3	cell population proliferation	STAT3 -[Activation]-> cell population proliferation	23861822	0																																		
STAT3	R414Q	STAT3_HUMAN	CHAIN	Signal transducer and activator of transcription 3	transcription, DNA-templated	STAT3 -[Inhibition]-> transcription, DNA-templated	24721162	0																																		
STAT3	R417K	STAT3_HUMAN	CHAIN	Signal transducer and activator of transcription 3	transcription, DNA-templated	STAT3 -[Inhibition]-> transcription, DNA-templated	24721162	0																																		
STAT3	R417Q	STAT3_HUMAN	CHAIN	Signal transducer and activator of transcription 3	transcription, DNA-templated	STAT3 -[Inhibition]-> transcription, DNA-templated	24721162	0																																		
STAT3	S3D	STAT3_HUMAN	CHAIN	Signal transducer and activator of transcription 3	Neoplasm Metastasis	STAT3 -[Activation]-> Neoplasm Metastasis	24086497	0																																		
STAT3	S3D	STAT3_HUMAN	CHAIN	Signal transducer and activator of transcription 3	cell adhesion	STAT3 -[Inhibition]-> F3 -[Activation]-> cell adhesion	24086497	0																																		
STAT3	S3D	STAT3_HUMAN	CHAIN	Signal transducer and activator of transcription 3	cell growth	STAT3 -[Activation]-> cell growth	24086497	0																																		
STAT3	S3D	STAT3_HUMAN	CHAIN	Signal transducer and activator of transcription 3	cell migration	STAT3 -[Inhibition]-> F3 -[Activation]-> cell migration	24086497	0																																		
STAT3	S727A	STAT3_HUMAN	CHAIN	Signal transducer and activator of transcription 3	Carcinogenesis	STAT3 -[Activation]-> Carcinogenesis	32041943	0																																		
STAT3	S727A	STAT3_HUMAN	CHAIN	Signal transducer and activator of transcription 3	Carcinogenesis	STAT3 -[Inhibition]-> Carcinogenesis	29774125	0																																		
STAT3	S727A	STAT3_HUMAN	CHAIN	Signal transducer and activator of transcription 3	Neoplasm Invasiveness	STAT3 -[Activation]-> Neoplasm Invasiveness	29774125	0																																		
STAT3	S727A	STAT3_HUMAN	CHAIN	Signal transducer and activator of transcription 3	Neoplasm Metastasis	STAT3 -[Activation]-> Neoplasm Metastasis	29774125	0																																		
STAT3	S727A	STAT3_HUMAN	CHAIN	Signal transducer and activator of transcription 3	Neoplasms	STAT3 -[Activation]-> Neoplasms	32041943	0																																		
STAT3	S727A	STAT3_HUMAN	CHAIN	Signal transducer and activator of transcription 3	angiogenesis	STAT3 -[Activation]-> angiogenesis	29774125	0																																		
STAT3	S727A	STAT3_HUMAN	CHAIN	Signal transducer and activator of transcription 3	cell population proliferation	STAT3 -[Activation]-> cell population proliferation	25740948	0																																		
STAT3	S727A	STAT3_HUMAN	CHAIN	Signal transducer and activator of transcription 3	cell population proliferation	STAT3 -[Inhibition]-> cell population proliferation	29774125	0																																		
STAT3	S727A	STAT3_HUMAN	CHAIN	Signal transducer and activator of transcription 3	cell population proliferation	STAT3 -[Phosphorylation]-> H3S10 -[Activation]-> cell population proliferation	32041943	0																																		
STAT3	S727A	STAT3_HUMAN	CHAIN	Signal transducer and activator of transcription 3	immune response	STAT3 -[Inhibition]-> immune response	29774125	0																																		
STAT3	S727A	STAT3_HUMAN	CHAIN	Signal transducer and activator of transcription 3	inflammatory response	STAT3 -[Inhibition]-> inflammatory response	25740948	0																																		
STAT3	S727A	STAT3_HUMAN	CHAIN	Signal transducer and activator of transcription 3	transcription, DNA-templated	STAT3 -[Inhibition]-> RPS6KA5 -[Activation]-> transcription, DNA-templated	32041943	0																																		
STAT3	S727A	STAT3_HUMAN	CHAIN	Signal transducer and activator of transcription 3	transcription, DNA-templated	STAT3 -[Inhibition]-> transcription, DNA-templated	15781265	0																																		
STAT3	S727D	STAT3_HUMAN	CHAIN	Signal transducer and activator of transcription 3	Oxygen Consumption	STAT3 -[Activation]-> Oxygen Consumption	27966451	0																																		
STAT3	S727P	STAT3_HUMAN	CHAIN	Signal transducer and activator of transcription 3	cell population proliferation	STAT3 -[Complex]-> CEBPA -[Inhibition]-> cell population proliferation	24703937	0																																		
STAT3	T456A	STAT3_HUMAN	CHAIN	Signal transducer and activator of transcription 3	Cell Survival	STAT3 -[Activation]-> MMPP -[Inhibition]-> Cell Survival	29158850	0																																		
STAT3	T456A	STAT3_HUMAN	CHAIN	Signal transducer and activator of transcription 3	apoptotic process	STAT3 -[Activation]-> MMPP -[Activation]-> apoptotic process	29158850	0																																		
STAT3	T456A	STAT3_HUMAN	CHAIN	Signal transducer and activator of transcription 3	cell cycle	STAT3 -[Activation]-> MMPP -[Inhibition]-> cell cycle	29158850	0																																		
STAT3	T456A	STAT3_HUMAN	CHAIN	Signal transducer and activator of transcription 3	cell growth	STAT3 -[Activation]-> MMPP -[Inhibition]-> cell growth	29158850	0																																		
STAT3	T456F	STAT3_HUMAN	CHAIN	Signal transducer and activator of transcription 3	Cell Survival	STAT3 -[Activation]-> MMPP -[Inhibition]-> Cell Survival	29158850	0																																		
STAT3	T456F	STAT3_HUMAN	CHAIN	Signal transducer and activator of transcription 3	apoptotic process	STAT3 -[Activation]-> MMPP -[Activation]-> apoptotic process	29158850	0																																		
STAT3	T456F	STAT3_HUMAN	CHAIN	Signal transducer and activator of transcription 3	cell cycle	STAT3 -[Activation]-> MMPP -[Inhibition]-> cell cycle	29158850	0																																		
STAT3	T456F	STAT3_HUMAN	CHAIN	Signal transducer and activator of transcription 3	cell growth	STAT3 -[Activation]-> MMPP -[Inhibition]-> cell growth	29158850	0																																		
STAT3	T622A	STAT3_HUMAN	CHAIN;DOMAIN	Signal transducer and activator of transcription 3;SH2	Neoplasms	STAT3 -[Activation]-> Neoplasms	35722967	0																																		
STAT3	Y640F	STAT3_HUMAN	CHAIN;DOMAIN	Signal transducer and activator of transcription 3;SH2	cell cycle	STAT3 -[Activation]-> cell cycle	29162862	1	360444	single nucleotide variant	NM_139276.3(STAT3):c.1919A>T (p.Tyr640Phe)	769031989	not provided	Conflicting classifications of pathogenicity	0.0	Hyper-IgE recurrent infection syndrome 1, autosomal dominant	Uncertain significance	1.0	STAT3 gain of function			not specified			Malignant lymphoma, large B-cell, diffuse			EBV-positive nodal T- and NK-cell lymphoma			Neoplasm											
STAT3	Y640F	STAT3_HUMAN	CHAIN;DOMAIN	Signal transducer and activator of transcription 3;SH2	cell population proliferation	STAT3 -[Activation]-> cell population proliferation	29162862	1	360444	single nucleotide variant	NM_139276.3(STAT3):c.1919A>T (p.Tyr640Phe)	769031989	not provided	Conflicting classifications of pathogenicity	0.0	Hyper-IgE recurrent infection syndrome 1, autosomal dominant	Uncertain significance	1.0	STAT3 gain of function			not specified			Malignant lymphoma, large B-cell, diffuse			EBV-positive nodal T- and NK-cell lymphoma			Neoplasm											
STAT3	Y640F	STAT3_HUMAN	CHAIN;DOMAIN	Signal transducer and activator of transcription 3;SH2	transcription, DNA-templated	STAT3 -[Activation]-> transcription, DNA-templated	29162862	1	360444	single nucleotide variant	NM_139276.3(STAT3):c.1919A>T (p.Tyr640Phe)	769031989	not provided	Conflicting classifications of pathogenicity	0.0	Hyper-IgE recurrent infection syndrome 1, autosomal dominant	Uncertain significance	1.0	STAT3 gain of function			not specified			Malignant lymphoma, large B-cell, diffuse			EBV-positive nodal T- and NK-cell lymphoma			Neoplasm											
STAT3	Y705D	STAT3_HUMAN	CHAIN	Signal transducer and activator of transcription 3	angiogenesis	STAT3 -[Activation]-> dihydroartemisinin -[Inhibition]-> angiogenesis	31881224	0																																		
STAT3	Y705D	STAT3_HUMAN	CHAIN	Signal transducer and activator of transcription 3	endothelial cell migration	STAT3 -[Activation]-> endothelial cell migration	37522066	0																																		
STAT3	Y705F	STAT3_HUMAN	CHAIN	Signal transducer and activator of transcription 3	Carcinogenesis	STAT3 -[Activation]-> Carcinogenesis	32041943	0																																		
STAT3	Y705F	STAT3_HUMAN	CHAIN	Signal transducer and activator of transcription 3	Carcinogenesis	STAT3 -[Inhibition]-> Carcinogenesis	29774125	0																																		
STAT3	Y705F	STAT3_HUMAN	CHAIN	Signal transducer and activator of transcription 3	Cell Survival	STAT3 -[Inhibition]-> Cell Survival	25139404	0																																		
STAT3	Y705F	STAT3_HUMAN	CHAIN	Signal transducer and activator of transcription 3	Cell Transformation, Neoplastic	STAT3 -[Activation]-> Cell Transformation, Neoplastic	19601808	0																																		
STAT3	Y705F	STAT3_HUMAN	CHAIN	Signal transducer and activator of transcription 3	Cell Transformation, Neoplastic	STAT3 -[Activation]-> Cell Transformation, Neoplastic	22174695	0																																		
STAT3	Y705F	STAT3_HUMAN	CHAIN	Signal transducer and activator of transcription 3	G1 phase	STAT3 -[Inhibition]-> PTP4A3 -[Activation]-> G1 phase	25139404	0																																		
STAT3	Y705F	STAT3_HUMAN	CHAIN	Signal transducer and activator of transcription 3	Gliosis	STAT3 -[Inhibition]-> Gliosis	19601808	0																																		
STAT3	Y705F	STAT3_HUMAN	CHAIN	Signal transducer and activator of transcription 3	Neoplasm Invasiveness	STAT3 -[Activation]-> Neoplasm Invasiveness	29774125	0																																		
STAT3	Y705F	STAT3_HUMAN	CHAIN	Signal transducer and activator of transcription 3	Neoplasm Invasiveness	STAT3 -[Inhibition]-> Neoplasm Invasiveness	19601808	0																																		
STAT3	Y705F	STAT3_HUMAN	CHAIN	Signal transducer and activator of transcription 3	Neoplasm Metastasis	STAT3 -[Activation]-> Neoplasm Metastasis	29774125	0																																		
STAT3	Y705F	STAT3_HUMAN	CHAIN	Signal transducer and activator of transcription 3	Neoplasms	STAT3 -[Activation]-> GSDMC -[Activation]-> pyroptosis followed tumor necrosis hypoxic -[Activation]-> Neoplasms	32929201	0																																		
STAT3	Y705F	STAT3_HUMAN	CHAIN	Signal transducer and activator of transcription 3	Neoplasms	STAT3 -[Activation]-> Neoplasms	32041943	0																																		
STAT3	Y705F	STAT3_HUMAN	CHAIN	Signal transducer and activator of transcription 3	Skin Neoplasms	STAT3 -[Inhibition]-> Skin Neoplasms	19601808	0																																		
STAT3	Y705F	STAT3_HUMAN	CHAIN	Signal transducer and activator of transcription 3	acetyltransferase activity	STAT3 -[Complex]-> p65 -[Complex]-> acetyltransferase activity	27151455	0																																		
STAT3	Y705F	STAT3_HUMAN	CHAIN	Signal transducer and activator of transcription 3	acetyltransferase activity	STAT3 -[Inhibition]-> RELA -[Acetylation]-> acetyltransferase activity	19345327	0																																		
STAT3	Y705F	STAT3_HUMAN	CHAIN	Signal transducer and activator of transcription 3	angiogenesis	STAT3 -[Activation]-> angiogenesis	29774125	0																																		
STAT3	Y705F	STAT3_HUMAN	CHAIN	Signal transducer and activator of transcription 3	apoptotic process	STAT3 -[Activation]-> apoptotic process	24423131	0																																		
STAT3	Y705F	STAT3_HUMAN	CHAIN	Signal transducer and activator of transcription 3	apoptotic process	STAT3 -[Inhibition]-> apoptotic process	19926637	0																																		
STAT3	Y705F	STAT3_HUMAN	CHAIN	Signal transducer and activator of transcription 3	autophagy	STAT3 -[Inhibition]-> autophagy	23084476	0																																		
STAT3	Y705F	STAT3_HUMAN	CHAIN	Signal transducer and activator of transcription 3	cell cycle	STAT3 -[Complex]-> INS -[Activation]-> cell cycle	26573296	0																																		
STAT3	Y705F	STAT3_HUMAN	CHAIN	Signal transducer and activator of transcription 3	cell death	STAT3 -[Activation]-> GSDMC -[Activation]-> cell death	32929201	0																																		
STAT3	Y705F	STAT3_HUMAN	CHAIN	Signal transducer and activator of transcription 3	cell death	STAT3 -[Activation]-> cell death	19601808	0																																		
STAT3	Y705F	STAT3_HUMAN	CHAIN	Signal transducer and activator of transcription 3	cell differentiation	STAT3 -[Activation]-> IKZF1 -[Inhibition]-> cell differentiation	26573296	0																																		
STAT3	Y705F	STAT3_HUMAN	CHAIN	Signal transducer and activator of transcription 3	cell differentiation	STAT3 -[Inhibition]-> cell differentiation	19601808	0																																		
STAT3	Y705F	STAT3_HUMAN	CHAIN	Signal transducer and activator of transcription 3	cell growth	STAT3 -[Inhibition]-> cell growth	24423131	0																																		
STAT3	Y705F	STAT3_HUMAN	CHAIN	Signal transducer and activator of transcription 3	cell migration	STAT3 -[Inhibition]-> cell migration	19926637	0																																		
STAT3	Y705F	STAT3_HUMAN	CHAIN	Signal transducer and activator of transcription 3	cell population proliferation	STAT3 -[Activation]-> cell population proliferation	25740948	0																																		
STAT3	Y705F	STAT3_HUMAN	CHAIN	Signal transducer and activator of transcription 3	cell population proliferation	STAT3 -[Activation]-> cell population proliferation	26823495	0																																		
STAT3	Y705F	STAT3_HUMAN	CHAIN	Signal transducer and activator of transcription 3	cell population proliferation	STAT3 -[Inhibition]-> PTP4A3 -[Activation]-> cell population proliferation	25139404	0																																		
STAT3	Y705F	STAT3_HUMAN	CHAIN	Signal transducer and activator of transcription 3	cell population proliferation	STAT3 -[Inhibition]-> cell population proliferation	19601808	0																																		
STAT3	Y705F	STAT3_HUMAN	CHAIN	Signal transducer and activator of transcription 3	cell population proliferation	STAT3 -[Inhibition]-> cell population proliferation	29774125	0																																		
STAT3	Y705F	STAT3_HUMAN	CHAIN	Signal transducer and activator of transcription 3	cell population proliferation	STAT3 -[Phosphorylation]-> H3S10 -[Activation]-> cell population proliferation	32041943	0																																		
STAT3	Y705F	STAT3_HUMAN	CHAIN	Signal transducer and activator of transcription 3	cellular senescence	STAT3 -[Inhibition]-> cellular senescence	24423131	0																																		
STAT3	Y705F	STAT3_HUMAN	CHAIN	Signal transducer and activator of transcription 3	cytokine production	STAT3 -[Activation]-> cytokine production	26823495	0																																		
STAT3	Y705F	STAT3_HUMAN	CHAIN	Signal transducer and activator of transcription 3	immune response	STAT3 -[Complex]-> CD274 -[Inhibition]-> immune response	32929201	0																																		
STAT3	Y705F	STAT3_HUMAN	CHAIN	Signal transducer and activator of transcription 3	immune response	STAT3 -[Inhibition]-> immune response	29774125	0																																		
STAT3	Y705F	STAT3_HUMAN	CHAIN	Signal transducer and activator of transcription 3	inflammatory response	STAT3 -[Inhibition]-> inflammatory response	25740948	0																																		
STAT3	Y705F	STAT3_HUMAN	CHAIN	Signal transducer and activator of transcription 3	necrotic cell death	STAT3 -[Activation]-> GSDMC -[Activation]-> necrotic cell death	32929201	0																																		
STAT3	Y705F	STAT3_HUMAN	CHAIN	Signal transducer and activator of transcription 3	response to stress	STAT3 -[Phosphorylation]-> EIF2S1 -[Activation]-> response to stress	23084476	0																																		
STAT3	Y705F	STAT3_HUMAN	CHAIN	Signal transducer and activator of transcription 3	signal transduction	STAT3 -[Activation]-> signal transduction	8626374	0																																		
STAT3	Y705F	STAT3_HUMAN	CHAIN	Signal transducer and activator of transcription 3	transcription, DNA-templated	STAT3 -[Activation]-> transcription, DNA-templated	21840932	0																																		
STAT3	Y705F	STAT3_HUMAN	CHAIN	Signal transducer and activator of transcription 3	transcription, DNA-templated	STAT3 -[Activation]-> transcription, DNA-templated	32929201	0																																		
STAT3	Y705F	STAT3_HUMAN	CHAIN	Signal transducer and activator of transcription 3	transcription, DNA-templated	STAT3 -[DecreaseAmount]-> RAC1 -[Activation]-> transcription, DNA-templated	27151455	0																																		
STAT3	Y705F	STAT3_HUMAN	CHAIN	Signal transducer and activator of transcription 3	transcription, DNA-templated	STAT3 -[Inhibition]-> RPS6KA5 -[Activation]-> transcription, DNA-templated	32041943	0																																		
