variant_protein	variant_info	DomainProteinID	DomainFeature	DomainNote	biological_process/disease	chain	pmid	clinvar_match	#AlleleID	Type	Name	RS# (dbSNP)	disease_1	significance_1	star_1	disease_2	significance_2	star_2	disease_3	significance_3	star_3	disease_4	significance_4	star_4	disease_5	significance_5	star_5	disease_6	significance_6	star_6	disease_7	significance_7	star_7	disease_8	significance_8	star_8	disease_9	significance_9	star_9	disease_10	significance_10	star_10
STK3	K56R	STK3_HUMAN	CHAIN;CHAIN;DOMAIN	Serine/threonine-protein kinase 3;Serine/threonine-protein kinase 3 36kDa subunit;Protein kinase	Pulmonary Arterial Hypertension	STK3 -[Activation]-> Pulmonary Arterial Hypertension	35124974	0																																		
STK3	K56R	STK3_HUMAN	CHAIN;CHAIN;DOMAIN	Serine/threonine-protein kinase 3;Serine/threonine-protein kinase 3 36kDa subunit;Protein kinase	apoptotic process	STK3 -[Activation]-> apoptotic process	18328708	0																																		
STK3	K56R	STK3_HUMAN	CHAIN;CHAIN;DOMAIN	Serine/threonine-protein kinase 3;Serine/threonine-protein kinase 3 36kDa subunit;Protein kinase	apoptotic process	STK3 -[Inhibition]-> FOXO1 -[Activation]-> apoptotic process	35124974	0																																		
STK3	K56R	STK3_HUMAN	CHAIN;CHAIN;DOMAIN	Serine/threonine-protein kinase 3;Serine/threonine-protein kinase 3 36kDa subunit;Protein kinase	cell cycle	STK3 -[Phosphorylation]-> MOB1A -[Inhibition]-> cell cycle	18328708	0																																		
STK3	K56R	STK3_HUMAN	CHAIN;CHAIN;DOMAIN	Serine/threonine-protein kinase 3;Serine/threonine-protein kinase 3 36kDa subunit;Protein kinase	cell population proliferation	STK3 -[Dephosphorylation]-> MOB1B -[Activation]-> cell population proliferation	18328708	0																																		
STK3	K56R	STK3_HUMAN	CHAIN;CHAIN;DOMAIN	Serine/threonine-protein kinase 3;Serine/threonine-protein kinase 3 36kDa subunit;Protein kinase	cell population proliferation	STK3 -[Inhibition]-> cell population proliferation	35124974	0																																		
STK3	T117A	STK3_HUMAN	CHAIN;CHAIN;DOMAIN	Serine/threonine-protein kinase 3;Serine/threonine-protein kinase 3 36kDa subunit;Protein kinase	Cell Survival	STK3 -[Inhibition]-> AKT -[Activation]-> Cell Survival	20231902	0																																		
STK3	T117A	STK3_HUMAN	CHAIN;CHAIN;DOMAIN	Serine/threonine-protein kinase 3;Serine/threonine-protein kinase 3 36kDa subunit;Protein kinase	apoptotic process	STK3 -[Activation]-> apoptotic process	20231902	0																																		
STK3	T117A	STK3_HUMAN	CHAIN;CHAIN;DOMAIN	Serine/threonine-protein kinase 3;Serine/threonine-protein kinase 3 36kDa subunit;Protein kinase	cell death	STK3 -[Activation]-> cell death	20231902	0																																		
STK3	T117A	STK3_HUMAN	CHAIN;CHAIN;DOMAIN	Serine/threonine-protein kinase 3;Serine/threonine-protein kinase 3 36kDa subunit;Protein kinase	cell growth	STK3 -[Inhibition]-> cell growth	20231902	0																																		
STK3	T117A	STK3_HUMAN	CHAIN;CHAIN;DOMAIN	Serine/threonine-protein kinase 3;Serine/threonine-protein kinase 3 36kDa subunit;Protein kinase	cell population proliferation	STK3 -[Inhibition]-> cell population proliferation	20231902	0																																		
STK3	T117D	STK3_HUMAN	CHAIN;CHAIN;DOMAIN	Serine/threonine-protein kinase 3;Serine/threonine-protein kinase 3 36kDa subunit;Protein kinase	Cell Survival	STK3 -[Inhibition]-> AKT -[Activation]-> Cell Survival	20231902	0																																		
STK3	T117D	STK3_HUMAN	CHAIN;CHAIN;DOMAIN	Serine/threonine-protein kinase 3;Serine/threonine-protein kinase 3 36kDa subunit;Protein kinase	apoptotic process	STK3 -[Activation]-> apoptotic process	20231902	0																																		
STK3	T117D	STK3_HUMAN	CHAIN;CHAIN;DOMAIN	Serine/threonine-protein kinase 3;Serine/threonine-protein kinase 3 36kDa subunit;Protein kinase	cell death	STK3 -[Activation]-> cell death	20231902	0																																		
STK3	T117D	STK3_HUMAN	CHAIN;CHAIN;DOMAIN	Serine/threonine-protein kinase 3;Serine/threonine-protein kinase 3 36kDa subunit;Protein kinase	cell growth	STK3 -[Inhibition]-> cell growth	20231902	0																																		
STK3	T117D	STK3_HUMAN	CHAIN;CHAIN;DOMAIN	Serine/threonine-protein kinase 3;Serine/threonine-protein kinase 3 36kDa subunit;Protein kinase	cell population proliferation	STK3 -[Inhibition]-> cell population proliferation	20231902	0																																		
