variant_protein	variant_info	DomainProteinID	DomainFeature	DomainNote	biological_process/disease	chain	pmid	clinvar_match	#AlleleID	Type	Name	RS# (dbSNP)	disease_1	significance_1	star_1	disease_2	significance_2	star_2	disease_3	significance_3	star_3	disease_4	significance_4	star_4	disease_5	significance_5	star_5	disease_6	significance_6	star_6	disease_7	significance_7	star_7	disease_8	significance_8	star_8	disease_9	significance_9	star_9	disease_10	significance_10	star_10
TERT	C250T	TERT_HUMAN	CHAIN;REGION;REGION	Telomerase reverse transcriptase;Disordered;Linker	transcription, DNA-templated	TERT -[Activation]-> transcription, DNA-templated	26389665	0																																		
TERT	D684A	TERT_HUMAN	CHAIN;DOMAIN	Telomerase reverse transcriptase;Reverse transcriptase	Neoplasm Metastasis	TERT -[Complex]-> sphingosine 1-phosphate -[Activation]-> Neoplasm Metastasis	26082434	0																																		
TERT	D684A	TERT_HUMAN	CHAIN;DOMAIN	Telomerase reverse transcriptase;Reverse transcriptase	Neoplasms	TERT -[Complex]-> sphingosine 1-phosphate -[Activation]-> Neoplasms	26082434	0																																		
TERT	D684A	TERT_HUMAN	CHAIN;DOMAIN	Telomerase reverse transcriptase;Reverse transcriptase	cell population proliferation	TERT -[Complex]-> sphingosine 1-phosphate -[Activation]-> cell population proliferation	26082434	0																																		
TERT	D684A	TERT_HUMAN	CHAIN;DOMAIN	Telomerase reverse transcriptase;Reverse transcriptase	cellular senescence	TERT -[Inhibition]-> cellular senescence	26082434	0																																		
TERT	D868A	TERT_HUMAN	CHAIN;DOMAIN	Telomerase reverse transcriptase;Reverse transcriptase	Uterine Cervical Dysplasia	TERT -[Activation]-> BMI1 -[Activation]-> Uterine Cervical Dysplasia	23592995	0																																		
TERT	K626A	TERT_HUMAN	CHAIN;DOMAIN	Telomerase reverse transcriptase;Reverse transcriptase	Neoplasm Invasiveness	TERT -[Activation]-> Neoplasm Invasiveness	23884427	0																																		
TERT	T1129P	TERT_HUMAN	CHAIN;REGION	Telomerase reverse transcriptase;CTE	cellular senescence	TERT -[Activation]-> cellular senescence	26546739	0																																		
