variant_protein	variant_info	DomainProteinID	DomainFeature	DomainNote	biological_process/disease	chain	pmid	clinvar_match	#AlleleID	Type	Name	RS# (dbSNP)	disease_1	significance_1	star_1	disease_2	significance_2	star_2	disease_3	significance_3	star_3	disease_4	significance_4	star_4	disease_5	significance_5	star_5	disease_6	significance_6	star_6	disease_7	significance_7	star_7	disease_8	significance_8	star_8	disease_9	significance_9	star_9	disease_10	significance_10	star_10
TFRC	S6K	TFR1_HUMAN	CHAIN;REGION	Transferrin receptor protein 1;Mediates interaction with SH3BP4	transcription, DNA-templated	TFRC -[Activation]-> transcription, DNA-templated	14530165	0																																		
TFRC	Y20H	TFR1_HUMAN	CHAIN;REGION;MOTIF	Transferrin receptor protein 1;Mediates interaction with SH3BP4;Endocytosis signal	Anemia	TFRC -[Inhibition]-> HAMP -[Activation]-> Anemia	33665641	1	214809	single nucleotide variant	NM_001128148.3(TFRC):c.58T>C (p.Tyr20His)	863225436	Combined immunodeficiency	Conflicting classifications of pathogenicity	0.0	TFRC-related combined immunodeficiency			TFRC-related disorder			not provided																				
TFRC	Y20H	TFR1_HUMAN	CHAIN;REGION;MOTIF	Transferrin receptor protein 1;Mediates interaction with SH3BP4;Endocytosis signal	Immunity	TFRC -[Activation]-> iron atom -[Activation]-> Immunity	33665641	1	214809	single nucleotide variant	NM_001128148.3(TFRC):c.58T>C (p.Tyr20His)	863225436	Combined immunodeficiency	Conflicting classifications of pathogenicity	0.0	TFRC-related combined immunodeficiency			TFRC-related disorder			not provided																				
TFRC	Y20H	TFR1_HUMAN	CHAIN;REGION;MOTIF	Transferrin receptor protein 1;Mediates interaction with SH3BP4;Endocytosis signal	adaptive immune response	TFRC -[Inhibition]-> HAMP -[Inhibition]-> adaptive immune response	33665641	1	214809	single nucleotide variant	NM_001128148.3(TFRC):c.58T>C (p.Tyr20His)	863225436	Combined immunodeficiency	Conflicting classifications of pathogenicity	0.0	TFRC-related combined immunodeficiency			TFRC-related disorder			not provided																				
TFRC	Y20H	TFR1_HUMAN	CHAIN;REGION;MOTIF	Transferrin receptor protein 1;Mediates interaction with SH3BP4;Endocytosis signal	cell population proliferation	TFRC -[Activation]-> cell population proliferation	33665641	1	214809	single nucleotide variant	NM_001128148.3(TFRC):c.58T>C (p.Tyr20His)	863225436	Combined immunodeficiency	Conflicting classifications of pathogenicity	0.0	TFRC-related combined immunodeficiency			TFRC-related disorder			not provided																				
TFRC	Y20H	TFR1_HUMAN	CHAIN;REGION;MOTIF	Transferrin receptor protein 1;Mediates interaction with SH3BP4;Endocytosis signal	endocytosis	TFRC -[Complex]-> STEAP3 -[Activation]-> endocytosis	26642240	1	214809	single nucleotide variant	NM_001128148.3(TFRC):c.58T>C (p.Tyr20His)	863225436	Combined immunodeficiency	Conflicting classifications of pathogenicity	0.0	TFRC-related combined immunodeficiency			TFRC-related disorder			not provided																				
TFRC	Y20H	TFR1_HUMAN	CHAIN;REGION;MOTIF	Transferrin receptor protein 1;Mediates interaction with SH3BP4;Endocytosis signal	immune response	TFRC -[Activation]-> iron atom -[Activation]-> immune response	33665641	1	214809	single nucleotide variant	NM_001128148.3(TFRC):c.58T>C (p.Tyr20His)	863225436	Combined immunodeficiency	Conflicting classifications of pathogenicity	0.0	TFRC-related combined immunodeficiency			TFRC-related disorder			not provided																				
TFRC	Y20H	TFR1_HUMAN	CHAIN;REGION;MOTIF	Transferrin receptor protein 1;Mediates interaction with SH3BP4;Endocytosis signal	innate immune response	TFRC -[Inhibition]-> HAMP -[Activation]-> innate immune response	33665641	1	214809	single nucleotide variant	NM_001128148.3(TFRC):c.58T>C (p.Tyr20His)	863225436	Combined immunodeficiency	Conflicting classifications of pathogenicity	0.0	TFRC-related combined immunodeficiency			TFRC-related disorder			not provided																				
TFRC	Y20H	TFR1_HUMAN	CHAIN;REGION;MOTIF	Transferrin receptor protein 1;Mediates interaction with SH3BP4;Endocytosis signal	metabolic process	TFRC -[Activation]-> iron atom -[Activation]-> metabolic process	33665641	1	214809	single nucleotide variant	NM_001128148.3(TFRC):c.58T>C (p.Tyr20His)	863225436	Combined immunodeficiency	Conflicting classifications of pathogenicity	0.0	TFRC-related combined immunodeficiency			TFRC-related disorder			not provided																				
