variant_protein	variant_info	DomainProteinID	DomainFeature	DomainNote	biological_process/disease	chain	pmid	clinvar_match	#AlleleID	Type	Name	RS# (dbSNP)	disease_1	significance_1	star_1	disease_2	significance_2	star_2	disease_3	significance_3	star_3	disease_4	significance_4	star_4	disease_5	significance_5	star_5	disease_6	significance_6	star_6	disease_7	significance_7	star_7	disease_8	significance_8	star_8	disease_9	significance_9	star_9	disease_10	significance_10	star_10
TIMP3	E139K	TIMP3_HUMAN	CHAIN;DOMAIN;REGION	Metalloproteinase inhibitor 3;NTR;Mediates interaction with EFEMP1	Sorsby's fundus dystrophy	TIMP3 -[Inhibition]-> Sorsby's fundus dystrophy	19536307	0																																		
TIMP3	K110A	TIMP3_HUMAN	CHAIN;DOMAIN;REGION	Metalloproteinase inhibitor 3;NTR;Mediates interaction with EFEMP1	apoptotic process	TIMP3 -[Activation]-> apoptotic process	27582494	0																																		
TIMP3	K45A	TIMP3_HUMAN	CHAIN;DOMAIN	Metalloproteinase inhibitor 3;NTR	apoptotic process	TIMP3 -[Activation]-> apoptotic process	27582494	0																																		
TIMP3	S179C	TIMP3_HUMAN	CHAIN;REGION	Metalloproteinase inhibitor 3;Mediates interaction with EFEMP1	Choroidal Neovascularization	TIMP3 -[Activation]-> Choroidal Neovascularization	31757977	1	27717	single nucleotide variant	NM_000362.5(TIMP3):c.536C>G (p.Ser179Cys)	137853300	Sorsby fundus dystrophy	Pathogenic	1.0	Retinal dystrophy																										
TIMP3	S179C	TIMP3_HUMAN	CHAIN;REGION	Metalloproteinase inhibitor 3;Mediates interaction with EFEMP1	Sorsby's fundus dystrophy	TIMP3 -[Activation]-> Choroidal Neovascularization -[Activation]-> Sorsby's fundus dystrophy	31757977	1	27717	single nucleotide variant	NM_000362.5(TIMP3):c.536C>G (p.Ser179Cys)	137853300	Sorsby fundus dystrophy	Pathogenic	1.0	Retinal dystrophy																										
TIMP3	S179C	TIMP3_HUMAN	CHAIN;REGION	Metalloproteinase inhibitor 3;Mediates interaction with EFEMP1	angiogenesis	TIMP3 -[Activation]-> angiogenesis	31757977	1	27717	single nucleotide variant	NM_000362.5(TIMP3):c.536C>G (p.Ser179Cys)	137853300	Sorsby fundus dystrophy	Pathogenic	1.0	Retinal dystrophy																										
TIMP3	T1296C				Carcinoma, Hepatocellular	TIMP3 -[Activation]-> Carcinoma, Hepatocellular	24903383	0																																		
