variant_protein	variant_info	DomainProteinID	DomainFeature	DomainNote	biological_process/disease	chain	pmid	clinvar_match	#AlleleID	Type	Name	RS# (dbSNP)	disease_1	significance_1	star_1	disease_2	significance_2	star_2	disease_3	significance_3	star_3	disease_4	significance_4	star_4	disease_5	significance_5	star_5	disease_6	significance_6	star_6	disease_7	significance_7	star_7	disease_8	significance_8	star_8	disease_9	significance_9	star_9	disease_10	significance_10	star_10
TIMP2	C72S	TIMP2_HUMAN	CHAIN;DOMAIN	Metalloproteinase inhibitor 2;NTR	angiogenesis	TIMP2 -[Activation]-> angiogenesis	26556867	0																																		
TIMP2	C72S	TIMP2_HUMAN	CHAIN;DOMAIN	Metalloproteinase inhibitor 2;NTR	apoptotic process	TIMP2 -[Inhibition]-> apoptotic process	26556867	0																																		
TIMP2	C72S	TIMP2_HUMAN	CHAIN;DOMAIN	Metalloproteinase inhibitor 2;NTR	cell growth	TIMP2 -[Inhibition]-> cell growth	26556867	0																																		
TIMP2	C72S	TIMP2_HUMAN	CHAIN;DOMAIN	Metalloproteinase inhibitor 2;NTR	cell population proliferation	TIMP2 -[Inhibition]-> cell population proliferation	26556867	0																																		
TIMP2	T2C				cell population proliferation	TIMP2 -[Inhibition]-> cell population proliferation	12900406	0																																		
