variant_protein	variant_info	DomainProteinID	DomainFeature	DomainNote	biological_process/disease	chain	pmid	clinvar_match	#AlleleID	Type	Name	RS# (dbSNP)	disease_1	significance_1	star_1	disease_2	significance_2	star_2	disease_3	significance_3	star_3	disease_4	significance_4	star_4	disease_5	significance_5	star_5	disease_6	significance_6	star_6	disease_7	significance_7	star_7	disease_8	significance_8	star_8	disease_9	significance_9	star_9	disease_10	significance_10	star_10
TM7SF2	C41S	ERG24_HUMAN	CHAIN	Delta(14)-sterol reductase TM7SF2	Neoplasm Invasiveness	TM7SF2 -[Phosphorylation]-> TEK -[Complex]-> Ang2-BD variants -[Inhibition]-> Neoplasm Invasiveness	28422724	0																																		
TM7SF2	C41S	ERG24_HUMAN	CHAIN	Delta(14)-sterol reductase TM7SF2	angiogenesis	TM7SF2 -[Activation]-> angiogenesis	28422724	0																																		
TM7SF2	C41S	ERG24_HUMAN	CHAIN	Delta(14)-sterol reductase TM7SF2	cell population proliferation	TM7SF2 -[Activation]-> cell population proliferation	28422724	0																																		
TM7SF2	C54S	ERG24_HUMAN	CHAIN	Delta(14)-sterol reductase TM7SF2	Neoplasm Invasiveness	TM7SF2 -[Phosphorylation]-> TEK -[Complex]-> Ang2-BD variants -[Inhibition]-> Neoplasm Invasiveness	28422724	0																																		
TM7SF2	C54S	ERG24_HUMAN	CHAIN	Delta(14)-sterol reductase TM7SF2	angiogenesis	TM7SF2 -[Activation]-> angiogenesis	28422724	0																																		
TM7SF2	C54S	ERG24_HUMAN	CHAIN	Delta(14)-sterol reductase TM7SF2	cell population proliferation	TM7SF2 -[Activation]-> cell population proliferation	28422724	0																																		
