variant_protein	variant_info	DomainProteinID	DomainFeature	DomainNote	biological_process/disease	chain	pmid	clinvar_match	#AlleleID	Type	Name	RS# (dbSNP)	disease_1	significance_1	star_1	disease_2	significance_2	star_2	disease_3	significance_3	star_3	disease_4	significance_4	star_4	disease_5	significance_5	star_5	disease_6	significance_6	star_6	disease_7	significance_7	star_7	disease_8	significance_8	star_8	disease_9	significance_9	star_9	disease_10	significance_10	star_10
TRAF3IP2	D10N	CIKS_HUMAN	CHAIN;REGION;REGION	E3 ubiquitin ligase TRAF3IP2;Mediates interaction with TRAF6;Disordered	Major Histocompatibility Complex	TRAF3IP2 -[Activation]-> Extracellular Traps -[Activation]-> Major Histocompatibility Complex	35409152	1	39587	single nucleotide variant	NM_147686.4(TRAF3IP2):c.28G>A (p.Asp10Asn)	33980500	Psoriasis 13, susceptibility to	Benign	2.0	not specified			Candidiasis, familial, 8			not provided																				
TRAF3IP2	D10N	CIKS_HUMAN	CHAIN;REGION;REGION	E3 ubiquitin ligase TRAF3IP2;Mediates interaction with TRAF6;Disordered	apoptotic process	TRAF3IP2 -[Activation]-> Extracellular Traps -[Activation]-> apoptotic process	35409152	1	39587	single nucleotide variant	NM_147686.4(TRAF3IP2):c.28G>A (p.Asp10Asn)	33980500	Psoriasis 13, susceptibility to	Benign	2.0	not specified			Candidiasis, familial, 8			not provided																				
TRAF3IP2	D10N	CIKS_HUMAN	CHAIN;REGION;REGION	E3 ubiquitin ligase TRAF3IP2;Mediates interaction with TRAF6;Disordered	cell differentiation	TRAF3IP2 -[Activation]-> Extracellular Traps -[Activation]-> cell differentiation	35409152	1	39587	single nucleotide variant	NM_147686.4(TRAF3IP2):c.28G>A (p.Asp10Asn)	33980500	Psoriasis 13, susceptibility to	Benign	2.0	not specified			Candidiasis, familial, 8			not provided																				
TRAF3IP2	D10N	CIKS_HUMAN	CHAIN;REGION;REGION	E3 ubiquitin ligase TRAF3IP2;Mediates interaction with TRAF6;Disordered	cell differentiation	TRAF3IP2 -[Inhibition]-> CD40 -[Activation]-> cell differentiation	29302052	1	39587	single nucleotide variant	NM_147686.4(TRAF3IP2):c.28G>A (p.Asp10Asn)	33980500	Psoriasis 13, susceptibility to	Benign	2.0	not specified			Candidiasis, familial, 8			not provided																				
TRAF3IP2	D10N	CIKS_HUMAN	CHAIN;REGION;REGION	E3 ubiquitin ligase TRAF3IP2;Mediates interaction with TRAF6;Disordered	cell population proliferation	TRAF3IP2 -[Activation]-> Extracellular Traps -[Activation]-> cell population proliferation	35409152	1	39587	single nucleotide variant	NM_147686.4(TRAF3IP2):c.28G>A (p.Asp10Asn)	33980500	Psoriasis 13, susceptibility to	Benign	2.0	not specified			Candidiasis, familial, 8			not provided																				
TRAF3IP2	D10N	CIKS_HUMAN	CHAIN;REGION;REGION	E3 ubiquitin ligase TRAF3IP2;Mediates interaction with TRAF6;Disordered	cell population proliferation	TRAF3IP2 -[Inhibition]-> CD40 -[Activation]-> cell population proliferation	29302052	1	39587	single nucleotide variant	NM_147686.4(TRAF3IP2):c.28G>A (p.Asp10Asn)	33980500	Psoriasis 13, susceptibility to	Benign	2.0	not specified			Candidiasis, familial, 8			not provided																				
TRAF3IP2	D10N	CIKS_HUMAN	CHAIN;REGION;REGION	E3 ubiquitin ligase TRAF3IP2;Mediates interaction with TRAF6;Disordered	homeostatic process	TRAF3IP2 -[Activation]-> Extracellular Traps -[Activation]-> homeostatic process	35409152	1	39587	single nucleotide variant	NM_147686.4(TRAF3IP2):c.28G>A (p.Asp10Asn)	33980500	Psoriasis 13, susceptibility to	Benign	2.0	not specified			Candidiasis, familial, 8			not provided																				
TRAF3IP2	D10N	CIKS_HUMAN	CHAIN;REGION;REGION	E3 ubiquitin ligase TRAF3IP2;Mediates interaction with TRAF6;Disordered	inflammatory response	TRAF3IP2 -[Activation]-> Extracellular Traps -[Activation]-> inflammatory response	35409152	1	39587	single nucleotide variant	NM_147686.4(TRAF3IP2):c.28G>A (p.Asp10Asn)	33980500	Psoriasis 13, susceptibility to	Benign	2.0	not specified			Candidiasis, familial, 8			not provided																				
TRAF3IP2	D10N	CIKS_HUMAN	CHAIN;REGION;REGION	E3 ubiquitin ligase TRAF3IP2;Mediates interaction with TRAF6;Disordered	inflammatory response	TRAF3IP2 -[Activation]-> inflammatory response	23202271	1	39587	single nucleotide variant	NM_147686.4(TRAF3IP2):c.28G>A (p.Asp10Asn)	33980500	Psoriasis 13, susceptibility to	Benign	2.0	not specified			Candidiasis, familial, 8			not provided																				
TRAF3IP2	D10N	CIKS_HUMAN	CHAIN;REGION;REGION	E3 ubiquitin ligase TRAF3IP2;Mediates interaction with TRAF6;Disordered	keratinocyte proliferation	TRAF3IP2 -[Activation]-> Extracellular Traps -[Activation]-> keratinocyte proliferation	35409152	1	39587	single nucleotide variant	NM_147686.4(TRAF3IP2):c.28G>A (p.Asp10Asn)	33980500	Psoriasis 13, susceptibility to	Benign	2.0	not specified			Candidiasis, familial, 8			not provided																				
TRAF3IP2	G470D	CIKS_HUMAN	CHAIN;DOMAIN	E3 ubiquitin ligase TRAF3IP2;SEFIR	Arthritis, Rheumatoid	TRAF3IP2 -[Inhibition]-> IL17A -[Complex]-> Arthritis, Rheumatoid	22045852	0																																		
TRAF3IP2	K474D	CIKS_HUMAN	CHAIN;DOMAIN	E3 ubiquitin ligase TRAF3IP2;SEFIR	Arthritis, Rheumatoid	TRAF3IP2 -[Inhibition]-> IL17A -[Complex]-> Arthritis, Rheumatoid	22045852	0																																		
TRAF3IP2	L471D	CIKS_HUMAN	CHAIN;DOMAIN	E3 ubiquitin ligase TRAF3IP2;SEFIR	Arthritis, Rheumatoid	TRAF3IP2 -[Inhibition]-> IL17A -[Complex]-> Arthritis, Rheumatoid	22045852	0																																		
TRAF3IP2	S311A	CIKS_HUMAN	CHAIN	E3 ubiquitin ligase TRAF3IP2	inflammatory response	TRAF3IP2 -[Complex]-> IKBKE -[Inhibition]-> inflammatory response	21822257	0																																		
TRAF3IP2	Y475A	CIKS_HUMAN	CHAIN;DOMAIN	E3 ubiquitin ligase TRAF3IP2;SEFIR	Arthritis, Rheumatoid	TRAF3IP2 -[Inhibition]-> IL17A -[Complex]-> Arthritis, Rheumatoid	22045852	0																																		
