variant_protein	variant_info	DomainProteinID	DomainFeature	DomainNote	biological_process/disease	chain	pmid	clinvar_match	#AlleleID	Type	Name	RS# (dbSNP)	disease_1	significance_1	star_1	disease_2	significance_2	star_2	disease_3	significance_3	star_3	disease_4	significance_4	star_4	disease_5	significance_5	star_5	disease_6	significance_6	star_6	disease_7	significance_7	star_7	disease_8	significance_8	star_8	disease_9	significance_9	star_9	disease_10	significance_10	star_10
TRAM1	C113H	TRAM1_HUMAN	CHAIN	Translocating chain-associated membrane protein 1	immune response	TRAM1 -[Activation]-> immune response	14517278	0																																		
TRAM1	C113H	TRAM1_HUMAN	CHAIN	Translocating chain-associated membrane protein 1	transcription, DNA-templated	TRAM1 -[Complex]-> TICAM1 -[Activation]-> transcription, DNA-templated	14517278	0																																		
TRAM1	C113H	TRAM1_HUMAN	CHAIN	Translocating chain-associated membrane protein 1	type I interferon receptor binding	TRAM1 -[Inhibition]-> TLR4 -[Activation]-> type I interferon receptor binding	14517278	0																																		
TRAM1	P116H	TRAM1_HUMAN	CHAIN	Translocating chain-associated membrane protein 1	inflammatory response	TRAM1 -[Complex]-> TIRAP -[Inhibition]-> MYD88 -[Activation]-> inflammatory response	23305364	0																																		
