variant_protein	variant_info	DomainProteinID	DomainFeature	DomainNote	biological_process/disease	chain	pmid	clinvar_match	#AlleleID	Type	Name	RS# (dbSNP)	disease_1	significance_1	star_1	disease_2	significance_2	star_2	disease_3	significance_3	star_3	disease_4	significance_4	star_4	disease_5	significance_5	star_5	disease_6	significance_6	star_6	disease_7	significance_7	star_7	disease_8	significance_8	star_8	disease_9	significance_9	star_9	disease_10	significance_10	star_10
TRIM23	S209A	TRI23_HUMAN	CHAIN	E3 ubiquitin-protein ligase TRIM23	Neoplasm Metastasis	TRIM23 -[Inhibition]-> Neoplasm Metastasis	30154412	0																																		
TRIM23	S209A	TRI23_HUMAN	CHAIN	E3 ubiquitin-protein ligase TRIM23	apoptotic process	TRIM23 -[Activation]-> apoptotic process	30154412	0																																		
TRIM23	S209A	TRI23_HUMAN	CHAIN	E3 ubiquitin-protein ligase TRIM23	autophagic cell death	TRIM23 -[Acetylation]-> HSPA -[Inhibition]-> autophagic cell death	30154412	0																																		
TRIM23	S209A	TRI23_HUMAN	CHAIN	E3 ubiquitin-protein ligase TRIM23	autophagy	TRIM23 -[Activation]-> autophagy	30154412	0																																		
TRIM23	S209A	TRI23_HUMAN	CHAIN	E3 ubiquitin-protein ligase TRIM23	cell growth	TRIM23 -[Inhibition]-> cell growth	30154412	0																																		
TRIM23	S209A	TRI23_HUMAN	CHAIN	E3 ubiquitin-protein ligase TRIM23	protein folding	TRIM23 -[Acetylation]-> HSPA -[Activation]-> protein folding	30154412	0																																		
TRIM23	S209E	TRI23_HUMAN	CHAIN	E3 ubiquitin-protein ligase TRIM23	Neoplasm Metastasis	TRIM23 -[Inhibition]-> Neoplasm Metastasis	30154412	0																																		
TRIM23	S209E	TRI23_HUMAN	CHAIN	E3 ubiquitin-protein ligase TRIM23	apoptotic process	TRIM23 -[Activation]-> apoptotic process	30154412	0																																		
TRIM23	S209E	TRI23_HUMAN	CHAIN	E3 ubiquitin-protein ligase TRIM23	autophagic cell death	TRIM23 -[Acetylation]-> HSPA -[Inhibition]-> autophagic cell death	30154412	0																																		
TRIM23	S209E	TRI23_HUMAN	CHAIN	E3 ubiquitin-protein ligase TRIM23	autophagy	TRIM23 -[Activation]-> autophagy	30154412	0																																		
TRIM23	S209E	TRI23_HUMAN	CHAIN	E3 ubiquitin-protein ligase TRIM23	cell growth	TRIM23 -[Inhibition]-> cell growth	30154412	0																																		
TRIM23	S209E	TRI23_HUMAN	CHAIN	E3 ubiquitin-protein ligase TRIM23	protein folding	TRIM23 -[Acetylation]-> HSPA -[Activation]-> protein folding	30154412	0																																		
TRIM23	S228A	TRI23_HUMAN	CHAIN	E3 ubiquitin-protein ligase TRIM23	autophagy	TRIM23 -[Acetylation]-> PGK1 -[Activation]-> autophagy	28238651	0																																		
TRIM23	S228A	TRI23_HUMAN	CHAIN	E3 ubiquitin-protein ligase TRIM23	cell population proliferation	TRIM23 -[Acetylation]-> PGK1 -[Activation]-> cell population proliferation	28238651	0																																		
TRIM23	S228A	TRI23_HUMAN	CHAIN	E3 ubiquitin-protein ligase TRIM23	metabolic process	TRIM23 -[Acetylation]-> PGK1 -[Activation]-> autophagy -[Activation]-> metabolic process	28238651	0																																		
TRIM23	S37P	TRI23_HUMAN	CHAIN;ZN_FING	E3 ubiquitin-protein ligase TRIM23;RING-type; degenerate	Cell Survival	TRIM23 -[Activation]-> Cell Survival	30054464	0																																		
TRIM23	S37P	TRI23_HUMAN	CHAIN;ZN_FING	E3 ubiquitin-protein ligase TRIM23;RING-type; degenerate	Neoplasm Invasiveness	TRIM23 -[Inhibition]-> Neoplasm Invasiveness	30054464	0																																		
TRIM23	S37P	TRI23_HUMAN	CHAIN;ZN_FING	E3 ubiquitin-protein ligase TRIM23;RING-type; degenerate	angiogenesis	TRIM23 -[Inhibition]-> angiogenesis	30054464	0																																		
TRIM23	S37P	TRI23_HUMAN	CHAIN;ZN_FING	E3 ubiquitin-protein ligase TRIM23;RING-type; degenerate	apoptotic process	TRIM23 -[Acetylation]-> HSPA -[Complex]-> AIFM1 -[Inhibition]-> apoptotic process	30054464	0																																		
TRIM23	S37P	TRI23_HUMAN	CHAIN;ZN_FING	E3 ubiquitin-protein ligase TRIM23;RING-type; degenerate	autophagic cell death	TRIM23 -[Acetylation]-> HSPA -[Inhibition]-> autophagic cell death	30054464	0																																		
TRIM23	S37P	TRI23_HUMAN	CHAIN;ZN_FING	E3 ubiquitin-protein ligase TRIM23;RING-type; degenerate	autophagy	TRIM23 -[Activation]-> autophagy	30054464	0																																		
TRIM23	S37P	TRI23_HUMAN	CHAIN;ZN_FING	E3 ubiquitin-protein ligase TRIM23;RING-type; degenerate	cell death	TRIM23 -[Inhibition]-> cell death	30054464	0																																		
TRIM23	S37P	TRI23_HUMAN	CHAIN;ZN_FING	E3 ubiquitin-protein ligase TRIM23;RING-type; degenerate	cell differentiation	TRIM23 -[Inhibition]-> cell differentiation	30054464	0																																		
TRIM23	S37P	TRI23_HUMAN	CHAIN;ZN_FING	E3 ubiquitin-protein ligase TRIM23;RING-type; degenerate	cell migration	TRIM23 -[Inhibition]-> cell migration	30054464	0																																		
TRIM23	S37P	TRI23_HUMAN	CHAIN;ZN_FING	E3 ubiquitin-protein ligase TRIM23;RING-type; degenerate	cell population proliferation	TRIM23 -[Activation]-> cell population proliferation	30054464	0																																		
TRIM23	S37P	TRI23_HUMAN	CHAIN;ZN_FING	E3 ubiquitin-protein ligase TRIM23;RING-type; degenerate	transcription, DNA-templated	TRIM23 -[Acetylation]-> AR -[Activation]-> transcription, DNA-templated	30054464	0																																		
