variant_protein	variant_info	DomainProteinID	DomainFeature	DomainNote	biological_process/disease	chain	pmid	clinvar_match	#AlleleID	Type	Name	RS# (dbSNP)	disease_1	significance_1	star_1	disease_2	significance_2	star_2	disease_3	significance_3	star_3	disease_4	significance_4	star_4	disease_5	significance_5	star_5	disease_6	significance_6	star_6	disease_7	significance_7	star_7	disease_8	significance_8	star_8	disease_9	significance_9	star_9	disease_10	significance_10	star_10
TRPM7	K1646R	TRPM7_HUMAN	CHAIN;DOMAIN	;Alpha-type protein kinase	Death	TRPM7 -[Activation]-> Death	37188671	0																																		
TRPM7	K1646R	TRPM7_HUMAN	CHAIN;DOMAIN	;Alpha-type protein kinase	Encephalitis	TRPM7 -[Inhibition]-> Encephalitis	37188671	0																																		
TRPM7	K1646R	TRPM7_HUMAN	CHAIN;DOMAIN	;Alpha-type protein kinase	Genomic Instability	TRPM7 -[DecreaseAmount]-> MDM4 -[Inhibition]-> Genomic Instability	34627839	0																																		
TRPM7	K1646R	TRPM7_HUMAN	CHAIN;DOMAIN	;Alpha-type protein kinase	Neoplasm Invasiveness	TRPM7 -[Inhibition]-> Neoplasm Invasiveness	34627839	0																																		
TRPM7	K1646R	TRPM7_HUMAN	CHAIN;DOMAIN	;Alpha-type protein kinase	Neoplasms	TRPM7 -[DecreaseAmount]-> MDM4 -[Inhibition]-> Neoplasms	34627839	0																																		
TRPM7	K1646R	TRPM7_HUMAN	CHAIN;DOMAIN	;Alpha-type protein kinase	Seizures	TRPM7 -[Activation]-> Seizures	37188671	0																																		
TRPM7	K1646R	TRPM7_HUMAN	CHAIN;DOMAIN	;Alpha-type protein kinase	cell migration	TRPM7 -[Activation]-> cell migration	34627839	0																																		
TRPM7	K1646R	TRPM7_HUMAN	CHAIN;DOMAIN	;Alpha-type protein kinase	cell population proliferation	TRPM7 -[Inhibition]-> cell population proliferation	34627839	0																																		
