variant_protein	variant_info	DomainProteinID	DomainFeature	DomainNote	biological_process/disease	chain	pmid	clinvar_match	#AlleleID	Type	Name	RS# (dbSNP)	disease_1	significance_1	star_1	disease_2	significance_2	star_2	disease_3	significance_3	star_3	disease_4	significance_4	star_4	disease_5	significance_5	star_5	disease_6	significance_6	star_6	disease_7	significance_7	star_7	disease_8	significance_8	star_8	disease_9	significance_9	star_9	disease_10	significance_10	star_10
TXN	C32S	THIO_HUMAN	CHAIN;DOMAIN	Thioredoxin;Thioredoxin	angiogenesis	TXN -[IncreaseAmount]-> HIF1A -[Activation]-> angiogenesis	12208766	0																																		
TXN	C32S	THIO_HUMAN	CHAIN;DOMAIN	Thioredoxin;Thioredoxin	apoptotic process	TXN -[Inhibition]-> apoptotic process	20660346	0																																		
TXN	C32S	THIO_HUMAN	CHAIN;DOMAIN	Thioredoxin;Thioredoxin	exocytosis	TXN -[Activation]-> exocytosis	22361849	0																																		
TXN	C32S	THIO_HUMAN	CHAIN;DOMAIN	Thioredoxin;Thioredoxin	oxidoreductase activity	TXN -[Complex]-> oxidoreductase activity	23747528	0																																		
TXN	C32S	THIO_HUMAN	CHAIN;DOMAIN	Thioredoxin;Thioredoxin	signal transduction	TXN -[Inhibition]-> NGF -[Activation]-> signal transduction	12533610	0																																		
TXN	C33S	THIO_HUMAN	CHAIN;DOMAIN	Thioredoxin;Thioredoxin	hydrolase activity	TXN -[Activation]-> OAT -[Complex]-> hydrolase activity	19360125	0																																		
TXN	C33S	THIO_HUMAN	CHAIN;DOMAIN	Thioredoxin;Thioredoxin	oxidoreductase activity	TXN -[Complex]-> oxidoreductase activity	19360125	0																																		
TXN	C35S	THIO_HUMAN	CHAIN;DOMAIN	Thioredoxin;Thioredoxin	angiogenesis	TXN -[IncreaseAmount]-> HIF1A -[Activation]-> angiogenesis	12208766	0																																		
TXN	C35S	THIO_HUMAN	CHAIN;DOMAIN	Thioredoxin;Thioredoxin	apoptotic process	TXN -[Activation]-> apoptotic process	12089063	0																																		
TXN	C35S	THIO_HUMAN	CHAIN;DOMAIN	Thioredoxin;Thioredoxin	apoptotic process	TXN -[Inhibition]-> apoptotic process	20660346	0																																		
TXN	C35S	THIO_HUMAN	CHAIN;DOMAIN	Thioredoxin;Thioredoxin	exocytosis	TXN -[Activation]-> exocytosis	22361849	0																																		
TXN	C35S	THIO_HUMAN	CHAIN;DOMAIN	Thioredoxin;Thioredoxin	oxidoreductase activity	TXN -[Complex]-> oxidoreductase activity	23747528	0																																		
TXN	C35S	THIO_HUMAN	CHAIN;DOMAIN	Thioredoxin;Thioredoxin	signal transduction	TXN -[Inhibition]-> NGF -[Activation]-> signal transduction	12533610	0																																		
TXN	C69S	THIO_HUMAN	CHAIN;DOMAIN	Thioredoxin;Thioredoxin	Cell Survival	TXN -[Activation]-> Cell Survival	25483711	0																																		
TXN	C69S	THIO_HUMAN	CHAIN;DOMAIN	Thioredoxin;Thioredoxin	apoptotic process	TXN -[Inhibition]-> Pertussis_toxin -[Activation]-> apoptotic process	25483711	0																																		
TXN	C69S	THIO_HUMAN	CHAIN;DOMAIN	Thioredoxin;Thioredoxin	cell death	TXN -[Inhibition]-> Pertussis_toxin -[Activation]-> cell death	25483711	0																																		
