variant_protein	variant_info	DomainProteinID	DomainFeature	DomainNote	biological_process/disease	chain	pmid	clinvar_match	#AlleleID	Type	Name	RS# (dbSNP)	disease_1	significance_1	star_1	disease_2	significance_2	star_2	disease_3	significance_3	star_3	disease_4	significance_4	star_4	disease_5	significance_5	star_5	disease_6	significance_6	star_6	disease_7	significance_7	star_7	disease_8	significance_8	star_8	disease_9	significance_9	star_9	disease_10	significance_10	star_10
TYK2	I684S	TYK2_HUMAN	CHAIN;DOMAIN	Non-receptor tyrosine-protein kinase TYK2;Protein kinase 1	apoptotic process	TYK2 -[Activation]-> apoptotic process	30621465	1	256739	single nucleotide variant	NM_003331.5(TYK2):c.2051T>G (p.Ile684Ser)	12720356	not specified	Benign	2.0	Immunodeficiency 35			not provided																							
TYK2	I684S	TYK2_HUMAN	CHAIN;DOMAIN	Non-receptor tyrosine-protein kinase TYK2;Protein kinase 1	innate immune response	TYK2 -[Activation]-> innate immune response	30621465	1	256739	single nucleotide variant	NM_003331.5(TYK2):c.2051T>G (p.Ile684Ser)	12720356	not specified	Benign	2.0	Immunodeficiency 35			not provided																							
TYK2	I684S	TYK2_HUMAN	CHAIN;DOMAIN	Non-receptor tyrosine-protein kinase TYK2;Protein kinase 1	signal transduction	TYK2 -[Inhibition]-> IL12 -[IncreaseAmount]-> IFNG -[Activation]-> signal transduction	29728633	1	256739	single nucleotide variant	NM_003331.5(TYK2):c.2051T>G (p.Ile684Ser)	12720356	not specified	Benign	2.0	Immunodeficiency 35			not provided																							
TYK2	K923E	TYK2_HUMAN	CHAIN;DOMAIN	Non-receptor tyrosine-protein kinase TYK2;Protein kinase 2	Neoplasm Invasiveness	TYK2 -[Activation]-> Neoplasm Invasiveness	26451322	0																																		
TYK2	K923E	TYK2_HUMAN	CHAIN;DOMAIN	Non-receptor tyrosine-protein kinase TYK2;Protein kinase 2	transcription, DNA-templated	TYK2 -[Activation]-> STAT -[Activation]-> transcription, DNA-templated	22723949	0																																		
TYK2	K923E	TYK2_HUMAN	CHAIN;DOMAIN	Non-receptor tyrosine-protein kinase TYK2;Protein kinase 2	transcription, DNA-templated	TYK2 -[Activation]-> transcription, DNA-templated	26451322	0																																		
TYK2	P1104A	TYK2_HUMAN	CHAIN;DOMAIN	Non-receptor tyrosine-protein kinase TYK2;Protein kinase 2	Carcinogenesis	TYK2 -[Inhibition]-> Carcinogenesis	34439323	1	141572	single nucleotide variant	NM_003331.5(TYK2):c.3310C>G (p.Pro1104Ala)	34536443	not specified	Benign/Likely benign	2.0	not provided			Immunodeficiency 35																							
TYK2	P1104A	TYK2_HUMAN	CHAIN;DOMAIN	Non-receptor tyrosine-protein kinase TYK2;Protein kinase 2	Cell Survival	TYK2 -[Activation]-> Cell Survival	34439323	1	141572	single nucleotide variant	NM_003331.5(TYK2):c.3310C>G (p.Pro1104Ala)	34536443	not specified	Benign/Likely benign	2.0	not provided			Immunodeficiency 35																							
TYK2	P1104A	TYK2_HUMAN	CHAIN;DOMAIN	Non-receptor tyrosine-protein kinase TYK2;Protein kinase 2	Neoplasm Invasiveness	TYK2 -[Activation]-> Neoplasm Invasiveness	34439323	1	141572	single nucleotide variant	NM_003331.5(TYK2):c.3310C>G (p.Pro1104Ala)	34536443	not specified	Benign/Likely benign	2.0	not provided			Immunodeficiency 35																							
TYK2	P1104A	TYK2_HUMAN	CHAIN;DOMAIN	Non-receptor tyrosine-protein kinase TYK2;Protein kinase 2	Neoplasm Metastasis	TYK2 -[Activation]-> Neoplasm Metastasis	34439323	1	141572	single nucleotide variant	NM_003331.5(TYK2):c.3310C>G (p.Pro1104Ala)	34536443	not specified	Benign/Likely benign	2.0	not provided			Immunodeficiency 35																							
TYK2	P1104A	TYK2_HUMAN	CHAIN;DOMAIN	Non-receptor tyrosine-protein kinase TYK2;Protein kinase 2	Neoplasms	TYK2 -[Activation]-> Neoplasms	34439323	1	141572	single nucleotide variant	NM_003331.5(TYK2):c.3310C>G (p.Pro1104Ala)	34536443	not specified	Benign/Likely benign	2.0	not provided			Immunodeficiency 35																							
TYK2	P1104A	TYK2_HUMAN	CHAIN;DOMAIN	Non-receptor tyrosine-protein kinase TYK2;Protein kinase 2	Precursor T-Cell Lymphoblastic Leukemia-Lymphoma	TYK2 -[Activation]-> Precursor T-Cell Lymphoblastic Leukemia-Lymphoma	34439323	1	141572	single nucleotide variant	NM_003331.5(TYK2):c.3310C>G (p.Pro1104Ala)	34536443	not specified	Benign/Likely benign	2.0	not provided			Immunodeficiency 35																							
TYK2	P1104A	TYK2_HUMAN	CHAIN;DOMAIN	Non-receptor tyrosine-protein kinase TYK2;Protein kinase 2	apoptotic process	TYK2 -[Inhibition]-> apoptotic process	34439323	1	141572	single nucleotide variant	NM_003331.5(TYK2):c.3310C>G (p.Pro1104Ala)	34536443	not specified	Benign/Likely benign	2.0	not provided			Immunodeficiency 35																							
TYK2	P1104A	TYK2_HUMAN	CHAIN;DOMAIN	Non-receptor tyrosine-protein kinase TYK2;Protein kinase 2	cell growth	TYK2 -[Activation]-> cell growth	34439323	1	141572	single nucleotide variant	NM_003331.5(TYK2):c.3310C>G (p.Pro1104Ala)	34536443	not specified	Benign/Likely benign	2.0	not provided			Immunodeficiency 35																							
TYK2	P1104A	TYK2_HUMAN	CHAIN;DOMAIN	Non-receptor tyrosine-protein kinase TYK2;Protein kinase 2	cell population proliferation	TYK2 -[Activation]-> cell population proliferation	34439323	1	141572	single nucleotide variant	NM_003331.5(TYK2):c.3310C>G (p.Pro1104Ala)	34536443	not specified	Benign/Likely benign	2.0	not provided			Immunodeficiency 35																							
TYK2	P1104A	TYK2_HUMAN	CHAIN;DOMAIN	Non-receptor tyrosine-protein kinase TYK2;Protein kinase 2	epithelial to mesenchymal transition	TYK2 -[Activation]-> epithelial to mesenchymal transition	34439323	1	141572	single nucleotide variant	NM_003331.5(TYK2):c.3310C>G (p.Pro1104Ala)	34536443	not specified	Benign/Likely benign	2.0	not provided			Immunodeficiency 35																							
TYK2	P1104A	TYK2_HUMAN	CHAIN;DOMAIN	Non-receptor tyrosine-protein kinase TYK2;Protein kinase 2	immune response	TYK2 -[Inhibition]-> IFNG -[Activation]-> immune response	34276708	1	141572	single nucleotide variant	NM_003331.5(TYK2):c.3310C>G (p.Pro1104Ala)	34536443	not specified	Benign/Likely benign	2.0	not provided			Immunodeficiency 35																							
TYK2	P1104A	TYK2_HUMAN	CHAIN;DOMAIN	Non-receptor tyrosine-protein kinase TYK2;Protein kinase 2	immune response	TYK2 -[Inhibition]-> immune response	32055999	1	141572	single nucleotide variant	NM_003331.5(TYK2):c.3310C>G (p.Pro1104Ala)	34536443	not specified	Benign/Likely benign	2.0	not provided			Immunodeficiency 35																							
TYK2	P1104A	TYK2_HUMAN	CHAIN;DOMAIN	Non-receptor tyrosine-protein kinase TYK2;Protein kinase 2	response to interleukin-12	TYK2 -[Inhibition]-> response to interleukin-12	34439323	1	141572	single nucleotide variant	NM_003331.5(TYK2):c.3310C>G (p.Pro1104Ala)	34536443	not specified	Benign/Likely benign	2.0	not provided			Immunodeficiency 35																							
TYK2	V678F	TYK2_HUMAN	CHAIN;DOMAIN	Non-receptor tyrosine-protein kinase TYK2;Protein kinase 1	Cell Survival	TYK2 -[Activation]-> Cell Survival	23471820	0																																		
TYK2	V678F	TYK2_HUMAN	CHAIN;DOMAIN	Non-receptor tyrosine-protein kinase TYK2;Protein kinase 1	Death	TYK2 -[Inhibition]-> Death	23471820	0																																		
TYK2	V678F	TYK2_HUMAN	CHAIN;DOMAIN	Non-receptor tyrosine-protein kinase TYK2;Protein kinase 1	apoptotic process	TYK2 -[Inhibition]-> apoptotic process	23471820	0																																		
TYK2	V678F	TYK2_HUMAN	CHAIN;DOMAIN	Non-receptor tyrosine-protein kinase TYK2;Protein kinase 1	cell growth	TYK2 -[Activation]-> cell growth	17011030	0																																		
