variant_protein	variant_info	DomainProteinID	DomainFeature	DomainNote	biological_process/disease	chain	pmid	clinvar_match	#AlleleID	Type	Name	RS# (dbSNP)	disease_1	significance_1	star_1	disease_2	significance_2	star_2	disease_3	significance_3	star_3	disease_4	significance_4	star_4	disease_5	significance_5	star_5	disease_6	significance_6	star_6	disease_7	significance_7	star_7	disease_8	significance_8	star_8	disease_9	significance_9	star_9	disease_10	significance_10	star_10
UBE2D2	E2S	UB2D2_HUMAN	CHAIN;DOMAIN	Ubiquitin-conjugating enzyme E2 D2;UBC core	DNA Damage	UBE2D2 -[Ubiquitination]-> NRPB1 -[Activation]-> DNA Damage	25120264	0																																		
UBE2D2	E9D	UB2D2_HUMAN	CHAIN;DOMAIN	Ubiquitin-conjugating enzyme E2 D2;UBC core	UBE2	UBE2D2 -[Inhibition]-> Ubiquitin -[Complex]-> UBE2	25801170	0																																		
UBE2D2	I37A	UB2D2_HUMAN	CHAIN;DOMAIN	Ubiquitin-conjugating enzyme E2 D2;UBC core	UBE2	UBE2D2 -[Inhibition]-> Ubiquitin -[Complex]-> UBE2	25801170	0																																		
UBE2D2	I88A	UB2D2_HUMAN	CHAIN;DOMAIN	Ubiquitin-conjugating enzyme E2 D2;UBC core	UBE2	UBE2D2 -[Inhibition]-> Ubiquitin -[Complex]-> UBE2	25801170	0																																		
UBE2D2	Q20A	UB2D2_HUMAN	CHAIN;DOMAIN	Ubiquitin-conjugating enzyme E2 D2;UBC core	UBE2	UBE2D2 -[Inhibition]-> Ubiquitin -[Complex]-> UBE2	25801170	0																																		
UBE2D2	S108R	UB2D2_HUMAN	CHAIN;DOMAIN	Ubiquitin-conjugating enzyme E2 D2;UBC core	UBE2	UBE2D2 -[Inhibition]-> Ubiquitin -[Complex]-> UBE2	25801170	0																																		
UBE2D2	S22R	UB2D2_HUMAN	CHAIN;DOMAIN	Ubiquitin-conjugating enzyme E2 D2;UBC core	UBE2	UBE2D2 -[Inhibition]-> Ubiquitin -[Complex]-> UBE2	25801170	0																																		
