variant_protein	variant_info	DomainProteinID	DomainFeature	DomainNote	biological_process/disease	chain	pmid	clinvar_match	#AlleleID	Type	Name	RS# (dbSNP)	disease_1	significance_1	star_1	disease_2	significance_2	star_2	disease_3	significance_3	star_3	disease_4	significance_4	star_4	disease_5	significance_5	star_5	disease_6	significance_6	star_6	disease_7	significance_7	star_7	disease_8	significance_8	star_8	disease_9	significance_9	star_9	disease_10	significance_10	star_10
UCHL1	C152A	UCHL1_HUMAN	CHAIN;DOMAIN	Ubiquitin carboxyl-terminal hydrolase isozyme L1;UCH catalytic	Death	UCHL1 -[Inhibition]-> Death	26539913	0																																		
UCHL1	C152A	UCHL1_HUMAN	CHAIN;DOMAIN	Ubiquitin carboxyl-terminal hydrolase isozyme L1;UCH catalytic	cell death	UCHL1 -[Activation]-> cell death	26539913	0																																		
UCHL1	C152A	UCHL1_HUMAN	CHAIN;DOMAIN	Ubiquitin carboxyl-terminal hydrolase isozyme L1;UCH catalytic	proteolysis	UCHL1 -[Inhibition]-> Ub proteins -[Activation]-> proteolysis	26539913	0																																		
UCHL1	C90A	UCHL1_HUMAN	CHAIN;DOMAIN	Ubiquitin carboxyl-terminal hydrolase isozyme L1;UCH catalytic	Ataxia	UCHL1 -[Inhibition]-> Ataxia	33159930	0																																		
UCHL1	C90A	UCHL1_HUMAN	CHAIN;DOMAIN	Ubiquitin carboxyl-terminal hydrolase isozyme L1;UCH catalytic	Death	UCHL1 -[Inhibition]-> Death	33159930	0																																		
UCHL1	C90A	UCHL1_HUMAN	CHAIN;DOMAIN	Ubiquitin carboxyl-terminal hydrolase isozyme L1;UCH catalytic	cell death	UCHL1 -[Activation]-> cell death	33159930	0																																		
UCHL1	C90S	UCHL1_HUMAN	CHAIN;DOMAIN	Ubiquitin carboxyl-terminal hydrolase isozyme L1;UCH catalytic	apoptotic process	UCHL1 -[Inhibition]-> apoptotic process	22279545	0																																		
UCHL1	C90S	UCHL1_HUMAN	CHAIN;DOMAIN	Ubiquitin carboxyl-terminal hydrolase isozyme L1;UCH catalytic	cell cycle	UCHL1 -[Activation]-> cell cycle	22279545	0																																		
UCHL1	C90S	UCHL1_HUMAN	CHAIN;DOMAIN	Ubiquitin carboxyl-terminal hydrolase isozyme L1;UCH catalytic	cell growth	UCHL1 -[Inhibition]-> cell growth	22279545	0																																		
UCHL1	C90S	UCHL1_HUMAN	CHAIN;DOMAIN	Ubiquitin carboxyl-terminal hydrolase isozyme L1;UCH catalytic	cell population proliferation	UCHL1 -[Inhibition]-> cell population proliferation	22279545	0																																		
UCHL1	C90S	UCHL1_HUMAN	CHAIN;DOMAIN	Ubiquitin carboxyl-terminal hydrolase isozyme L1;UCH catalytic	metabolic process	UCHL1 -[Activation]-> metabolic process	28761052	0																																		
UCHL1	I93M	UCHL1_HUMAN	CHAIN;DOMAIN	Ubiquitin carboxyl-terminal hydrolase isozyme L1;UCH catalytic	Cell Survival	UCHL1 -[Inhibition]-> Cell Survival	22514658	1	27336	single nucleotide variant	NM_004181.5(UCHL1):c.279C>G (p.Ile93Met)	121917767	Parkinson disease 5, autosomal dominant, susceptibility to	risk factor	0.0																											
UCHL1	I93M	UCHL1_HUMAN	CHAIN;DOMAIN	Ubiquitin carboxyl-terminal hydrolase isozyme L1;UCH catalytic	Death	UCHL1 -[Activation]-> Death	19154770	1	27336	single nucleotide variant	NM_004181.5(UCHL1):c.279C>G (p.Ile93Met)	121917767	Parkinson disease 5, autosomal dominant, susceptibility to	risk factor	0.0																											
UCHL1	I93M	UCHL1_HUMAN	CHAIN;DOMAIN	Ubiquitin carboxyl-terminal hydrolase isozyme L1;UCH catalytic	autophagy	UCHL1 -[Inhibition]-> autophagy	22514658	1	27336	single nucleotide variant	NM_004181.5(UCHL1):c.279C>G (p.Ile93Met)	121917767	Parkinson disease 5, autosomal dominant, susceptibility to	risk factor	0.0																											
UCHL1	I93M	UCHL1_HUMAN	CHAIN;DOMAIN	Ubiquitin carboxyl-terminal hydrolase isozyme L1;UCH catalytic	proteolysis	UCHL1 -[Complex]-> mono-ubiquitin -[Activation]-> proteolysis	22514658	1	27336	single nucleotide variant	NM_004181.5(UCHL1):c.279C>G (p.Ile93Met)	121917767	Parkinson disease 5, autosomal dominant, susceptibility to	risk factor	0.0																											
UCHL1	I93M	UCHL1_HUMAN	CHAIN;DOMAIN	Ubiquitin carboxyl-terminal hydrolase isozyme L1;UCH catalytic	response to stress	UCHL1 -[Inhibition]-> Putative MORF4 family-associated protein 1-like protein UPP -[Activation]-> response to stress	25191222	1	27336	single nucleotide variant	NM_004181.5(UCHL1):c.279C>G (p.Ile93Met)	121917767	Parkinson disease 5, autosomal dominant, susceptibility to	risk factor	0.0																											
