variant_protein	variant_info	DomainProteinID	DomainFeature	DomainNote	biological_process/disease	chain	pmid	clinvar_match	#AlleleID	Type	Name	RS# (dbSNP)	disease_1	significance_1	star_1	disease_2	significance_2	star_2	disease_3	significance_3	star_3	disease_4	significance_4	star_4	disease_5	significance_5	star_5	disease_6	significance_6	star_6	disease_7	significance_7	star_7	disease_8	significance_8	star_8	disease_9	significance_9	star_9	disease_10	significance_10	star_10
UCP1	C253A	UCP1_HUMAN	CHAIN;REPEAT	Mitochondrial brown fat uncoupling protein 1;Solcar 3	Metabolic Diseases	UCP1 -[Inhibition]-> Metabolic Diseases	34861155	0																																		
UCP1	C253A	UCP1_HUMAN	CHAIN;REPEAT	Mitochondrial brown fat uncoupling protein 1;Solcar 3	Weight Gain	UCP1 -[Inhibition]-> Mice -[Activation]-> Weight Gain	34861155	0																																		
UCP1	C253A	UCP1_HUMAN	CHAIN;REPEAT	Mitochondrial brown fat uncoupling protein 1;Solcar 3	antigen processing and presentation	UCP1 -[Inhibition]-> antigen processing and presentation	34861155	0																																		
UCP1	C253A	UCP1_HUMAN	CHAIN;REPEAT	Mitochondrial brown fat uncoupling protein 1;Solcar 3	catabolic process	UCP1 -[Inhibition]-> Mice -[Activation]-> catabolic process	34861155	0																																		
UCP1	C253A	UCP1_HUMAN	CHAIN;REPEAT	Mitochondrial brown fat uncoupling protein 1;Solcar 3	diet induced thermogenesis	UCP1 -[Activation]-> diet induced thermogenesis	34861155	0																																		
UCP1	C253A	UCP1_HUMAN	CHAIN;REPEAT	Mitochondrial brown fat uncoupling protein 1;Solcar 3	electron transport chain	UCP1 -[Activation]-> electron transport chain	34861155	0																																		
UCP1	C253A	UCP1_HUMAN	CHAIN;REPEAT	Mitochondrial brown fat uncoupling protein 1;Solcar 3	inflammatory response	UCP1 -[Inhibition]-> inflammatory response	34861155	0																																		
UCP1	C253A	UCP1_HUMAN	CHAIN;REPEAT	Mitochondrial brown fat uncoupling protein 1;Solcar 3	leukocyte migration	UCP1 -[Activation]-> leukocyte migration	34861155	0																																		
UCP1	C253A	UCP1_HUMAN	CHAIN;REPEAT	Mitochondrial brown fat uncoupling protein 1;Solcar 3	protein oxidation	UCP1 -[Inhibition]-> protein oxidation	34861155	0																																		
UCP1	C253A	UCP1_HUMAN	CHAIN;REPEAT	Mitochondrial brown fat uncoupling protein 1;Solcar 3	tissue remodeling	UCP1 -[Inhibition]-> tissue remodeling	34861155	0																																		
UCP1	C95A	UCP1_HUMAN	CHAIN;REPEAT	Mitochondrial brown fat uncoupling protein 1;Solcar 1	UBE2	UCP1 -[Complex]-> UBE2	27685940	0																																		
UCP1	C95A	UCP1_HUMAN	CHAIN;REPEAT	Mitochondrial brown fat uncoupling protein 1;Solcar 1	proteolysis	UCP1 -[Activation]-> Ubiquitin -[Activation]-> proteolysis	27685940	0																																		
