variant_protein	variant_info	DomainProteinID	DomainFeature	DomainNote	biological_process/disease	chain	pmid	clinvar_match	#AlleleID	Type	Name	RS# (dbSNP)	disease_1	significance_1	star_1	disease_2	significance_2	star_2	disease_3	significance_3	star_3	disease_4	significance_4	star_4	disease_5	significance_5	star_5	disease_6	significance_6	star_6	disease_7	significance_7	star_7	disease_8	significance_8	star_8	disease_9	significance_9	star_9	disease_10	significance_10	star_10
USP19	C506S	UBP19_HUMAN	CHAIN;DOMAIN	Ubiquitin carboxyl-terminal hydrolase 19;USP	transcription, DNA-templated	USP19 -[Inhibition]-> transcription, DNA-templated	27129179	0																																		
USP19	C607S	UBP19_HUMAN	CHAIN;DOMAIN	Ubiquitin carboxyl-terminal hydrolase 19;USP	Death	USP19 -[Inhibition]-> Death	31511519	0																																		
USP19	C607S	UBP19_HUMAN	CHAIN;DOMAIN	Ubiquitin carboxyl-terminal hydrolase 19;USP	Infections	USP19 -[Inhibition]-> Infections	31511519	0																																		
USP19	C607S	UBP19_HUMAN	CHAIN;DOMAIN	Ubiquitin carboxyl-terminal hydrolase 19;USP	innate immune response	USP19 -[Deubiquitination]-> TRIM69 -[Activation]-> innate immune response	31511519	0																																		
USP19	C607S	UBP19_HUMAN	CHAIN;DOMAIN	Ubiquitin carboxyl-terminal hydrolase 19;USP	transcription, DNA-templated	USP19 -[Inhibition]-> lipopolysaccharide -[Activation]-> transcription, DNA-templated	31511519	0																																		
USP19	C607S	UBP19_HUMAN	CHAIN;DOMAIN	Ubiquitin carboxyl-terminal hydrolase 19;USP	translational termination	USP19 -[Activation]-> translational termination	31511519	0																																		
