variant_protein	variant_info	DomainProteinID	DomainFeature	DomainNote	biological_process/disease	chain	pmid	clinvar_match	#AlleleID	Type	Name	RS# (dbSNP)	disease_1	significance_1	star_1	disease_2	significance_2	star_2	disease_3	significance_3	star_3	disease_4	significance_4	star_4	disease_5	significance_5	star_5	disease_6	significance_6	star_6	disease_7	significance_7	star_7	disease_8	significance_8	star_8	disease_9	significance_9	star_9	disease_10	significance_10	star_10
USP15	C269A	UBP15_HUMAN	CHAIN	Ubiquitin carboxyl-terminal hydrolase 15	RIG-I signaling pathway	USP15 -[Activation]-> RIG-I signaling pathway	26061460	0																																		
USP15	C269A	UBP15_HUMAN	CHAIN	Ubiquitin carboxyl-terminal hydrolase 15	localization	USP15 -[DecreaseAmount]-> SART3 -[Activation]-> localization	28088760	0																																		
USP15	C269A	UBP15_HUMAN	CHAIN	Ubiquitin carboxyl-terminal hydrolase 15	signal transduction	USP15 -[Inhibition]-> signal transduction	26061460	0																																		
USP15	C269A	UBP15_HUMAN	CHAIN	Ubiquitin carboxyl-terminal hydrolase 15	type I interferon receptor binding	USP15 -[Activation]-> type I interferon receptor binding	26061460	0																																		
USP15	C269S	UBP15_HUMAN	CHAIN	Ubiquitin carboxyl-terminal hydrolase 15	Neoplasm Invasiveness	USP15 -[Deubiquitination]-> TGFB -[Activation]-> Neoplasm Invasiveness	27893708	0																																		
USP15	C269S	UBP15_HUMAN	CHAIN	Ubiquitin carboxyl-terminal hydrolase 15	Neoplasm Metastasis	USP15 -[Deubiquitination]-> TGFB -[Activation]-> Neoplasm Metastasis	27893708	0																																		
USP15	C269S	UBP15_HUMAN	CHAIN	Ubiquitin carboxyl-terminal hydrolase 15	apoptotic process	USP15 -[Deubiquitination]-> TP53 -[Activation]-> apoptotic process	27893708	0																																		
USP15	C269S	UBP15_HUMAN	CHAIN	Ubiquitin carboxyl-terminal hydrolase 15	cell cycle	USP15 -[Deubiquitination]-> TP53 -[Activation]-> cell cycle	27893708	0																																		
USP15	C269S	UBP15_HUMAN	CHAIN	Ubiquitin carboxyl-terminal hydrolase 15	cell growth	USP15 -[Deubiquitination]-> TGFB -[Inhibition]-> cell growth	27893708	0																																		
USP15	C269S	UBP15_HUMAN	CHAIN	Ubiquitin carboxyl-terminal hydrolase 15	cell motility	USP15 -[Deubiquitination]-> TGFB -[Activation]-> cell motility	27893708	0																																		
USP15	C269S	UBP15_HUMAN	CHAIN	Ubiquitin carboxyl-terminal hydrolase 15	cell population proliferation	USP15 -[Activation]-> cell population proliferation	27893708	0																																		
USP15	C269S	UBP15_HUMAN	CHAIN	Ubiquitin carboxyl-terminal hydrolase 15	transcription, DNA-templated	USP15 -[Deubiquitination]-> TP53 -[Activation]-> transcription, DNA-templated	27893708	0																																		
USP15	C269S	UBP15_HUMAN	CHAIN	Ubiquitin carboxyl-terminal hydrolase 15	translation	USP15 -[Deubiquitination]-> TGFB -[Activation]-> translation	27893708	0																																		
USP15	C298A	UBP15_HUMAN	CHAIN;DOMAIN	Ubiquitin carboxyl-terminal hydrolase 15;USP	cell differentiation	USP15 -[Inhibition]-> cell differentiation	27430721	0																																		
USP15	C298A	UBP15_HUMAN	CHAIN;DOMAIN	Ubiquitin carboxyl-terminal hydrolase 15;USP	immune response	USP15 -[Inhibition]-> Th17 -[Inhibition]-> immune response	27430721	0																																		
USP15	C298S	UBP15_HUMAN	CHAIN;DOMAIN	Ubiquitin carboxyl-terminal hydrolase 15;USP	cell growth	USP15 -[Inhibition]-> cell growth	29299163	0																																		
USP15	C298S	UBP15_HUMAN	CHAIN;DOMAIN	Ubiquitin carboxyl-terminal hydrolase 15;USP	cell population proliferation	USP15 -[Inhibition]-> cell population proliferation	29299163	0																																		
USP15	D967H	UBP15_HUMAN	CHAIN;REGION;COMPBIAS	Ubiquitin carboxyl-terminal hydrolase 15;Disordered;Acidic residues	DNA repair	USP15 -[Activation]-> DNA repair	30874560	0																																		
USP15	D967H	UBP15_HUMAN	CHAIN;REGION;COMPBIAS	Ubiquitin carboxyl-terminal hydrolase 15;Disordered;Acidic residues	homologous recombination	USP15 -[Inhibition]-> homologous recombination	30874560	0																																		
USP15	M861V	UBP15_HUMAN	CHAIN;DOMAIN	Ubiquitin carboxyl-terminal hydrolase 15;USP	DNA repair	USP15 -[Activation]-> DNA repair	30874560	0																																		
USP15	M861V	UBP15_HUMAN	CHAIN;DOMAIN	Ubiquitin carboxyl-terminal hydrolase 15;USP	homologous recombination	USP15 -[Inhibition]-> homologous recombination	30874560	0																																		
USP15	S678A	UBP15_HUMAN	CHAIN;DOMAIN;REGION	Ubiquitin carboxyl-terminal hydrolase 15;USP;Disordered	DNA repair	USP15 -[Activation]-> DNA repair	30874560	0																																		
USP15	S678A	UBP15_HUMAN	CHAIN;DOMAIN;REGION	Ubiquitin carboxyl-terminal hydrolase 15;USP;Disordered	homologous recombination	USP15 -[Inhibition]-> homologous recombination	30874560	0																																		
