variant_protein	variant_info	DomainProteinID	DomainFeature	DomainNote	biological_process/disease	chain	pmid	clinvar_match	#AlleleID	Type	Name	RS# (dbSNP)	disease_1	significance_1	star_1	disease_2	significance_2	star_2	disease_3	significance_3	star_3	disease_4	significance_4	star_4	disease_5	significance_5	star_5	disease_6	significance_6	star_6	disease_7	significance_7	star_7	disease_8	significance_8	star_8	disease_9	significance_9	star_9	disease_10	significance_10	star_10
USP48	C98S	UBP48_HUMAN	CHAIN;DOMAIN	Ubiquitin carboxyl-terminal hydrolase 48;USP	DNA Damage	USP48 -[Inhibition]-> RAD51 -[Complex]-> mitomycin C -[Activation]-> DNA Damage	29891926	0																																		
USP48	C98S	UBP48_HUMAN	CHAIN;DOMAIN	Ubiquitin carboxyl-terminal hydrolase 48;USP	DNA repair	USP48 -[Inhibition]-> DNA repair	29891926	0																																		
USP48	C98S	UBP48_HUMAN	CHAIN;DOMAIN	Ubiquitin carboxyl-terminal hydrolase 48;USP	Genomic Instability	USP48 -[Activation]-> Genomic Instability	29891926	0																																		
USP48	C98S	UBP48_HUMAN	CHAIN;DOMAIN	Ubiquitin carboxyl-terminal hydrolase 48;USP	chromatin remodeling	USP48 -[Inhibition]-> chromatin remodeling	29891926	0																																		
USP48	C98S	UBP48_HUMAN	CHAIN;DOMAIN	Ubiquitin carboxyl-terminal hydrolase 48;USP	homologous recombination	USP48 -[Inhibition]-> homologous recombination	29891926	0																																		
USP48	C98S	UBP48_HUMAN	CHAIN;DOMAIN	Ubiquitin carboxyl-terminal hydrolase 48;USP	localization	USP48 -[Inhibition]-> localization	29891926	0																																		
