variant_protein	variant_info	DomainProteinID	DomainFeature	DomainNote	biological_process/disease	chain	pmid	clinvar_match	#AlleleID	Type	Name	RS# (dbSNP)	disease_1	significance_1	star_1	disease_2	significance_2	star_2	disease_3	significance_3	star_3	disease_4	significance_4	star_4	disease_5	significance_5	star_5	disease_6	significance_6	star_6	disease_7	significance_7	star_7	disease_8	significance_8	star_8	disease_9	significance_9	star_9	disease_10	significance_10	star_10
UVRAG	L286F	UVRAG_HUMAN	CHAIN;REGION;COILED	UV radiation resistance-associated gene protein;;	DNA Damage	UVRAG -[Inhibition]-> DNA Damage	27203177	0																																		
UVRAG	L286F	UVRAG_HUMAN	CHAIN;REGION;COILED	UV radiation resistance-associated gene protein;;	autophagy	UVRAG -[Activation]-> autophagy	27203177	0																																		
UVRAG	L286F	UVRAG_HUMAN	CHAIN;REGION;COILED	UV radiation resistance-associated gene protein;;	proteolysis	UVRAG -[Activation]-> proteolysis	27203177	0																																		
UVRAG	S498A	UVRAG_HUMAN	CHAIN;REGION;REGION	UV radiation resistance-associated gene protein;;Disordered	autophagy	UVRAG -[Complex]-> mTORC1 -[Activation]-> autophagy	25533187	0																																		
UVRAG	S498A	UVRAG_HUMAN	CHAIN;REGION;REGION	UV radiation resistance-associated gene protein;;Disordered	cell population proliferation	UVRAG -[Inhibition]-> cell population proliferation	25533187	0																																		
