variant_protein	variant_info	DomainProteinID	DomainFeature	DomainNote	biological_process/disease	chain	pmid	clinvar_match	#AlleleID	Type	Name	RS# (dbSNP)	disease_1	significance_1	star_1	disease_2	significance_2	star_2	disease_3	significance_3	star_3	disease_4	significance_4	star_4	disease_5	significance_5	star_5	disease_6	significance_6	star_6	disease_7	significance_7	star_7	disease_8	significance_8	star_8	disease_9	significance_9	star_9	disease_10	significance_10	star_10
WARS1	E451Q	SYWC_HUMAN	CHAIN;CHAIN;CHAIN	Tryptophan--tRNA ligase, cytoplasmic;T1-TrpRS;T2-TrpRS	cell migration	WARS1 -[Activation]-> cell migration	27094087	0																																		
WARS1	E451Q	SYWC_HUMAN	CHAIN;CHAIN;CHAIN	Tryptophan--tRNA ligase, cytoplasmic;T1-TrpRS;T2-TrpRS	chemotaxis	WARS1 -[Inhibition]-> chemotaxis	27094087	0																																		
WARS1	K114Q	SYWC_HUMAN	CHAIN;CHAIN;CHAIN	Tryptophan--tRNA ligase, cytoplasmic;T1-TrpRS;T2-TrpRS	cell migration	WARS1 -[Activation]-> cell migration	27094087	0																																		
WARS1	K114Q	SYWC_HUMAN	CHAIN;CHAIN;CHAIN	Tryptophan--tRNA ligase, cytoplasmic;T1-TrpRS;T2-TrpRS	chemotaxis	WARS1 -[Inhibition]-> chemotaxis	27094087	0																																		
WARS1	K418Q	SYWC_HUMAN	CHAIN;CHAIN;CHAIN	Tryptophan--tRNA ligase, cytoplasmic;T1-TrpRS;T2-TrpRS	cell migration	WARS1 -[Activation]-> cell migration	27094087	0																																		
WARS1	K418Q	SYWC_HUMAN	CHAIN;CHAIN;CHAIN	Tryptophan--tRNA ligase, cytoplasmic;T1-TrpRS;T2-TrpRS	chemotaxis	WARS1 -[Inhibition]-> chemotaxis	27094087	0																																		
WARS1	Q194A	SYWC_HUMAN	CHAIN;CHAIN;CHAIN	Tryptophan--tRNA ligase, cytoplasmic;T1-TrpRS;T2-TrpRS	ligase activity	WARS1 -[Complex]-> CDH5 -[Complex]-> ligase activity	20010843	0																																		
WARS1	Y159A	SYWC_HUMAN	CHAIN;CHAIN;CHAIN	Tryptophan--tRNA ligase, cytoplasmic;T1-TrpRS;T2-TrpRS	ligase activity	WARS1 -[Complex]-> CDH5 -[Complex]-> ligase activity	20010843	0																																		
