variant_protein	variant_info	DomainProteinID	DomainFeature	DomainNote	biological_process/disease	chain	pmid	clinvar_match	#AlleleID	Type	Name	RS# (dbSNP)	disease_1	significance_1	star_1	disease_2	significance_2	star_2	disease_3	significance_3	star_3	disease_4	significance_4	star_4	disease_5	significance_5	star_5	disease_6	significance_6	star_6	disease_7	significance_7	star_7	disease_8	significance_8	star_8	disease_9	significance_9	star_9	disease_10	significance_10	star_10
WASF2	S343A	WASF2_HUMAN	CHAIN;REGION;COMPBIAS	Actin-binding protein WASF2;Disordered;Pro residues	cell migration	WASF2 -[Activation]-> cell migration	23354023	0																																		
WASF2	S343A	WASF2_HUMAN	CHAIN;REGION;COMPBIAS	Actin-binding protein WASF2;Disordered;Pro residues	localization	WASF2 -[Dephosphorylation]-> ABI1 -[Activation]-> localization	23354023	0																																		
WASF2	S351A	WASF2_HUMAN	CHAIN;REGION;COMPBIAS	Actin-binding protein WASF2;Disordered;Pro residues	cell migration	WASF2 -[Activation]-> cell migration	23354023	0																																		
WASF2	S351A	WASF2_HUMAN	CHAIN;REGION;COMPBIAS	Actin-binding protein WASF2;Disordered;Pro residues	localization	WASF2 -[Dephosphorylation]-> ABI1 -[Activation]-> localization	23354023	0																																		
WASF2	T346A	WASF2_HUMAN	CHAIN;REGION;COMPBIAS	Actin-binding protein WASF2;Disordered;Pro residues	cell migration	WASF2 -[Activation]-> cell migration	23354023	0																																		
WASF2	T346A	WASF2_HUMAN	CHAIN;REGION;COMPBIAS	Actin-binding protein WASF2;Disordered;Pro residues	localization	WASF2 -[Dephosphorylation]-> ABI1 -[Activation]-> localization	23354023	0																																		
WASF2	Y150F	WASF2_HUMAN	CHAIN	Actin-binding protein WASF2	cell migration	WASF2 -[Activation]-> cell migration	23354023	0																																		
WASF2	Y150F	WASF2_HUMAN	CHAIN	Actin-binding protein WASF2	localization	WASF2 -[Dephosphorylation]-> ABI1 -[Activation]-> localization	23354023	0																																		
