variant_protein	variant_info	DomainProteinID	DomainFeature	DomainNote	biological_process/disease	chain	pmid	clinvar_match	#AlleleID	Type	Name	RS# (dbSNP)	disease_1	significance_1	star_1	disease_2	significance_2	star_2	disease_3	significance_3	star_3	disease_4	significance_4	star_4	disease_5	significance_5	star_5	disease_6	significance_6	star_6	disease_7	significance_7	star_7	disease_8	significance_8	star_8	disease_9	significance_9	star_9	disease_10	significance_10	star_10
WDR48	L580F	WDR48_HUMAN	CHAIN	WD repeat-containing protein 48	Carcinogenesis	WDR48 -[Deubiquitination]-> PHLPP1 -[Inhibition]-> Carcinogenesis	24145035	0																																		
WDR48	L580F	WDR48_HUMAN	CHAIN	WD repeat-containing protein 48	Cell Survival	WDR48 -[Inhibition]-> Cell Survival	24145035	0																																		
WDR48	L580F	WDR48_HUMAN	CHAIN	WD repeat-containing protein 48	apoptotic process	WDR48 -[Activation]-> apoptotic process	24145035	0																																		
WDR48	L580F	WDR48_HUMAN	CHAIN	WD repeat-containing protein 48	cell growth	WDR48 -[Deubiquitination]-> PHLPP1 -[Inhibition]-> cell growth	24145035	0																																		
WDR48	L580F	WDR48_HUMAN	CHAIN	WD repeat-containing protein 48	cell population proliferation	WDR48 -[Inhibition]-> cell population proliferation	24145035	0																																		
