variant_protein	variant_info	DomainProteinID	DomainFeature	DomainNote	biological_process/disease	chain	pmid	clinvar_match	#AlleleID	Type	Name	RS# (dbSNP)	disease_1	significance_1	star_1	disease_2	significance_2	star_2	disease_3	significance_3	star_3	disease_4	significance_4	star_4	disease_5	significance_5	star_5	disease_6	significance_6	star_6	disease_7	significance_7	star_7	disease_8	significance_8	star_8	disease_9	significance_9	star_9	disease_10	significance_10	star_10
XRCC4	A247S	XRCC4_HUMAN	CHAIN;REGION	DNA repair protein XRCC4;Disordered	DNA damage checkpoint	XRCC4 -[Inhibition]-> DNA damage checkpoint	25360583	1	1248485	single nucleotide variant	NM_003401.5(XRCC4):c.739G>T (p.Ala247Ser)	3734091	not provided	Benign	2.0																											
XRCC4	A247S	XRCC4_HUMAN	CHAIN;REGION	DNA repair protein XRCC4;Disordered	Genomic Instability	XRCC4 -[Inhibition]-> Genomic Instability	25360583	1	1248485	single nucleotide variant	NM_003401.5(XRCC4):c.739G>T (p.Ala247Ser)	3734091	not provided	Benign	2.0																											
XRCC4	A247S	XRCC4_HUMAN	CHAIN;REGION	DNA repair protein XRCC4;Disordered	localization	XRCC4 -[Activation]-> localization	25360583	1	1248485	single nucleotide variant	NM_003401.5(XRCC4):c.739G>T (p.Ala247Ser)	3734091	not provided	Benign	2.0																											
XRCC4	K210R	XRCC4_HUMAN	CHAIN;REGION;REGION;COILED	DNA repair protein XRCC4;Interaction with IFFO1;Interaction with LIG4;	localization	XRCC4 -[Activation]-> localization	25934149	1	1910855	single nucleotide variant	NM_003401.5(XRCC4):c.629A>G (p.Lys210Arg)	-1	not provided	Uncertain significance	2.0	Short stature, microcephaly, and endocrine dysfunction																										
XRCC4	N326L	XRCC4_HUMAN	CHAIN;CHAIN;REGION;COMPBIAS	DNA repair protein XRCC4;Protein XRCC4, C-terminus;Disordered;Polar residues	localization	XRCC4 -[Activation]-> localization	25597996	0																																		
XRCC4	T233A	XRCC4_HUMAN	CHAIN;REGION;COMPBIAS	DNA repair protein XRCC4;Disordered;Acidic residues	Radiation, Ionizing	XRCC4 -[Activation]-> PNKP -[Activation]-> Radiation, Ionizing	21353781	0																																		
