variant_protein	variant_info	DomainProteinID	DomainFeature	DomainNote	biological_process/disease	chain	pmid	clinvar_match	#AlleleID	Type	Name	RS# (dbSNP)	disease_1	significance_1	star_1	disease_2	significance_2	star_2	disease_3	significance_3	star_3	disease_4	significance_4	star_4	disease_5	significance_5	star_5	disease_6	significance_6	star_6	disease_7	significance_7	star_7	disease_8	significance_8	star_8	disease_9	significance_9	star_9	disease_10	significance_10	star_10
ZBTB7A	R399L	ZBT7A_HUMAN	CHAIN;ZN_FING;REGION;REGION;REGION	Zinc finger and BTB domain-containing protein 7A;C2H2-type 1;Mediates interaction with KHDRBS1;Mediates interaction with RELA;Mediates interaction with SMAD4	Neoplasm Invasiveness	ZBTB7A -[Inhibition]-> Neoplasm Invasiveness	25995384	0																																		
ZBTB7A	R399L	ZBT7A_HUMAN	CHAIN;ZN_FING;REGION;REGION;REGION	Zinc finger and BTB domain-containing protein 7A;C2H2-type 1;Mediates interaction with KHDRBS1;Mediates interaction with RELA;Mediates interaction with SMAD4	Neoplasm Metastasis	ZBTB7A -[Inhibition]-> Neoplasm Metastasis	25995384	0																																		
ZBTB7A	R399L	ZBT7A_HUMAN	CHAIN;ZN_FING;REGION;REGION;REGION	Zinc finger and BTB domain-containing protein 7A;C2H2-type 1;Mediates interaction with KHDRBS1;Mediates interaction with RELA;Mediates interaction with SMAD4	Stomach Neoplasms	ZBTB7A -[Complex]-> Stomach Neoplasms	25995384	0																																		
ZBTB7A	R399L	ZBT7A_HUMAN	CHAIN;ZN_FING;REGION;REGION;REGION	Zinc finger and BTB domain-containing protein 7A;C2H2-type 1;Mediates interaction with KHDRBS1;Mediates interaction with RELA;Mediates interaction with SMAD4	cell adhesion	ZBTB7A -[DecreaseAmount]-> MCAM -[Activation]-> cell adhesion	25995384	0																																		
