variant_protein	variant_info	DomainProteinID	DomainFeature	DomainNote	biological_process/disease	chain	pmid	clinvar_match	#AlleleID	Type	Name	RS# (dbSNP)	disease_1	significance_1	star_1	disease_2	significance_2	star_2	disease_3	significance_3	star_3	disease_4	significance_4	star_4	disease_5	significance_5	star_5	disease_6	significance_6	star_6	disease_7	significance_7	star_7	disease_8	significance_8	star_8	disease_9	significance_9	star_9	disease_10	significance_10	star_10
ZC3H12C	D251N	ZC12C_HUMAN	CHAIN;DOMAIN	Probable ribonuclease ZC3H12C;RNase NYN	Cell Survival	ZC3H12C -[Inhibition]-> Cell Survival	29751537	0																																		
ZC3H12C	D251N	ZC12C_HUMAN	CHAIN;DOMAIN	Probable ribonuclease ZC3H12C;RNase NYN	Neoplasm Invasiveness	ZC3H12C -[Inhibition]-> Neoplasm Invasiveness	29751537	0																																		
ZC3H12C	D251N	ZC12C_HUMAN	CHAIN;DOMAIN	Probable ribonuclease ZC3H12C;RNase NYN	apoptotic process	ZC3H12C -[Activation]-> apoptotic process	29751537	0																																		
ZC3H12C	D251N	ZC12C_HUMAN	CHAIN;DOMAIN	Probable ribonuclease ZC3H12C;RNase NYN	cell adhesion	ZC3H12C -[DecreaseAmount]-> VCAM1 -[Inhibition]-> cell adhesion	29751537	0																																		
ZC3H12C	D251N	ZC12C_HUMAN	CHAIN;DOMAIN	Probable ribonuclease ZC3H12C;RNase NYN	cell growth	ZC3H12C -[Inhibition]-> cell growth	29751537	0																																		
ZC3H12C	D251N	ZC12C_HUMAN	CHAIN;DOMAIN	Probable ribonuclease ZC3H12C;RNase NYN	cell migration	ZC3H12C -[Inhibition]-> cell migration	29751537	0																																		
ZC3H12C	D251N	ZC12C_HUMAN	CHAIN;DOMAIN	Probable ribonuclease ZC3H12C;RNase NYN	epithelial to mesenchymal transition	ZC3H12C -[DecreaseAmount]-> epithelial to mesenchymal transition	29751537	0																																		
ZC3H12C	D251N	ZC12C_HUMAN	CHAIN;DOMAIN	Probable ribonuclease ZC3H12C;RNase NYN	inflammatory response	ZC3H12C -[Activation]-> inflammatory response	29751537	0																																		
