variant_protein	variant_info	DomainProteinID	DomainFeature	DomainNote	biological_process/disease	chain	pmid	clinvar_match	#AlleleID	Type	Name	RS# (dbSNP)	disease_1	significance_1	star_1	disease_2	significance_2	star_2	disease_3	significance_3	star_3	disease_4	significance_4	star_4	disease_5	significance_5	star_5	disease_6	significance_6	star_6	disease_7	significance_7	star_7	disease_8	significance_8	star_8	disease_9	significance_9	star_9	disease_10	significance_10	star_10
ZEB1	E2F	ZEB1_HUMAN	CHAIN;REGION	Zinc finger E-box-binding homeobox 1;Disordered	Neoplasm Invasiveness	ZEB1 -[IncreaseAmount]-> UHRF1 -[Activation]-> Neoplasm Invasiveness	28881702	0																																		
ZEB1	E2F	ZEB1_HUMAN	CHAIN;REGION	Zinc finger E-box-binding homeobox 1;Disordered	apoptotic process	ZEB1 -[IncreaseAmount]-> UHRF1 -[Activation]-> apoptotic process	28881702	0																																		
ZEB1	E2F	ZEB1_HUMAN	CHAIN;REGION	Zinc finger E-box-binding homeobox 1;Disordered	cell cycle	ZEB1 -[IncreaseAmount]-> UHRF1 -[Inhibition]-> cell cycle	28881702	0																																		
ZEB1	E2F	ZEB1_HUMAN	CHAIN;REGION	Zinc finger E-box-binding homeobox 1;Disordered	cell population proliferation	ZEB1 -[Activation]-> cell population proliferation	30532557	0																																		
ZEB1	E2F	ZEB1_HUMAN	CHAIN;REGION	Zinc finger E-box-binding homeobox 1;Disordered	cell population proliferation	ZEB1 -[Activation]-> cell population proliferation	32703494	0																																		
ZEB1	E2F	ZEB1_HUMAN	CHAIN;REGION	Zinc finger E-box-binding homeobox 1;Disordered	cell population proliferation	ZEB1 -[IncreaseAmount]-> UHRF1 -[Inhibition]-> cell population proliferation	28881702	0																																		
