variant_protein	variant_info	DomainProteinID	DomainFeature	DomainNote	biological_process/disease	chain	pmid	clinvar_match	#AlleleID	Type	Name	RS# (dbSNP)	disease_1	significance_1	star_1	disease_2	significance_2	star_2	disease_3	significance_3	star_3	disease_4	significance_4	star_4	disease_5	significance_5	star_5	disease_6	significance_6	star_6	disease_7	significance_7	star_7	disease_8	significance_8	star_8	disease_9	significance_9	star_9	disease_10	significance_10	star_10
ZMYND8	D104A	ZMYD8_HUMAN	CHAIN;ZN_FING;REGION;REGION;REGION;REGION	;PHD-type;Required for interaction with CCNT1;Interaction with histone H3K14ac;Interaction with histone H3K4me0;	Carcinogenesis	ZMYND8 -[Inhibition]-> Carcinogenesis	32832624	0																																		
ZMYND8	D104A	ZMYD8_HUMAN	CHAIN;ZN_FING;REGION;REGION;REGION;REGION	;PHD-type;Required for interaction with CCNT1;Interaction with histone H3K14ac;Interaction with histone H3K4me0;	Major Histocompatibility Complex	ZMYND8 -[Complex]-> Major Histocompatibility Complex	32832624	0																																		
ZMYND8	D104A	ZMYD8_HUMAN	CHAIN;ZN_FING;REGION;REGION;REGION;REGION	;PHD-type;Required for interaction with CCNT1;Interaction with histone H3K14ac;Interaction with histone H3K4me0;	Neoplasm Invasiveness	ZMYND8 -[Inhibition]-> Neoplasm Invasiveness	32832624	0																																		
ZMYND8	D104A	ZMYD8_HUMAN	CHAIN;ZN_FING;REGION;REGION;REGION;REGION	;PHD-type;Required for interaction with CCNT1;Interaction with histone H3K14ac;Interaction with histone H3K4me0;	Neoplasm Metastasis	ZMYND8 -[Inhibition]-> Neoplasm Metastasis	32832624	0																																		
ZMYND8	D104A	ZMYD8_HUMAN	CHAIN;ZN_FING;REGION;REGION;REGION;REGION	;PHD-type;Required for interaction with CCNT1;Interaction with histone H3K14ac;Interaction with histone H3K4me0;	Neoplasms	ZMYND8 -[Activation]-> H3.3G34R -[Activation]-> Neoplasms	32832624	0																																		
ZMYND8	D104A	ZMYD8_HUMAN	CHAIN;ZN_FING;REGION;REGION;REGION;REGION	;PHD-type;Required for interaction with CCNT1;Interaction with histone H3K14ac;Interaction with histone H3K4me0;	cell differentiation	ZMYND8 -[Activation]-> cell differentiation	32832624	0																																		
ZMYND8	D104A	ZMYD8_HUMAN	CHAIN;ZN_FING;REGION;REGION;REGION;REGION	;PHD-type;Required for interaction with CCNT1;Interaction with histone H3K14ac;Interaction with histone H3K4me0;	cell migration	ZMYND8 -[Inhibition]-> cell migration	32832624	0																																		
ZMYND8	D104A	ZMYD8_HUMAN	CHAIN;ZN_FING;REGION;REGION;REGION;REGION	;PHD-type;Required for interaction with CCNT1;Interaction with histone H3K14ac;Interaction with histone H3K4me0;	immune response	ZMYND8 -[DecreaseAmount]-> CIITA -[Inhibition]-> immune response	32832624	0																																		
ZMYND8	D104A	ZMYD8_HUMAN	CHAIN;ZN_FING;REGION;REGION;REGION;REGION	;PHD-type;Required for interaction with CCNT1;Interaction with histone H3K14ac;Interaction with histone H3K4me0;	transcription, DNA-templated	ZMYND8 -[Inhibition]-> transcription, DNA-templated	32832624	0																																		
